codigo,x,y,topico,etiqueta_topico
1048-75-LE26,16.8006,11.6632,1,"produccion, habitabilidad, navidad, juguetes"
1057055-81-LP26,13.5616,3.2858,2,"ninos, provincial, rio, jose"
1057384-150-L126,13.0735,4.2215,-1,Sin tema
1057404-84-LE26,13.9003,3.9526,-1,Sin tema
1057473-16-LE26,13.502,9.2892,-1,Sin tema
1057474-32-LP26,15.1687,7.9743,-1,Sin tema
1057489-303-LE26,14.514,7.4559,-1,Sin tema
1057501-374-LR26,14.6039,7.8141,-1,Sin tema
1057509-298-LP26,15.1461,9.5012,0,"mejoramiento, construccion, plaza, reposicion"
1057536-127-LE26,16.4408,4.8618,6,"alimentacion, break, alojamiento, com"
1057547-172-LP26,15.2104,8.4065,0,"mejoramiento, construccion, plaza, reposicion"
1057898-44-LP26,5.8943,2.9906,20,"protesis, removibles, instrumental, destinado"
1058071-18-LP26,13.7519,4.4904,-1,Sin tema
1062448-9-LE26,14.0944,10.8858,0,"mejoramiento, construccion, plaza, reposicion"
1070620-106-LP26,14.4752,4.573,7,"medicamentos, medicos, farmacos, insumos medicos"
1070620-110-LP26,14.8774,8.401,0,"mejoramiento, construccion, plaza, reposicion"
1075963-421-LE26,14.1805,5.626,8,"odontologicos, insumos odontologicos, instrumental, anatomia"
1077920-6-LE26,15.9898,8.6545,0,"mejoramiento, construccion, plaza, reposicion"
1110404-209-L126,9.8325,11.7035,25,"audiovisual, instrumentos, musica, audiovisuales"
1110404-212-L126,13.2923,13.6257,4,"cursos, educacionales, establecimientos educacionales, chinchorro"
1149-14-O126,17.0594,9.0013,0,"mejoramiento, construccion, plaza, reposicion"
1149-16-O126,16.1412,10.2906,-1,Sin tema
1149-42-O124,15.8891,7.7108,0,"mejoramiento, construccion, plaza, reposicion"
1175-88-LE26,5.9271,2.9484,20,"protesis, removibles, instrumental, destinado"
1186229-28-LE26,13.701,10.8692,0,"mejoramiento, construccion, plaza, reposicion"
1186229-31-LE26,14.0572,9.9797,-1,Sin tema
1191688-75-LP26,15.8631,10.8641,26,"municipales, salud solicitud, area salud, solicitud"
1195-34-LE26,16.2859,7.9277,0,"mejoramiento, construccion, plaza, reposicion"
1202333-90-LE26,16.8991,9.8997,-1,Sin tema
1221016-36-L126,14.9511,10.04,-1,Sin tema
1230750-17-L126,15.1501,7.6488,0,"mejoramiento, construccion, plaza, reposicion"
1237328-73-CO26,12.4921,9.05,22,"aire, aire acondicionado, acondicionado, fuera"
1242125-6-LE26,13.4625,4.2187,-1,Sin tema
1274285-54-CO26,12.1465,8.6923,-1,Sin tema
1332-12-LP26,14.6436,10.0252,0,"mejoramiento, construccion, plaza, reposicion"
1336-18-LP26,14.8513,9.3935,0,"mejoramiento, construccion, plaza, reposicion"
1340-47-LP26,12.6831,10.8968,5,"seguridad, guardias, proteccion, proteccion personal"
1375158-2-LP26,14.6888,8.3526,0,"mejoramiento, construccion, plaza, reposicion"
1375753-38-LE26,15.1074,7.73,0,"mejoramiento, construccion, plaza, reposicion"
1375760-10-LE26,11.562,11.4742,-1,Sin tema
1422039-29-LE26,16.5294,11.8981,1,"produccion, habitabilidad, navidad, juguetes"
1426099-10-LE26,14.3974,9.5656,0,"mejoramiento, construccion, plaza, reposicion"
1426102-5-LE26,16.7118,4.6531,6,"alimentacion, break, alojamiento, com"
1428275-13-L126,17.8225,10.4785,21,"cultural, produccion, artes, culturales"
1430395-1-LE26,16.6101,9.9946,-1,Sin tema
1469-182-L126,15.4318,10.2537,-1,Sin tema
1499-171-LR26,13.4235,5.5727,-1,Sin tema
1532-56-LP26,14.1169,4.6226,7,"medicamentos, medicos, farmacos, insumos medicos"
1549-70-LR26,15.7306,8.0168,0,"mejoramiento, construccion, plaza, reposicion"
1626-18-L126,13.5786,4.7318,-1,Sin tema
1641-238-LP26,14.7725,10.1186,0,"mejoramiento, construccion, plaza, reposicion"
1641-254-LE26,14.5306,5.9268,8,"odontologicos, insumos odontologicos, instrumental, anatomia"
1656-17-LE26,14.8266,10.2358,0,"mejoramiento, construccion, plaza, reposicion"
1725-201-LE26,17.6244,10.1852,21,"cultural, produccion, artes, culturales"
1735-57-LP26,10.9637,8.4818,3,"materiales, material, materiales construccion, proyecto"
1952-86-LP26,13.5143,3.2911,2,"ninos, provincial, rio, jose"
1952-87-LP26,10.7139,9.6754,13,"electrico, electrica, electricos, sistema electrico"
2007-3-LE26,11.2296,8.1591,3,"materiales, material, materiales construccion, proyecto"
2013-9-LE26,5.9494,2.9221,20,"protesis, removibles, instrumental, destinado"
2048-67-LE26,14.607,8.6614,-1,Sin tema
2107-163-LE26,10.7259,10.9305,-1,Sin tema
2140-11-LE26,13.3584,3.4795,2,"ninos, provincial, rio, jose"
2199-15-L126,12.9945,9.135,22,"aire, aire acondicionado, acondicionado, fuera"
2258-188-LE26,12.409,6.7483,11,"sol, solucion, solicitud, ecs"
2263-94-LE26,13.106,9.262,-1,Sin tema
2282-113-LE26,15.9723,11.7341,1,"produccion, habitabilidad, navidad, juguetes"
2308-76-LE26,16.1742,11.8652,1,"produccion, habitabilidad, navidad, juguetes"
2408-200-LE26,14.3563,10.5048,0,"mejoramiento, construccion, plaza, reposicion"
2416-26-LE26,15.1725,10.8528,18,"produccion, produccion integral, integral, produccion eventos"
2423-67-LE26,10.8763,11.716,28,"televigilancia, sistema, instalacion sistema, instalacion"
2428-82-B226,16.3936,10.0375,0,"mejoramiento, construccion, plaza, reposicion"
2434-24-LR26,11.4892,12.0592,14,"internet, fija, movil, satelital"
2446-237-LP26,16.5101,8.0158,0,"mejoramiento, construccion, plaza, reposicion"
2446-288-LE26,10.9384,8.4673,3,"materiales, material, materiales construccion, proyecto"
2467-60-L126,14.5799,7.9394,0,"mejoramiento, construccion, plaza, reposicion"
2467-95-L126,14.9546,10.746,18,"produccion, produccion integral, integral, produccion eventos"
2483-251-LP26,16.5514,11.4464,1,"produccion, habitabilidad, navidad, juguetes"
2548-74-LE26,11.5976,11.3718,-1,Sin tema
2658-337-L126,15.6118,8.2753,0,"mejoramiento, construccion, plaza, reposicion"
2675-113-LP26,16.436,8.7109,0,"mejoramiento, construccion, plaza, reposicion"
2675-118-LE26,13.6743,13.1787,4,"cursos, educacionales, establecimientos educacionales, chinchorro"
2735-140-LE26,13.8111,13.1201,4,"cursos, educacionales, establecimientos educacionales, chinchorro"
2771-62-LR26,16.0717,10.5864,26,"municipales, salud solicitud, area salud, solicitud"
1057049-359-LP26,14.4631,6.7415,15,"bmc, equipos, repuestos, chee"
1057049-360-LE26,14.7184,6.8199,-1,Sin tema
1057049-361-LE26,13.5872,5.5653,-1,Sin tema
1057390-47-LP26,16.3318,6.4423,-1,Sin tema
1057402-163-LP26,14.2403,7.6326,-1,Sin tema
1057404-80-LE26,13.5061,3.2434,2,"ninos, provincial, rio, jose"
1057476-42-LE26,14.2883,10.1839,0,"mejoramiento, construccion, plaza, reposicion"
1057489-287-LP26,13.5116,2.8388,2,"ninos, provincial, rio, jose"
1057489-301-LE26,12.1715,9.1827,-1,Sin tema
1057501-375-LR26,14.4179,7.3454,-1,Sin tema
1057509-253-LE26,14.4758,10.0535,0,"mejoramiento, construccion, plaza, reposicion"
1057822-55-LE26,5.9244,2.9507,20,"protesis, removibles, instrumental, destinado"
1057944-5-LP26,14.0761,5.1223,8,"odontologicos, insumos odontologicos, instrumental, anatomia"
1058097-17-LP26,13.7935,3.7998,-1,Sin tema
1058132-41-LR26,13.9514,4.4218,-1,Sin tema
1059082-19-LP26,15.7751,8.9736,0,"mejoramiento, construccion, plaza, reposicion"
1063487-30-LP26,14.0276,10.9565,0,"mejoramiento, construccion, plaza, reposicion"
1063538-183-LP26,12.6327,8.8121,-1,Sin tema
1070620-109-LE26,14.001,13.0034,4,"cursos, educacionales, establecimientos educacionales, chinchorro"
1075963-390-LE26,10.807,9.6336,13,"electrico, electrica, electricos, sistema electrico"
1082957-17-LE26,15.6085,10.4508,-1,Sin tema
1096-16-LE26,15.5545,9.2495,0,"mejoramiento, construccion, plaza, reposicion"
1110404-206-L126,13.2554,13.601,4,"cursos, educacionales, establecimientos educacionales, chinchorro"
1110404-214-L126,16.147,9.5985,0,"mejoramiento, construccion, plaza, reposicion"
1126922-39-LE26,13.3951,13.5502,4,"cursos, educacionales, establecimientos educacionales, chinchorro"
1129-7-L126,15.4245,9.4109,-1,Sin tema
1149-30-O125,17.611,7.9286,-1,Sin tema
1153625-9-L126,12.3641,12.5733,12,"software, licencias, renovacion, renovacion licencias"
1175-73-LP26,14.9075,10.148,-1,Sin tema
1181235-7-LR26,17.6559,9.1115,-1,Sin tema
1191688-76-LE26,11.5364,12.0362,14,"internet, fija, movil, satelital"
1208099-7-LE26,14.2844,10.1538,0,"mejoramiento, construccion, plaza, reposicion"
1232565-38-L126,12.7562,8.1147,-1,Sin tema
1335444-6-LE26,16.0461,8.825,0,"mejoramiento, construccion, plaza, reposicion"
1375753-37-LP26,14.8877,9.1332,-1,Sin tema
1375753-39-LE26,11.4124,11.9122,14,"internet, fija, movil, satelital"
1389183-64-LP26,16.611,8.3517,0,"mejoramiento, construccion, plaza, reposicion"
1002772-107-LE26,14.5154,4.9785,-1,Sin tema
1019-112-LE26,14.6154,7.953,0,"mejoramiento, construccion, plaza, reposicion"
1019-115-LE26,15.0117,8.6831,-1,Sin tema
1021609-24-LP26,13.8245,3.5836,2,"ninos, provincial, rio, jose"
1036569-11-LE26,15.6563,8.6047,0,"mejoramiento, construccion, plaza, reposicion"
1048-71-LP26,13.5153,11.7759,10,"transporte, escolar, turismo, disposicion"
1053139-8-LE26,13.1808,9.0302,22,"aire, aire acondicionado, acondicionado, fuera"
1057049-254-LP26,13.7,6.7707,15,"bmc, equipos, repuestos, chee"
1057049-354-LE26,10.8264,9.3432,13,"electrico, electrica, electricos, sistema electrico"
1057402-131-LE26,11.8797,8.0651,-1,Sin tema
1057402-161-LP26,15.0763,9.1695,0,"mejoramiento, construccion, plaza, reposicion"
1057417-232-LP26,15.4726,9.6737,0,"mejoramiento, construccion, plaza, reposicion"
1057472-110-LE26,13.0161,9.5906,23,"sistema, tecnico, sistemas, control"
1057501-287-LP26,14.0127,7.5349,-1,Sin tema
1057501-501-LE26,15.5515,6.8278,0,"mejoramiento, construccion, plaza, reposicion"
1057501-531-LE26,12.9749,7.7233,-1,Sin tema
1057501-564-LE26,12.9877,7.7356,-1,Sin tema
1057509-321-LE26,15.3384,8.5773,0,"mejoramiento, construccion, plaza, reposicion"
1057536-122-L126,13.5131,3.2979,2,"ninos, provincial, rio, jose"
1057547-316-LE26,15.2888,5.087,27,"biobio, zona, carabineros, compatible"
1057962-6-LE26,13.4483,3.1373,2,"ninos, provincial, rio, jose"
1057975-4-LP26,13.4276,3.1956,2,"ninos, provincial, rio, jose"
1058095-50-LP26,12.0965,6.5347,11,"sol, solucion, solicitud, ecs"
1063535-17-LP26,16.5646,6.6441,24,"farmacia, planta, farmacos, plantas"
1075963-170-LP26,12.8158,8.3844,-1,Sin tema
1075963-286-LP26,15.3978,8.5942,0,"mejoramiento, construccion, plaza, reposicion"
1079563-34-LE26,15.717,8.9593,-1,Sin tema
1106-24-LE26,13.0673,10.1115,-1,Sin tema
1113159-21-L126,14.2279,4.4968,7,"medicamentos, medicos, farmacos, insumos medicos"
1113403-32-LP26,15.6177,9.0082,0,"mejoramiento, construccion, plaza, reposicion"
1133353-48-LE26,17.501,8.2115,0,"mejoramiento, construccion, plaza, reposicion"
1142-15-LP26,17.189,9.3368,0,"mejoramiento, construccion, plaza, reposicion"
1149-15-O126,16.3082,9.8195,-1,Sin tema
1175-62-LE26,11.6019,7.6329,-1,Sin tema
1198-34-LE26,16.6672,9.1397,0,"mejoramiento, construccion, plaza, reposicion"
1202333-66-LP26,17.1642,9.0065,0,"mejoramiento, construccion, plaza, reposicion"
1208099-5-LE26,11.859,11.3138,-1,Sin tema
1208107-4-LE26,13.7418,12.984,4,"cursos, educacionales, establecimientos educacionales, chinchorro"
1211839-71-LR26,14.7975,9.7784,0,"mejoramiento, construccion, plaza, reposicion"
1216088-25-CO26,14.4521,8.9894,-1,Sin tema
1233619-47-LP26,15.7543,7.1507,0,"mejoramiento, construccion, plaza, reposicion"
1003-28-LP26,15.8071,8.7595,0,"mejoramiento, construccion, plaza, reposicion"
1016-7-O126,12.665,7.8511,-1,Sin tema
1049-77-LE26,13.5615,10.0099,29,"mantencion preventiva, preventiva, preventiva correctiva, correctiva"
1057049-362-LE26,14.7949,7.1123,-1,Sin tema
1057417-231-LP26,16.2569,7.7908,0,"mejoramiento, construccion, plaza, reposicion"
1057418-22-LE26,13.6418,3.6476,2,"ninos, provincial, rio, jose"
1057422-36-LE26,14.7223,9.9249,-1,Sin tema
1057448-19-LE26,13.9201,13.0116,4,"cursos, educacionales, establecimientos educacionales, chinchorro"
1057472-134-I226,13.906,4.7388,17,"laboratorio, cen, automotriz, panel"
1057486-17-LP26,13.8029,5.2042,-1,Sin tema
1057489-304-LE26,14.9878,4.9716,27,"biobio, zona, carabineros, compatible"
1057501-563-LE26,12.9787,7.7343,-1,Sin tema
1057501-566-LE26,12.9919,7.6598,-1,Sin tema
1057509-126-LE26,14.4305,10.2993,0,"mejoramiento, construccion, plaza, reposicion"
1057509-194-LE26,13.9233,9.2846,23,"sistema, tecnico, sistemas, control"
1057509-19-LE26,16.0673,8.362,0,"mejoramiento, construccion, plaza, reposicion"
1058014-12-LE26,14.322,4.3132,7,"medicamentos, medicos, farmacos, insumos medicos"
1068829-4-O126,17.4579,7.8526,-1,Sin tema
1070620-108-LP26,13.374,6.8988,-1,Sin tema
1070620-111-LP26,14.1494,5.7782,-1,Sin tema
1070620-68-LE26,12.5911,6.8507,11,"sol, solucion, solicitud, ecs"
1070620-99-LP26,14.4982,4.5483,7,"medicamentos, medicos, farmacos, insumos medicos"
1079516-39-LE26,14.4943,8.3598,-1,Sin tema
1080089-44-L126,14.3744,10.2124,0,"mejoramiento, construccion, plaza, reposicion"
1111432-69-L126,15.0477,9.7672,0,"mejoramiento, construccion, plaza, reposicion"
1149-34-O124,15.0672,12.6351,16,"social, fiscal, fiscales, sede social"
1149-37-O124,17.1687,10.955,1,"produccion, habitabilidad, navidad, juguetes"
1171085-26-L126,16.4939,12.0694,1,"produccion, habitabilidad, navidad, juguetes"
1172445-9-LP26,14.8108,9.5788,0,"mejoramiento, construccion, plaza, reposicion"
1180747-7-LR26,13.3546,3.1256,2,"ninos, provincial, rio, jose"
1195-33-LE26,12.7216,10.826,5,"seguridad, guardias, proteccion, proteccion personal"
1208099-6-LE26,16.0943,8.5728,-1,Sin tema
1230848-64-L126,16.8357,11.954,1,"produccion, habitabilidad, navidad, juguetes"
1330174-1-LP26,12.6026,10.8437,5,"seguridad, guardias, proteccion, proteccion personal"
1346350-9-LE26,16.9882,10.8147,1,"produccion, habitabilidad, navidad, juguetes"
1411-21-LE26,16.6842,4.5296,6,"alimentacion, break, alojamiento, com"
1417913-132-LE26,11.4133,8.8205,3,"materiales, material, materiales construccion, proyecto"
1426095-16-LE26,10.748,11.7333,28,"televigilancia, sistema, instalacion sistema, instalacion"
1437-14-LE26,12.6973,11.8173,-1,Sin tema
1457281-19-L126,12.536,12.2732,12,"software, licencias, renovacion, renovacion licencias"
1469-242-L126,15.3674,10.1323,-1,Sin tema
1490160-46-LE26,16.5509,4.6996,6,"alimentacion, break, alojamiento, com"
1499-150-LP26,11.0167,9.6769,13,"electrico, electrica, electricos, sistema electrico"
2794-18-LP26,17.2729,8.7103,0,"mejoramiento, construccion, plaza, reposicion"
2827-96-L126,16.1336,8.1843,0,"mejoramiento, construccion, plaza, reposicion"
2832-24-L126,16.1341,10.2183,0,"mejoramiento, construccion, plaza, reposicion"
2904-23-LP26,17.4513,8.2022,0,"mejoramiento, construccion, plaza, reposicion"
2961-69-LE26,12.052,9.2427,17,"laboratorio, cen, automotriz, panel"
3017-43-LE26,10.9482,7.8364,3,"materiales, material, materiales construccion, proyecto"
3017-53-LE26,10.7121,7.9267,3,"materiales, material, materiales construccion, proyecto"
331-7-O126,16.7273,8.7811,0,"mejoramiento, construccion, plaza, reposicion"
3333-47-LE26,16.4867,11.6571,1,"produccion, habitabilidad, navidad, juguetes"
3334-24-LE26,10.6579,9.6847,13,"electrico, electrica, electricos, sistema electrico"
3336-22-LP26,14.858,11.6433,16,"social, fiscal, fiscales, sede social"
3376-16-LR26,15.7442,7.7386,0,"mejoramiento, construccion, plaza, reposicion"
3391-26-LE26,16.7994,5.3933,6,"alimentacion, break, alojamiento, com"
3447-146-LE26,15.6049,9.2382,0,"mejoramiento, construccion, plaza, reposicion"
3692-24-LE26,14.2325,4.3646,7,"medicamentos, medicos, farmacos, insumos medicos"
3762-34-LE26,15.9064,10.8756,26,"municipales, salud solicitud, area salud, solicitud"
3766-17-L126,16.8205,11.685,1,"produccion, habitabilidad, navidad, juguetes"
3825-23-LE26,15.4707,11.6384,1,"produccion, habitabilidad, navidad, juguetes"
3880-66-LE26,16.8861,11.0291,1,"produccion, habitabilidad, navidad, juguetes"
3934-42-L126,16.0795,11.6118,1,"produccion, habitabilidad, navidad, juguetes"
3946-32-LE26,16.3506,11.4673,1,"produccion, habitabilidad, navidad, juguetes"
4031-13-LE26,16.5136,8.0002,0,"mejoramiento, construccion, plaza, reposicion"
418-68-LP26,13.3489,3.4215,2,"ninos, provincial, rio, jose"
434-104-LE26,15.0395,9.4145,-1,Sin tema
4353-26-LP26,17.0996,8.2573,0,"mejoramiento, construccion, plaza, reposicion"
4377-42-L126,15.9185,10.0589,0,"mejoramiento, construccion, plaza, reposicion"
4429-103-L126,15.3978,8.6393,0,"mejoramiento, construccion, plaza, reposicion"
4469-169-L126,12.6581,7.5866,9,"insumos clinicos, upla, solicitud, clinicos"
4469-201-L126,12.6671,7.4675,9,"insumos clinicos, upla, solicitud, clinicos"
4590-22-LP26,11.6246,7.6318,-1,Sin tema
4809-29-LE26,10.9881,8.0922,3,"materiales, material, materiales construccion, proyecto"
4884-28-LE26,16.8395,12.021,1,"produccion, habitabilidad, navidad, juguetes"
5147-42-LE26,11.9895,9.6052,30,"agua, agua purificada, purificada, aguas"
5148-10-LP26,14.7398,7.7934,0,"mejoramiento, construccion, plaza, reposicion"
5178-17-LE26,11.6764,10.9171,-1,Sin tema
527481-62-LE26,17.6849,8.1454,0,"mejoramiento, construccion, plaza, reposicion"
5349-122-LE26,13.6538,3.1248,2,"ninos, provincial, rio, jose"
539778-7-LE26,12.7164,9.2681,22,"aire, aire acondicionado, acondicionado, fuera"
5615-41-LP26,16.4566,8.7141,0,"mejoramiento, construccion, plaza, reposicion"
568658-75-LE26,17.7166,8.497,0,"mejoramiento, construccion, plaza, reposicion"
5877-35-L126,10.2295,11.8029,-1,Sin tema
591-25-LP26,15.1727,10.3098,-1,Sin tema
599-34-LE26,14.1999,7.7957,-1,Sin tema
1398-105-L126,14.0759,4.1935,-1,Sin tema
1469-243-L126,10.5475,11.7795,28,"televigilancia, sistema, instalacion sistema, instalacion"
1469-244-L126,15.3838,10.112,-1,Sin tema
1499-179-LP26,14.3201,4.9872,7,"medicamentos, medicos, farmacos, insumos medicos"
1514-117-LP26,13.3192,3.6451,-1,Sin tema
1532-62-L126,14.0155,9.362,29,"mantencion preventiva, preventiva, preventiva correctiva, correctiva"
1549-73-LP26,14.0139,8.8976,23,"sistema, tecnico, sistemas, control"
1562-67-L126,14.2849,8.7593,-1,Sin tema
1626-34-L126,14.4041,5.7883,8,"odontologicos, insumos odontologicos, instrumental, anatomia"
1641-293-LR26,16.6676,4.5463,6,"alimentacion, break, alojamiento, com"
1641-378-LP26,12.0742,6.5218,11,"sol, solucion, solicitud, ecs"
1641-385-LP26,13.9776,8.7898,23,"sistema, tecnico, sistemas, control"
1658-228-LE26,15.819,7.0546,0,"mejoramiento, construccion, plaza, reposicion"
1725-166-LE26,9.9899,11.7023,25,"audiovisual, instrumentos, musica, audiovisuales"
1725-216-LE26,15.0391,11.0012,18,"produccion, produccion integral, integral, produccion eventos"
1736-110-LE26,14.7751,4.1826,-1,Sin tema
1937-20-R126,15.2489,7.8177,0,"mejoramiento, construccion, plaza, reposicion"
1951-36-LE26,15.9779,7.9998,-1,Sin tema
1952-84-LE26,13.4832,3.4558,2,"ninos, provincial, rio, jose"
1965-11-LP26,16.3192,8.3859,-1,Sin tema
2018-33-LP26,12.567,9.4104,22,"aire, aire acondicionado, acondicionado, fuera"
2102-30-LE26,14.5638,7.2513,-1,Sin tema
2125-36-L126,13.8409,11.0138,0,"mejoramiento, construccion, plaza, reposicion"
2145-61-L126,16.7644,4.4217,6,"alimentacion, break, alojamiento, com"
2145-62-L126,13.5953,3.2284,2,"ninos, provincial, rio, jose"
2256-1-LE26,13.3863,13.5576,4,"cursos, educacionales, establecimientos educacionales, chinchorro"
2313-5-LE26,13.0511,10.2753,-1,Sin tema
2345-83-LE26,13.8346,9.8486,-1,Sin tema
2384-41-LP26,16.9711,8.4317,0,"mejoramiento, construccion, plaza, reposicion"
2409-59-LE26,15.4603,7.8386,0,"mejoramiento, construccion, plaza, reposicion"
2409-64-LE26,13.372,13.5863,4,"cursos, educacionales, establecimientos educacionales, chinchorro"
2410-71-LP26,13.5649,8.9208,-1,Sin tema
2446-139-LE26,16.8095,11.5588,1,"produccion, habitabilidad, navidad, juguetes"
2446-182-LE26,15.177,7.5767,0,"mejoramiento, construccion, plaza, reposicion"
2446-287-LP26,15.4602,8.3546,0,"mejoramiento, construccion, plaza, reposicion"
2548-92-L126,13.7198,6.7249,15,"bmc, equipos, repuestos, chee"
2658-313-L126,10.6856,9.7083,13,"electrico, electrica, electricos, sistema electrico"
2667-73-LE26,11.7783,11.8143,14,"internet, fija, movil, satelital"
2673-51-LE26,17.421,8.6573,0,"mejoramiento, construccion, plaza, reposicion"
2697-54-LP26,12.9216,10.7431,5,"seguridad, guardias, proteccion, proteccion personal"
2698-22-LE26,16.0061,8.5277,-1,Sin tema
2705-51-LE26,13.9785,9.3648,-1,Sin tema
2799-30-LE26,16.4614,12.4656,1,"produccion, habitabilidad, navidad, juguetes"
2974-59-LE26,12.8433,10.6874,5,"seguridad, guardias, proteccion, proteccion personal"
1499-177-LE26,14.0431,4.5462,7,"medicamentos, medicos, farmacos, insumos medicos"
1549-98-LR26,13.9459,6.8963,-1,Sin tema
1562-69-LE26,13.7562,8.9232,23,"sistema, tecnico, sistemas, control"
1562-70-LE26,14.3417,8.5849,-1,Sin tema
1641-154-LP26,14.129,4.7404,7,"medicamentos, medicos, farmacos, insumos medicos"
1657-17-L126,15.516,9.6849,-1,Sin tema
1663-146-LE26,6.0196,3.015,20,"protesis, removibles, instrumental, destinado"
1704-70-LP26,14.3742,5.7673,8,"odontologicos, insumos odontologicos, instrumental, anatomia"
1801-11-LE26,15.0789,8.2329,-1,Sin tema
188-92-LE26,13.4244,13.5337,4,"cursos, educacionales, establecimientos educacionales, chinchorro"
1943-17-LP26,15.7234,8.8333,0,"mejoramiento, construccion, plaza, reposicion"
2085-11-LE26,15.6511,9.3409,0,"mejoramiento, construccion, plaza, reposicion"
2101-137-L126,13.5342,6.8779,-1,Sin tema
2215-55-LP26,14.1916,5.2156,8,"odontologicos, insumos odontologicos, instrumental, anatomia"
2251-12-LE26,13.6414,13.0811,4,"cursos, educacionales, establecimientos educacionales, chinchorro"
2258-207-LP26,13.6739,3.5414,2,"ninos, provincial, rio, jose"
2261-29-O126,16.7412,7.1604,-1,Sin tema
2263-97-LE26,13.376,8.803,-1,Sin tema
2274-45-LE26,12.9585,10.4066,5,"seguridad, guardias, proteccion, proteccion personal"
2297-30-LE26,11.6093,11.4834,-1,Sin tema
2335-58-LE26,14.4665,4.4785,7,"medicamentos, medicos, farmacos, insumos medicos"
2345-151-LE26,16.3116,7.6666,-1,Sin tema
2369-75-LR26,12.9199,9.9449,-1,Sin tema
2445-128-LE26,15.5868,8.6097,0,"mejoramiento, construccion, plaza, reposicion"
2446-161-LP26,13.6521,7.5882,-1,Sin tema
2467-101-LE26,14.1276,11.7073,10,"transporte, escolar, turismo, disposicion"
2658-338-L126,16.7637,4.4887,6,"alimentacion, break, alojamiento, com"
2660-68-LE26,16.2218,11.874,1,"produccion, habitabilidad, navidad, juguetes"
2663-87-L126,11.1943,9.5662,13,"electrico, electrica, electricos, sistema electrico"
2663-88-LE26,15.485,8.9285,0,"mejoramiento, construccion, plaza, reposicion"
2664-41-L126,10.9888,8.5591,3,"materiales, material, materiales construccion, proyecto"
2684-49-LR26,17.2743,8.1529,-1,Sin tema
2686-125-LE26,16.1878,11.4756,1,"produccion, habitabilidad, navidad, juguetes"
2702-42-LE26,17.7072,8.7758,0,"mejoramiento, construccion, plaza, reposicion"
2735-148-LE26,16.8763,11.504,1,"produccion, habitabilidad, navidad, juguetes"
2778-39-LE26,15.8836,8.1158,0,"mejoramiento, construccion, plaza, reposicion"
2852-33-LE26,15.055,9.622,0,"mejoramiento, construccion, plaza, reposicion"
2885-26-LE26,17.6634,8.0877,0,"mejoramiento, construccion, plaza, reposicion"
2974-65-LE26,16.1389,9.313,0,"mejoramiento, construccion, plaza, reposicion"
3017-41-LE26,10.4841,8.1959,3,"materiales, material, materiales construccion, proyecto"
3017-61-LE26,10.4497,8.1476,3,"materiales, material, materiales construccion, proyecto"
1233829-13-LP26,9.8221,11.6995,25,"audiovisual, instrumentos, musica, audiovisuales"
1237853-18-L126,12.6825,3.4629,-1,Sin tema
1242121-19-LE26,13.6645,3.4078,2,"ninos, provincial, rio, jose"
1278-8-LP26,12.7865,7.487,9,"insumos clinicos, upla, solicitud, clinicos"
1280-49-LE26,16.1949,8.5073,0,"mejoramiento, construccion, plaza, reposicion"
1293138-10-LR26,16.1344,7.6181,0,"mejoramiento, construccion, plaza, reposicion"
1343-12-LR26,12.0392,9.6504,30,"agua, agua purificada, purificada, aguas"
1346280-3-LE26,11.3811,9.0582,3,"materiales, material, materiales construccion, proyecto"
1346284-12-LE26,15.0922,7.791,0,"mejoramiento, construccion, plaza, reposicion"
1389585-15-LE26,14.0073,8.5449,-1,Sin tema
1403-21-LE26,15.9056,9.6267,0,"mejoramiento, construccion, plaza, reposicion"
1426098-13-LE26,16.1622,8.4192,0,"mejoramiento, construccion, plaza, reposicion"
1457281-18-LE26,11.3138,8.6059,3,"materiales, material, materiales construccion, proyecto"
1469-213-L126,16.116,11.4977,1,"produccion, habitabilidad, navidad, juguetes"
1469-215-L126,15.8569,11.4978,1,"produccion, habitabilidad, navidad, juguetes"
1499-164-LP26,13.625,3.915,2,"ninos, provincial, rio, jose"
1515304-166-LE26,12.7871,8.2935,31,"bombas, infusion, ventanas, combustible"
1515304-174-LE26,12.6886,7.9596,-1,Sin tema
1607-14-LE26,14.2231,10.633,0,"mejoramiento, construccion, plaza, reposicion"
1641-379-LR26,13.5748,8.9054,-1,Sin tema
1658-240-L126,17.8987,10.4712,21,"cultural, produccion, artes, culturales"
1754-43-E226,14.3525,5.5234,-1,Sin tema
1947-182-LP26,13.9293,3.3617,2,"ninos, provincial, rio, jose"
2013-15-LE26,12.4244,12.4358,12,"software, licencias, renovacion, renovacion licencias"
2069-148-LE26,14.3042,7.9118,-1,Sin tema
2069-169-LE26,15.6493,8.1968,0,"mejoramiento, construccion, plaza, reposicion"
2080-257-LP26,14.9691,9.115,-1,Sin tema
2101-113-LP26,13.389,9.7767,29,"mantencion preventiva, preventiva, preventiva correctiva, correctiva"
2126-149-LP26,15.0421,6.9272,-1,Sin tema
2146-73-L126,13.701,3.2531,2,"ninos, provincial, rio, jose"
2335-56-LE26,12.7853,7.0551,9,"insumos clinicos, upla, solicitud, clinicos"
2378-106-LP26,15.4139,8.203,0,"mejoramiento, construccion, plaza, reposicion"
2385-42-LE26,14.6101,7.8823,0,"mejoramiento, construccion, plaza, reposicion"
2401-115-L126,15.8422,11.6314,1,"produccion, habitabilidad, navidad, juguetes"
2408-230-L126,15.0715,7.4319,0,"mejoramiento, construccion, plaza, reposicion"
2982-46-LE26,15.6769,10.2249,-1,Sin tema
3015-50-LE26,16.8491,7.8877,-1,Sin tema
3017-56-LE26,10.5103,8.2853,3,"materiales, material, materiales construccion, proyecto"
3173-26-LE26,11.0479,8.4574,3,"materiales, material, materiales construccion, proyecto"
3173-28-LE26,13.5412,6.7997,15,"bmc, equipos, repuestos, chee"
3179-63-LE26,15.9906,10.3577,0,"mejoramiento, construccion, plaza, reposicion"
3253-83-LE26,16.1738,8.7561,-1,Sin tema
331-6-O126,17.5248,7.7987,-1,Sin tema
3494-28-LE26,14.8249,7.7074,-1,Sin tema
355-26-LE26,14.4499,5.8282,8,"odontologicos, insumos odontologicos, instrumental, anatomia"
3688-2-LE26,13.633,11.9201,10,"transporte, escolar, turismo, disposicion"
3871-22-LE26,14.4177,4.3567,7,"medicamentos, medicos, farmacos, insumos medicos"
3960-67-CO26,15.5044,7.4276,0,"mejoramiento, construccion, plaza, reposicion"
4055-83-L126,11.1222,8.5384,3,"materiales, material, materiales construccion, proyecto"
4085-46-LE26,14.274,5.6951,8,"odontologicos, insumos odontologicos, instrumental, anatomia"
4113-49-LR26,16.0667,9.6437,-1,Sin tema
4162-25-LE26,14.3586,8.744,-1,Sin tema
4315-13-LE26,15.1373,8.9702,-1,Sin tema
4337-29-LE26,12.2293,6.986,11,"sol, solucion, solicitud, ecs"
4404-55-LE26,11.5808,8.6064,3,"materiales, material, materiales construccion, proyecto"
4404-60-LE26,13.3749,13.4858,4,"cursos, educacionales, establecimientos educacionales, chinchorro"
4469-185-L126,12.6358,7.6767,9,"insumos clinicos, upla, solicitud, clinicos"
4469-190-L126,10.7516,10.8992,-1,Sin tema
4469-200-L126,12.5123,7.6134,9,"insumos clinicos, upla, solicitud, clinicos"
4482-16-LE26,13.7985,8.9403,23,"sistema, tecnico, sistemas, control"
4629-27-LE26,9.9738,11.7043,25,"audiovisual, instrumentos, musica, audiovisuales"
4825-10-L126,10.5208,8.4144,3,"materiales, material, materiales construccion, proyecto"
5056-115-LP26,13.9239,4.2264,-1,Sin tema
5190-17-LP26,15.5056,9.6338,-1,Sin tema
520149-46-LE26,11.3901,11.709,14,"internet, fija, movil, satelital"
5240-70-LP26,14.1182,6.0896,-1,Sin tema
5251-81-LE26,12.5521,8.7944,-1,Sin tema
5261-17-O126,17.5344,8.6009,0,"mejoramiento, construccion, plaza, reposicion"
5349-111-L126,13.7648,3.054,2,"ninos, provincial, rio, jose"
5349-120-L126,14.4317,6.6671,-1,Sin tema
548866-5-LE26,13.8481,12.7691,4,"cursos, educacionales, establecimientos educacionales, chinchorro"
5517-3-LP26,17.6313,10.1929,21,"cultural, produccion, artes, culturales"
5520-65-LE26,12.3732,9.6499,17,"laboratorio, cen, automotriz, panel"
5539-25-LE26,13.5751,11.6673,10,"transporte, escolar, turismo, disposicion"
5586-126-LE26,15.4875,8.358,0,"mejoramiento, construccion, plaza, reposicion"
564162-141-L126,12.9396,7.0752,9,"insumos clinicos, upla, solicitud, clinicos"
5655-6-L126,10.7213,9.7305,13,"electrico, electrica, electricos, sistema electrico"
5690-6-LE26,12.2152,7.1421,11,"sol, solucion, solicitud, ecs"
5877-29-LE26,14.7311,11.169,18,"produccion, produccion integral, integral, produccion eventos"
3095-12-L126,13.6327,5.2528,-1,Sin tema
3100-8-LE26,14.8737,9.8307,0,"mejoramiento, construccion, plaza, reposicion"
3179-55-LE26,16.1891,8.6269,0,"mejoramiento, construccion, plaza, reposicion"
3220-22-LE26,15.9617,8.4636,-1,Sin tema
3280-21-LE26,12.8921,9.1952,22,"aire, aire acondicionado, acondicionado, fuera"
331-11-O125,15.1328,12.5214,16,"social, fiscal, fiscales, sede social"
331-12-O125,15.1126,12.5584,16,"social, fiscal, fiscales, sede social"
3399-20-L126,13.0963,10.3991,-1,Sin tema
3428-17-LE26,16.8624,5.1202,6,"alimentacion, break, alojamiento, com"
3436-104-L126,11.973,7.8994,-1,Sin tema
3479-92-LE26,15.2358,8.0421,-1,Sin tema
3676-24-LP26,17.6247,8.3459,0,"mejoramiento, construccion, plaza, reposicion"
3693-161-LE26,15.6576,7.2806,0,"mejoramiento, construccion, plaza, reposicion"
3784-70-LE26,10.942,9.828,13,"electrico, electrica, electricos, sistema electrico"
3791-79-LE26,11.4456,12.0339,14,"internet, fija, movil, satelital"
3842-37-LP26,12.872,7.3999,-1,Sin tema
3882-89-LE26,16.6934,11.5946,1,"produccion, habitabilidad, navidad, juguetes"
3935-64-LE26,16.3119,9.0961,0,"mejoramiento, construccion, plaza, reposicion"
3996-41-LE26,12.2597,9.5851,17,"laboratorio, cen, automotriz, panel"
4044-56-LE26,14.521,10.6428,0,"mejoramiento, construccion, plaza, reposicion"
4062-36-LE26,16.218,11.1821,1,"produccion, habitabilidad, navidad, juguetes"
4085-42-LE26,17.5386,8.322,0,"mejoramiento, construccion, plaza, reposicion"
4358-32-LE26,14.3483,10.2938,-1,Sin tema
4469-193-L126,12.802,7.9776,9,"insumos clinicos, upla, solicitud, clinicos"
4473-21-LE26,16.7199,4.4855,6,"alimentacion, break, alojamiento, com"
4831-5-LR26,17.7276,7.9955,0,"mejoramiento, construccion, plaza, reposicion"
4858-64-LE26,11.0003,8.5624,3,"materiales, material, materiales construccion, proyecto"
4861-3-L126,10.8563,7.8933,3,"materiales, material, materiales construccion, proyecto"
5027-1-LP26,14.6836,10.1817,-1,Sin tema
5040-10-LE26,12.2368,9.6613,17,"laboratorio, cen, automotriz, panel"
507428-100-LP26,13.6046,11.9424,10,"transporte, escolar, turismo, disposicion"
514862-122-LE26,12.8295,7.1822,9,"insumos clinicos, upla, solicitud, clinicos"
514862-130-LE26,13.1927,7.6699,-1,Sin tema
5240-108-LR26,12.4198,9.1654,-1,Sin tema
5349-119-L126,13.673,3.1392,2,"ninos, provincial, rio, jose"
575924-10-L126,16.8857,5.2347,6,"alimentacion, break, alojamiento, com"
5783-20-I226,13.291,7.9452,-1,Sin tema
584105-18-LE26,15.3809,9.1961,0,"mejoramiento, construccion, plaza, reposicion"
584105-28-LE26,15.95,8.2206,-1,Sin tema
584264-39-LE26,14.0663,6.8974,15,"bmc, equipos, repuestos, chee"
599-36-LR26,15.2038,8.5874,-1,Sin tema
609-19-LE26,14.9341,9.6781,0,"mejoramiento, construccion, plaza, reposicion"
611669-20-LE26,12.4179,12.4985,12,"software, licencias, renovacion, renovacion licencias"
621-777-LR26,12.5182,6.742,11,"sol, solucion, solicitud, ecs"
1009885-2-L126,13.1269,9.9166,29,"mantencion preventiva, preventiva, preventiva correctiva, correctiva"
1016414-22-LE26,16.3446,12.0094,1,"produccion, habitabilidad, navidad, juguetes"
1057049-358-LP26,14.3187,6.9881,-1,Sin tema
1057390-51-LP26,13.8323,5.5987,-1,Sin tema
1057402-182-LE26,11.2569,10.3503,-1,Sin tema
1057404-96-LP26,15.467,8.0583,0,"mejoramiento, construccion, plaza, reposicion"
1057422-31-LP26,15.3383,8.3207,0,"mejoramiento, construccion, plaza, reposicion"
1057422-38-LE26,14.3757,6.9261,-1,Sin tema
1057472-116-LE26,5.9359,2.9446,20,"protesis, removibles, instrumental, destinado"
1057472-131-LE26,12.9597,9.1208,22,"aire, aire acondicionado, acondicionado, fuera"
1057489-288-LP26,11.6989,10.8218,-1,Sin tema
1057492-125-LP26,14.9506,8.8918,-1,Sin tema
1057494-56-LE26,14.5415,5.7435,8,"odontologicos, insumos odontologicos, instrumental, anatomia"
1057501-373-LP26,14.5316,8.9954,-1,Sin tema
1057501-561-LE26,13.0045,7.7274,-1,Sin tema
1057509-319-LE26,14.4786,10.133,0,"mejoramiento, construccion, plaza, reposicion"
1057532-77-LE26,14.9821,9.6451,0,"mejoramiento, construccion, plaza, reposicion"
1057541-42-L126,13.8647,10.1903,-1,Sin tema
1057543-55-LP26,12.9933,9.7218,29,"mantencion preventiva, preventiva, preventiva correctiva, correctiva"
1058086-58-B226,15.6836,6.9967,0,"mejoramiento, construccion, plaza, reposicion"
1058097-27-LR26,13.8013,3.8046,-1,Sin tema
1058128-28-LR26,15.2973,8.3106,0,"mejoramiento, construccion, plaza, reposicion"
1062018-26-LE26,16.504,4.8861,6,"alimentacion, break, alojamiento, com"
1063538-162-LP26,13.8134,8.6339,-1,Sin tema
1110404-176-LP26,13.2126,13.6348,4,"cursos, educacionales, establecimientos educacionales, chinchorro"
1110404-210-L126,13.2865,13.6157,4,"cursos, educacionales, establecimientos educacionales, chinchorro"
1113146-6-LE26,16.8012,8.9919,-1,Sin tema
1114377-1-LP26,11.4107,7.0653,19,"led, laser, pantalla, arriendo"
1149-13-O126,16.0111,9.3824,-1,Sin tema
1180922-24-LE26,13.6302,4.2143,-1,Sin tema
1202333-82-LP26,14.9952,9.8951,0,"mejoramiento, construccion, plaza, reposicion"
1230615-4-LE26,15.5042,9.2867,0,"mejoramiento, construccion, plaza, reposicion"
1237328-56-R126,16.6458,6.764,24,"farmacia, planta, farmacos, plantas"
1242131-22-LP26,13.8259,4.2808,7,"medicamentos, medicos, farmacos, insumos medicos"
1298355-22-LE26,14.7982,7.3261,-1,Sin tema
1340-48-LP26,12.7933,10.4738,-1,Sin tema
2422-153-L126,13.4063,7.247,-1,Sin tema
2440-60-LE26,13.7107,12.5113,10,"transporte, escolar, turismo, disposicion"
2450-102-L126,13.1945,7.8096,-1,Sin tema
2467-80-LE26,15.971,8.2463,0,"mejoramiento, construccion, plaza, reposicion"
2490-91-LP26,12.5233,12.476,12,"software, licencias, renovacion, renovacion licencias"
2582-58-LR26,12.5145,7.2202,-1,Sin tema
2600-27-LP26,17.5677,8.7285,0,"mejoramiento, construccion, plaza, reposicion"
2660-79-LP26,12.7068,7.849,-1,Sin tema
2663-63-LP26,12.3746,11.6677,12,"software, licencias, renovacion, renovacion licencias"
2686-132-LE26,15.0757,8.6175,0,"mejoramiento, construccion, plaza, reposicion"
2723-67-LE26,16.8535,7.114,24,"farmacia, planta, farmacos, plantas"
2741-60-LE26,15.0438,12.5986,16,"social, fiscal, fiscales, sede social"
2778-38-LE26,15.8109,8.0115,0,"mejoramiento, construccion, plaza, reposicion"
2904-19-LE26,17.899,10.398,21,"cultural, produccion, artes, culturales"
2924-18-LP26,14.9215,7.7458,0,"mejoramiento, construccion, plaza, reposicion"
2974-64-LE26,15.8845,9.6562,0,"mejoramiento, construccion, plaza, reposicion"
2981-100-LR26,13.5604,11.9991,10,"transporte, escolar, turismo, disposicion"
2981-265-LE26,11.3159,6.9922,19,"led, laser, pantalla, arriendo"
2982-51-LE26,15.894,10.3547,0,"mejoramiento, construccion, plaza, reposicion"
3017-45-LE26,10.5164,8.3026,3,"materiales, material, materiales construccion, proyecto"
3017-54-LE26,10.4478,8.1321,3,"materiales, material, materiales construccion, proyecto"
3082-10-LP26,17.6716,8.094,0,"mejoramiento, construccion, plaza, reposicion"
3172-73-LE26,15.8883,7.9974,0,"mejoramiento, construccion, plaza, reposicion"
3178-30-LE26,16.7229,4.4832,6,"alimentacion, break, alojamiento, com"
3333-48-LE26,15.3284,5.2105,27,"biobio, zona, carabineros, compatible"
3352-14-LE26,12.3066,9.6086,17,"laboratorio, cen, automotriz, panel"
3515-10-L126,14.8301,11.5693,16,"social, fiscal, fiscales, sede social"
362-15-LE26,14.4288,10.2984,0,"mejoramiento, construccion, plaza, reposicion"
3621-60-L126,16.2177,8.3123,0,"mejoramiento, construccion, plaza, reposicion"
3668-17-LP26,12.9569,10.2555,5,"seguridad, guardias, proteccion, proteccion personal"
3690-13-L126,16.8408,12.0558,1,"produccion, habitabilidad, navidad, juguetes"
3787-14-LE26,13.9629,10.1817,0,"mejoramiento, construccion, plaza, reposicion"
3810-22-LE26,15.8549,7.187,0,"mejoramiento, construccion, plaza, reposicion"
3853-16-LE26,13.7243,4.1304,7,"medicamentos, medicos, farmacos, insumos medicos"
3912-22-LE26,16.9063,10.7965,1,"produccion, habitabilidad, navidad, juguetes"
4020-35-LP26,16.0197,8.0816,0,"mejoramiento, construccion, plaza, reposicion"
4072-34-LE26,16.2806,7.9324,0,"mejoramiento, construccion, plaza, reposicion"
4160-18-LP26,14.833,11.6129,16,"social, fiscal, fiscales, sede social"
418-67-LP26,15.291,9.596,0,"mejoramiento, construccion, plaza, reposicion"
425-62-LP26,16.3462,11.8837,1,"produccion, habitabilidad, navidad, juguetes"
425-70-LE26,15.083,10.423,0,"mejoramiento, construccion, plaza, reposicion"
4451-111-LP26,12.9144,8.5941,31,"bombas, infusion, ventanas, combustible"
4451-112-LE26,15.7807,9.0857,0,"mejoramiento, construccion, plaza, reposicion"
4454-29-LE26,16.7457,4.5108,6,"alimentacion, break, alojamiento, com"
1002-90-LP26,12.0129,8.4913,-1,Sin tema
1002-91-LP26,12.0089,8.4664,-1,Sin tema
1003598-1-LE26,16.8963,12.0372,1,"produccion, habitabilidad, navidad, juguetes"
1057049-313-LE26,13.6279,7.5889,-1,Sin tema
1057384-153-LE26,15.7226,7.9135,0,"mejoramiento, construccion, plaza, reposicion"
1057390-42-LP26,16.9137,11.9483,1,"produccion, habitabilidad, navidad, juguetes"
1057402-155-LR26,16.9929,10.8843,1,"produccion, habitabilidad, navidad, juguetes"
1057448-44-LE26,14.1305,5.9713,8,"odontologicos, insumos odontologicos, instrumental, anatomia"
1057501-505-LE26,15.3733,8.2591,0,"mejoramiento, construccion, plaza, reposicion"
1057539-138-LP26,14.0846,10.7352,0,"mejoramiento, construccion, plaza, reposicion"
1057544-330-CO26,13.6454,4.2043,-1,Sin tema
1057548-23-LE26,13.7245,4.9024,-1,Sin tema
1079639-21-LE26,12.9262,7.342,9,"insumos clinicos, upla, solicitud, clinicos"
1091-20-LE26,16.1666,8.637,0,"mejoramiento, construccion, plaza, reposicion"
1110404-207-L126,13.2695,13.6543,4,"cursos, educacionales, establecimientos educacionales, chinchorro"
1110404-208-L126,16.2716,10.031,0,"mejoramiento, construccion, plaza, reposicion"
1113265-14-LE26,14.6898,9.6882,0,"mejoramiento, construccion, plaza, reposicion"
1155683-18-LE26,15.8963,9.2109,0,"mejoramiento, construccion, plaza, reposicion"
1232565-37-L126,14.2179,11.0691,-1,Sin tema
1242121-16-LP26,16.5209,4.8049,6,"alimentacion, break, alojamiento, com"
1259850-6-LP26,12.2727,11.6491,12,"software, licencias, renovacion, renovacion licencias"
1295444-12-LE26,10.9613,8.3294,3,"materiales, material, materiales construccion, proyecto"
1298356-3-LE26,14.9726,7.2822,-1,Sin tema
1301883-7-LP26,13.514,4.7196,-1,Sin tema
1337-24-LE26,12.6231,9.6212,22,"aire, aire acondicionado, acondicionado, fuera"
1339159-32-LP26,14.5264,10.5558,-1,Sin tema
1393093-109-LP26,15.7794,7.8575,0,"mejoramiento, construccion, plaza, reposicion"
1393575-17-E226,13.6559,10.194,-1,Sin tema
1398-106-L126,16.8522,5.3692,6,"alimentacion, break, alojamiento, com"
1423921-18-LE26,14.5791,10.8251,-1,Sin tema
1430525-4-LE26,14.9651,5.6929,-1,Sin tema
1469-199-L126,15.4058,10.106,-1,Sin tema
1469-217-L126,10.7254,10.8836,-1,Sin tema
1499-172-LR26,13.4598,5.4989,-1,Sin tema
1499-189-LE26,14.1068,8.8227,-1,Sin tema
1506-27-LE26,15.0664,12.6243,16,"social, fiscal, fiscales, sede social"
1607-15-LE26,14.6798,11.1964,18,"produccion, produccion integral, integral, produccion eventos"
1609-14-LE26,14.3106,8.9904,-1,Sin tema
621-436-LR26,12.1952,7.0605,11,"sol, solucion, solicitud, ecs"
621-779-LR26,12.0968,6.8351,11,"sol, solucion, solicitud, ecs"
642028-14-LP26,15.1327,12.1403,-1,Sin tema
642-36-O126,17.172,8.7169,0,"mejoramiento, construccion, plaza, reposicion"
693-33-LE26,12.6474,8.2998,-1,Sin tema
707420-27-LE26,16.2999,9.468,0,"mejoramiento, construccion, plaza, reposicion"
761391-124-L126,15.1656,9.0375,-1,Sin tema
777304-28-LP26,13.2136,3.642,2,"ninos, provincial, rio, jose"
777304-40-LP26,16.4076,8.0419,0,"mejoramiento, construccion, plaza, reposicion"
813-110-CO26,12.7093,7.7381,-1,Sin tema
813-115-LE26,16.5716,10.7762,1,"produccion, habitabilidad, navidad, juguetes"
837-110-LE26,12.527,10.494,5,"seguridad, guardias, proteccion, proteccion personal"
938-28-LE26,12.8026,8.9586,-1,Sin tema
948356-107-LP26,14.4119,4.3424,7,"medicamentos, medicos, farmacos, insumos medicos"
948356-159-LE26,13.5441,4.0084,7,"medicamentos, medicos, farmacos, insumos medicos"
948356-160-LR26,13.7859,3.8693,-1,Sin tema
956-61-LP26,10.9287,11.0421,-1,Sin tema
4469-195-L126,13.2477,7.2672,9,"insumos clinicos, upla, solicitud, clinicos"
4475-19-LE26,11.8648,10.8935,-1,Sin tema
4610-80-LP26,11.9034,9.4004,30,"agua, agua purificada, purificada, aguas"
4650-20-LP26,13.4037,2.9139,2,"ninos, provincial, rio, jose"
4697-24-LR26,16.187,11.44,1,"produccion, habitabilidad, navidad, juguetes"
4776-45-LP26,15.2433,10.8679,18,"produccion, produccion integral, integral, produccion eventos"
5052-20-LE26,15.3482,7.1307,0,"mejoramiento, construccion, plaza, reposicion"
514847-12-LP26,14.2598,4.2344,7,"medicamentos, medicos, farmacos, insumos medicos"
514862-133-LP26,14.6774,9.857,0,"mejoramiento, construccion, plaza, reposicion"
5268-14-O126,15.2522,5.1102,27,"biobio, zona, carabineros, compatible"
5349-109-L126,13.821,3.0008,2,"ninos, provincial, rio, jose"
545598-26-LE26,16.05,9.9702,0,"mejoramiento, construccion, plaza, reposicion"
5586-154-LE26,13.5299,9.4151,29,"mantencion preventiva, preventiva, preventiva correctiva, correctiva"
584385-5-L126,15.4333,8.7438,-1,Sin tema
5857-2-LE26,14.4041,5.8588,8,"odontologicos, insumos odontologicos, instrumental, anatomia"
608897-61-LP26,12.2197,11.6225,12,"software, licencias, renovacion, renovacion licencias"
609-24-LE26,10.6905,9.7108,13,"electrico, electrica, electricos, sistema electrico"
621-329-LR26,12.0482,6.7155,11,"sol, solucion, solicitud, ecs"
673663-31-LE26,11.2329,7.1646,19,"led, laser, pantalla, arriendo"
701-26-LE26,12.9678,9.2978,22,"aire, aire acondicionado, acondicionado, fuera"
723-4-LP26,15.9253,9.8517,0,"mejoramiento, construccion, plaza, reposicion"
765-26-LP26,17.9003,10.4549,21,"cultural, produccion, artes, culturales"
791766-4-LE26,12.8966,4.4617,-1,Sin tema
802-18-LE26,14.0781,11.899,10,"transporte, escolar, turismo, disposicion"
809-60-LE26,13.0166,10.0707,-1,Sin tema
867990-96-L126,11.0637,7.9691,3,"materiales, material, materiales construccion, proyecto"
875-6-LP26,11.5486,11.4814,-1,Sin tema
886954-252-LP26,12.3069,9.7781,17,"laboratorio, cen, automotriz, panel"
900-58-L126,11.715,10.2624,-1,Sin tema
953-19-LE26,12.0538,9.6416,30,"agua, agua purificada, purificada, aguas"
592-34-LR26,13.3932,13.5443,4,"cursos, educacionales, establecimientos educacionales, chinchorro"
613-8-LR26,16.693,9.3314,-1,Sin tema
614795-7-LE26,12.3908,8.2305,-1,Sin tema
618641-29-E226,16.2707,5.2993,-1,Sin tema
621-845-LE26,12.1246,6.6577,11,"sol, solucion, solicitud, ecs"
630-22-LP26,14.8552,11.6272,16,"social, fiscal, fiscales, sede social"
643-35-LE26,12.9494,7.5816,-1,Sin tema
652-47-LE26,11.4578,12.0532,14,"internet, fija, movil, satelital"
660872-32-LR26,17.1367,9.3436,-1,Sin tema
677162-1-LP26,16.6239,4.7289,6,"alimentacion, break, alojamiento, com"
701-21-LE26,15.5842,8.4657,0,"mejoramiento, construccion, plaza, reposicion"
701426-15-LE26,13.7954,6.7256,15,"bmc, equipos, repuestos, chee"
702988-30-LE26,16.1641,7.5309,0,"mejoramiento, construccion, plaza, reposicion"
707429-34-LP26,10.8979,9.7539,13,"electrico, electrica, electricos, sistema electrico"
757-83-LP26,16.2947,8.8425,0,"mejoramiento, construccion, plaza, reposicion"
769-86-LP26,13.0752,7.5365,-1,Sin tema
776-28-LP26,15.4527,8.7687,0,"mejoramiento, construccion, plaza, reposicion"
809-57-LE26,15.6512,10.8353,-1,Sin tema
838108-13-L126,16.7213,4.6149,6,"alimentacion, break, alojamiento, com"
858-65-LE26,13.918,11.3418,-1,Sin tema
858-69-LP26,12.4376,12.3813,12,"software, licencias, renovacion, renovacion licencias"
897-15-LP26,16.3172,8.3987,-1,Sin tema
932-28-L126,15.7111,6.8692,-1,Sin tema
948-28-L126,15.6511,7.9672,0,"mejoramiento, construccion, plaza, reposicion"
948355-78-LE26,13.6711,3.6104,2,"ninos, provincial, rio, jose"
621-835-LE26,12.1583,7.0744,11,"sol, solucion, solicitud, ecs"
621-837-LE26,12.124,6.6104,11,"sol, solucion, solicitud, ecs"
650-46-LE26,14.9823,6.704,-1,Sin tema
680521-6-LE26,11.5277,10.645,-1,Sin tema
697057-28-LE26,12.2888,8.4094,-1,Sin tema
707419-31-LP26,15.7897,11.3412,-1,Sin tema
707420-31-LE26,11.8635,9.0572,30,"agua, agua purificada, purificada, aguas"
817-35-O126,10.5557,8.4119,3,"materiales, material, materiales construccion, proyecto"
825-6-O126,17.6893,8.0239,0,"mejoramiento, construccion, plaza, reposicion"
847-53-LE26,13.0023,10.6107,5,"seguridad, guardias, proteccion, proteccion personal"
886954-249-LP26,11.7316,10.5667,-1,Sin tema
1660-137-L126,15.297,9.219,-1,Sin tema
1947-152-LE26,13.9722,3.4461,2,"ninos, provincial, rio, jose"
2069-139-LP26,14.6168,8.5938,-1,Sin tema
2101-131-L126,14.3363,4.5395,7,"medicamentos, medicos, farmacos, insumos medicos"
2101-148-L126,14.8041,11.4755,16,"social, fiscal, fiscales, sede social"
2133-83-LP26,16.6371,6.7419,24,"farmacia, planta, farmacos, plantas"
2136-18-L126,13.5787,3.3222,2,"ninos, provincial, rio, jose"
2186-25-L126,13.3938,3.5595,2,"ninos, provincial, rio, jose"
2251-8-LP26,14.4157,7.7116,0,"mejoramiento, construccion, plaza, reposicion"
2261-28-O126,17.4494,7.7585,-1,Sin tema
2263-93-LE26,13.0314,9.1839,-1,Sin tema
2263-96-LE26,13.3021,8.9854,-1,Sin tema
2277-62-LR26,13.5819,11.9641,10,"transporte, escolar, turismo, disposicion"
2354-33-LE26,15.0328,11.0297,18,"produccion, produccion integral, integral, produccion eventos"
2354-36-LE26,15.8934,11.6397,1,"produccion, habitabilidad, navidad, juguetes"
2355-23-LE26,15.243,8.8289,0,"mejoramiento, construccion, plaza, reposicion"
2387-79-LE26,16.8602,12.0145,1,"produccion, habitabilidad, navidad, juguetes"
2402-84-LE26,16.0322,9.2707,0,"mejoramiento, construccion, plaza, reposicion"
2427-96-LE26,16.4822,4.9645,6,"alimentacion, break, alojamiento, com"
2446-188-LE26,13.452,9.6055,29,"mantencion preventiva, preventiva, preventiva correctiva, correctiva"
2490-85-LE26,10.6917,11.6339,28,"televigilancia, sistema, instalacion sistema, instalacion"
2548-85-L126,14.4325,10.9981,-1,Sin tema
2598-16-LE26,14.9961,9.8499,0,"mejoramiento, construccion, plaza, reposicion"
2686-114-LP26,13.8404,9.7336,-1,Sin tema
2694-13-LE26,5.9513,2.9264,20,"protesis, removibles, instrumental, destinado"
2770-145-LR26,13.7417,11.8863,10,"transporte, escolar, turismo, disposicion"
2790-55-L126,10.5709,6.3595,19,"led, laser, pantalla, arriendo"
2852-58-LE26,16.8758,11.5077,1,"produccion, habitabilidad, navidad, juguetes"
2920-36-LE26,11.6036,10.6248,-1,Sin tema
2961-71-LE26,10.5567,8.4849,3,"materiales, material, materiales construccion, proyecto"
29-91-LP26,12.5721,7.1139,-1,Sin tema
3017-42-LE26,10.9636,7.8902,3,"materiales, material, materiales construccion, proyecto"
3085-68-LE26,15.0424,12.6184,16,"social, fiscal, fiscales, sede social"
3187-28-LE26,15.687,8.6618,0,"mejoramiento, construccion, plaza, reposicion"
3191-93-LE26,13.5887,5.3837,-1,Sin tema
3199-16-LE26,15.4804,7.7081,-1,Sin tema
3431-8-LE26,16.861,5.1409,6,"alimentacion, break, alojamiento, com"
3443-42-LE26,16.3358,12.2365,1,"produccion, habitabilidad, navidad, juguetes"
3447-147-LP26,12.7842,10.778,5,"seguridad, guardias, proteccion, proteccion personal"
1350296-87-LE26,13.5728,3.2986,2,"ninos, provincial, rio, jose"
1353-2-LE26,16.4015,9.1366,0,"mejoramiento, construccion, plaza, reposicion"
1425525-5-LR26,14.59,7.8213,0,"mejoramiento, construccion, plaza, reposicion"
1456837-2-LR26,13.6799,12.4081,10,"transporte, escolar, turismo, disposicion"
1469-211-L126,11.5308,8.5992,3,"materiales, material, materiales construccion, proyecto"
1469-219-L126,13.7813,5.5294,8,"odontologicos, insumos odontologicos, instrumental, anatomia"
1469-224-L126,13.7683,8.1203,-1,Sin tema
1492433-2-LE26,15.7305,10.0907,-1,Sin tema
1495200-3-LE26,14.6648,5.5104,-1,Sin tema
1501468-21-LE26,14.2046,9.5566,-1,Sin tema
1501718-11-LE26,12.8512,10.7779,5,"seguridad, guardias, proteccion, proteccion personal"
1511-55-LE26,16.6665,4.5301,6,"alimentacion, break, alojamiento, com"
1515-7-LP26,16.7844,11.1435,1,"produccion, habitabilidad, navidad, juguetes"
1562-68-L126,16.0784,9.2027,0,"mejoramiento, construccion, plaza, reposicion"
1626-21-L126,13.9506,5.3328,-1,Sin tema
1658-185-LP26,16.5715,8.4252,0,"mejoramiento, construccion, plaza, reposicion"
1743-77-LE26,16.0723,11.6797,1,"produccion, habitabilidad, navidad, juguetes"
1895-27-LE26,11.078,8.463,3,"materiales, material, materiales construccion, proyecto"
1950-60-LP26,16.7886,4.4322,6,"alimentacion, break, alojamiento, com"
1950-61-LP26,14.806,6.8654,-1,Sin tema
1952-85-LP26,13.5103,3.2697,2,"ninos, provincial, rio, jose"
1978-105-L126,12.1266,6.6632,11,"sol, solucion, solicitud, ecs"
1978-111-LE26,13.8089,4.2351,7,"medicamentos, medicos, farmacos, insumos medicos"
2013-16-LR26,14.4597,7.2952,-1,Sin tema
2059-11-LE26,17.2452,9.4016,0,"mejoramiento, construccion, plaza, reposicion"
2069-175-LP26,11.2865,5.1305,-1,Sin tema
2107-148-LP26,13.628,4.0315,-1,Sin tema
2107-161-LE26,5.944,2.9236,20,"protesis, removibles, instrumental, destinado"
2115-33-L126,12.2612,9.001,17,"laboratorio, cen, automotriz, panel"
2145-64-L126,13.846,3.3757,2,"ninos, provincial, rio, jose"
2258-121-LR26,15.9898,7.0263,0,"mejoramiento, construccion, plaza, reposicion"
2258-158-LR26,16.106,6.9289,-1,Sin tema
2274-37-LE26,15.9532,9.0091,-1,Sin tema
2282-112-LE26,13.5605,7.4684,-1,Sin tema
2284-36-L126,16.3113,10.5058,26,"municipales, salud solicitud, area salud, solicitud"
2289-49-LE26,11.2713,8.583,3,"materiales, material, materiales construccion, proyecto"
2343-31-LE26,15.5873,8.8411,0,"mejoramiento, construccion, plaza, reposicion"
2369-74-LR26,12.5368,9.3537,22,"aire, aire acondicionado, acondicionado, fuera"
2378-117-LP26,15.0766,10.9281,18,"produccion, produccion integral, integral, produccion eventos"
2408-112-LE26,14.5922,7.9388,0,"mejoramiento, construccion, plaza, reposicion"
2408-229-LE26,16.4389,11.422,1,"produccion, habitabilidad, navidad, juguetes"
2446-274-LE26,11.1282,8.5364,3,"materiales, material, materiales construccion, proyecto"
2548-83-L126,14.0411,10.0562,-1,Sin tema
359-113-LR26,15.8279,6.9558,0,"mejoramiento, construccion, plaza, reposicion"
3671-52-LE26,13.5217,8.0495,-1,Sin tema
3690-16-L126,13.7775,4.1833,7,"medicamentos, medicos, farmacos, insumos medicos"
3780-24-LE26,15.2851,8.1142,-1,Sin tema
3908-45-L126,16.0225,9.3662,-1,Sin tema
3938-36-L126,16.6059,4.7212,6,"alimentacion, break, alojamiento, com"
4034-20-LE26,15.0352,8.4793,0,"mejoramiento, construccion, plaza, reposicion"
4044-57-CO26,13.6281,12.0237,10,"transporte, escolar, turismo, disposicion"
4074-30-LE26,14.2939,9.2382,-1,Sin tema
4284-143-L126,11.6843,8.9016,18,"produccion, produccion integral, integral, produccion eventos"
4295-67-LP26,10.4288,11.7158,-1,Sin tema
4308-20-L126,14.222,10.12,0,"mejoramiento, construccion, plaza, reposicion"
434-108-LE26,16.1563,7.8219,0,"mejoramiento, construccion, plaza, reposicion"
4371-35-LE26,14.3211,9.2628,-1,Sin tema
4377-52-LE26,16.5102,11.6102,1,"produccion, habitabilidad, navidad, juguetes"
4454-30-LE26,14.8445,11.645,16,"social, fiscal, fiscales, sede social"
4457-75-L126,16.5936,11.4381,1,"produccion, habitabilidad, navidad, juguetes"
4469-176-L126,12.7191,7.5507,9,"insumos clinicos, upla, solicitud, clinicos"
4511-57-LP26,14.7281,9.2667,-1,Sin tema
4592-19-LP26,11.8316,7.64,-1,Sin tema
4642-99-LE26,13.8396,3.3818,2,"ninos, provincial, rio, jose"
4882-31-LE26,14.7838,11.1755,18,"produccion, produccion integral, integral, produccion eventos"
4956-58-LE26,16.4599,8.0939,0,"mejoramiento, construccion, plaza, reposicion"
5053-106-LE26,13.0026,8.5195,31,"bombas, infusion, ventanas, combustible"
5056-121-LE26,13.5956,11.9698,10,"transporte, escolar, turismo, disposicion"
5148-12-LE26,15.0558,12.6377,16,"social, fiscal, fiscales, sede social"
5178-19-LE26,10.6845,9.6808,13,"electrico, electrica, electricos, sistema electrico"
5240-101-LP26,14.1327,7.7031,-1,Sin tema
5240-99-LR26,17.145,9.4544,0,"mejoramiento, construccion, plaza, reposicion"
5394-28-LP26,13.8467,6.7001,15,"bmc, equipos, repuestos, chee"
5413-79-LR26,13.4862,13.5249,4,"cursos, educacionales, establecimientos educacionales, chinchorro"
5418-15-LP26,14.9563,8.363,0,"mejoramiento, construccion, plaza, reposicion"
5538-16-LE26,14.6117,10.6878,-1,Sin tema
557639-86-LE26,14.3197,9.9363,0,"mejoramiento, construccion, plaza, reposicion"
5586-140-LP26,10.5594,6.3417,19,"led, laser, pantalla, arriendo"
5661-39-LP26,15.934,9.1671,0,"mejoramiento, construccion, plaza, reposicion"
598-21-LE26,14.9136,10.7578,-1,Sin tema
608-205-LP26,16.0178,7.4378,0,"mejoramiento, construccion, plaza, reposicion"
635-157-L126,15.5548,10.6047,-1,Sin tema
707419-41-CO26,16.4788,9.2226,0,"mejoramiento, construccion, plaza, reposicion"
745712-17-LE26,12.3726,7.9892,-1,Sin tema
761391-132-LP26,12.7252,7.9917,-1,Sin tema
2626-16-LE26,16.6575,6.79,24,"farmacia, planta, farmacos, plantas"
2658-333-L126,16.7777,7.7255,-1,Sin tema
2658-336-L126,14.9387,7.8053,0,"mejoramiento, construccion, plaza, reposicion"
2713-181-LE26,16.5402,12.3634,1,"produccion, habitabilidad, navidad, juguetes"
2713-182-LE26,15.8003,8.0202,0,"mejoramiento, construccion, plaza, reposicion"
2735-149-LR26,12.5279,12.3807,12,"software, licencias, renovacion, renovacion licencias"
2766-131-LE26,15.3522,7.4385,0,"mejoramiento, construccion, plaza, reposicion"
2770-146-LP26,16.6548,4.5715,6,"alimentacion, break, alojamiento, com"
2793-124-LR26,14.0215,10.0812,-1,Sin tema
2852-62-LE26,17.9501,10.4722,21,"cultural, produccion, artes, culturales"
2887-12-LE26,5.9294,2.9425,20,"protesis, removibles, instrumental, destinado"
2961-64-LE26,13.4714,11.8274,10,"transporte, escolar, turismo, disposicion"
2961-74-LE26,13.4993,11.8508,10,"transporte, escolar, turismo, disposicion"
2981-210-LP26,16.7749,8.189,-1,Sin tema
3017-58-LE26,10.9852,7.8757,3,"materiales, material, materiales construccion, proyecto"
3085-61-LE26,13.9771,7.7746,-1,Sin tema
3086-72-LE26,16.0205,9.8937,0,"mejoramiento, construccion, plaza, reposicion"
3130-29-LE26,16.227,9.3603,0,"mejoramiento, construccion, plaza, reposicion"
3132-33-LE26,13.4771,8.0208,-1,Sin tema
3280-22-LE26,13.1841,9.017,22,"aire, aire acondicionado, acondicionado, fuera"
3310-40-LE26,12.3699,9.3105,22,"aire, aire acondicionado, acondicionado, fuera"
331-2-O126,15.2423,10.241,-1,Sin tema
3494-27-LE26,14.711,7.699,-1,Sin tema
3561-42-LE26,15.0771,8.8067,-1,Sin tema
362-16-LE26,14.4346,9.7984,0,"mejoramiento, construccion, plaza, reposicion"
3656-158-LE26,12.9129,10.6831,5,"seguridad, guardias, proteccion, proteccion personal"
3690-12-LE26,14.941,8.1641,-1,Sin tema
3704-39-LE26,17.9387,10.4446,21,"cultural, produccion, artes, culturales"
3787-15-LE26,14.1065,8.0922,-1,Sin tema
3791-80-LP26,16.538,8.5151,0,"mejoramiento, construccion, plaza, reposicion"
3836-39-LE26,16.0376,10.2804,0,"mejoramiento, construccion, plaza, reposicion"
3842-38-LP26,17.5706,8.8384,0,"mejoramiento, construccion, plaza, reposicion"
3880-72-LE26,15.9991,8.051,0,"mejoramiento, construccion, plaza, reposicion"
3948-39-LE26,16.3178,11.8541,1,"produccion, habitabilidad, navidad, juguetes"
4044-52-LE26,10.04,11.6794,25,"audiovisual, instrumentos, musica, audiovisuales"
4146-11-L126,15.0774,9.7232,0,"mejoramiento, construccion, plaza, reposicion"
4157-20-LE26,13.6244,12.0962,10,"transporte, escolar, turismo, disposicion"
4291-52-L126,10.5579,6.3423,19,"led, laser, pantalla, arriendo"
4342-2-LP26,14.2012,10.3099,0,"mejoramiento, construccion, plaza, reposicion"
4375-128-LE26,12.1115,8.7529,-1,Sin tema
4406-21-LP26,17.6207,8.4139,0,"mejoramiento, construccion, plaza, reposicion"
4592-18-LP26,11.7861,7.6582,-1,Sin tema
4689-24-LE26,10.7263,11.2035,-1,Sin tema
4737-11-LE26,15.6512,11.3921,1,"produccion, habitabilidad, navidad, juguetes"
4880-41-LE26,14.3257,9.2063,-1,Sin tema
4885-24-L126,17.9334,10.4771,21,"cultural, produccion, artes, culturales"
761984-19-LE26,15.1066,8.829,0,"mejoramiento, construccion, plaza, reposicion"
799512-66-LE26,15.4491,8.9216,-1,Sin tema
809-54-LP26,16.7694,11.6003,1,"produccion, habitabilidad, navidad, juguetes"
823-6-O126,10.7805,11.7191,28,"televigilancia, sistema, instalacion sistema, instalacion"
900-50-L126,11.6056,10.3382,-1,Sin tema
911089-7-LE26,15.6177,9.065,0,"mejoramiento, construccion, plaza, reposicion"
924-23-L126,14.562,4.955,-1,Sin tema
948356-161-LP26,14.1903,4.2653,-1,Sin tema
966131-64-LP26,17.3258,8.8359,0,"mejoramiento, construccion, plaza, reposicion"
980313-38-LE26,14.5771,9.7845,0,"mejoramiento, construccion, plaza, reposicion"
4922-6-LE26,15.524,10.5523,-1,Sin tema
514847-15-L126,13.9528,13.0437,4,"cursos, educacionales, establecimientos educacionales, chinchorro"
5184-127-LE26,14.8095,6.4187,-1,Sin tema
5198-28-L126,12.1364,10.7403,5,"seguridad, guardias, proteccion, proteccion personal"
5293-21-LE26,14.5863,5.5868,8,"odontologicos, insumos odontologicos, instrumental, anatomia"
5349-118-L126,12.883,10.8337,5,"seguridad, guardias, proteccion, proteccion personal"
5349-121-LE26,12.96,9.7427,-1,Sin tema
548850-3-LE26,12.2079,10.7205,5,"seguridad, guardias, proteccion, proteccion personal"
552975-79-LP26,15.4245,9.833,0,"mejoramiento, construccion, plaza, reposicion"
591-15-LR26,12.5146,10.6463,5,"seguridad, guardias, proteccion, proteccion personal"
621-778-LR26,13.4905,7.281,-1,Sin tema
622844-1-LR26,15.93,4.895,-1,Sin tema
635-152-L126,15.6651,10.5714,-1,Sin tema
643-30-LE26,15.7856,9.2407,0,"mejoramiento, construccion, plaza, reposicion"
662237-23-LE26,12.3306,9.6195,17,"laboratorio, cen, automotriz, panel"
673663-38-LP26,15.4978,9.4483,0,"mejoramiento, construccion, plaza, reposicion"
685103-5-LE26,14.6437,7.8431,0,"mejoramiento, construccion, plaza, reposicion"
686610-2-LE26,13.6416,11.9737,10,"transporte, escolar, turismo, disposicion"
707425-48-CO26,10.7036,9.7838,13,"electrico, electrica, electricos, sistema electrico"
777304-34-LE26,13.0631,3.3572,2,"ninos, provincial, rio, jose"
809-58-LE26,11.2771,11.9612,14,"internet, fija, movil, satelital"
852-33-LE26,10.6479,8.0237,3,"materiales, material, materiales construccion, proyecto"
867990-78-L126,14.1999,6.1298,-1,Sin tema
886954-320-LP26,14.7577,7.121,-1,Sin tema
899-44-LE26,13.551,3.3592,2,"ninos, provincial, rio, jose"
900-45-LP26,12.951,10.0211,-1,Sin tema
903782-1-R126,13.2042,8.1161,-1,Sin tema
990973-6-LE26,15.2545,8.8525,0,"mejoramiento, construccion, plaza, reposicion"
1004-50-R126,11.1219,7.9622,3,"materiales, material, materiales construccion, proyecto"
1028871-34-LE26,13.0848,7.932,-1,Sin tema
1028897-41-LE26,11.2015,8.5595,3,"materiales, material, materiales construccion, proyecto"
1036569-15-L126,14.5609,10.2396,0,"mejoramiento, construccion, plaza, reposicion"
1057049-278-LP26,14.4033,4.898,7,"medicamentos, medicos, farmacos, insumos medicos"
1057055-58-LE26,14.0525,3.9853,-1,Sin tema
1057384-135-CO26,16.6643,4.5412,6,"alimentacion, break, alojamiento, com"
1057384-77-L126,16.2331,9.0231,-1,Sin tema
1057390-50-CO26,13.9149,7.5451,-1,Sin tema
1057402-121-LR26,14.2734,5.5927,8,"odontologicos, insumos odontologicos, instrumental, anatomia"
1057402-137-LE26,16.8701,12.0436,1,"produccion, habitabilidad, navidad, juguetes"
1057402-181-LE26,14.5244,9.0225,-1,Sin tema
1057417-184-LE26,14.4572,9.1965,-1,Sin tema
1057429-94-LE26,13.2056,9.8248,-1,Sin tema
1057474-24-LE26,15.2437,5.077,27,"biobio, zona, carabineros, compatible"
1057489-302-LE26,13.0347,9.1208,-1,Sin tema
1057501-325-LP26,14.9415,9.2062,-1,Sin tema
1057501-401-LR26,11.2461,6.9978,19,"led, laser, pantalla, arriendo"
1057508-110-LE26,15.5961,10.2765,0,"mejoramiento, construccion, plaza, reposicion"
1057891-18-LP26,14.1136,4.0341,-1,Sin tema
1057898-89-LP26,13.37,3.5383,2,"ninos, provincial, rio, jose"
1058071-20-LE26,14.4141,4.3892,7,"medicamentos, medicos, farmacos, insumos medicos"
1059082-20-L126,15.052,12.635,16,"social, fiscal, fiscales, sede social"
1079639-20-LE26,14.2689,7.9604,-1,Sin tema
1092-7-LE26,16.1681,7.7794,0,"mejoramiento, construccion, plaza, reposicion"
1101892-5-LE26,14.1923,7.7263,-1,Sin tema
1108338-40-LE26,16.3135,6.4838,-1,Sin tema
1110404-166-LE26,13.2861,13.5933,4,"cursos, educacionales, establecimientos educacionales, chinchorro"
1126922-40-L126,12.2144,11.6224,12,"software, licencias, renovacion, renovacion licencias"
1155683-24-LE26,14.7774,8.4995,-1,Sin tema
1171317-10-LP26,14.9048,11.6395,16,"social, fiscal, fiscales, sede social"
1173263-3-LE26,16.6238,6.7502,24,"farmacia, planta, farmacos, plantas"
1191688-63-LE26,12.7533,9.7859,-1,Sin tema
1191688-74-LE26,14.3067,6.8645,15,"bmc, equipos, repuestos, chee"
1202333-71-LE26,14.9174,9.7206,0,"mejoramiento, construccion, plaza, reposicion"
1233613-69-LE26,16.8361,12.0803,1,"produccion, habitabilidad, navidad, juguetes"
1238177-23-LP26,15.298,8.4816,0,"mejoramiento, construccion, plaza, reposicion"
1261592-59-LP26,14.2518,5.8678,8,"odontologicos, insumos odontologicos, instrumental, anatomia"
1300-52-LP26,12.06,7.1971,-1,Sin tema
1305527-5-LP26,11.8557,11.8648,14,"internet, fija, movil, satelital"
1305544-51-LE26,17.1045,8.4997,0,"mejoramiento, construccion, plaza, reposicion"
1331-6-LP26,14.1081,11.8547,10,"transporte, escolar, turismo, disposicion"
1340-51-LE26,13.0711,9.1655,-1,Sin tema
1426038-58-LE26,13.9179,4.3184,7,"medicamentos, medicos, farmacos, insumos medicos"
1432083-16-LE26,16.8698,9.0566,-1,Sin tema
1462-32-L126,13.567,4.6274,-1,Sin tema
1476917-3-LE26,12.0901,9.2344,17,"laboratorio, cen, automotriz, panel"
1479098-29-L126,15.0189,8.4776,-1,Sin tema
1501-9-O126,16.8823,11.1623,1,"produccion, habitabilidad, navidad, juguetes"
1505-24-LP26,14.8316,9.3072,-1,Sin tema
1511-59-LP26,15.641,6.965,0,"mejoramiento, construccion, plaza, reposicion"
1552-84-LP26,15.2806,9.3038,0,"mejoramiento, construccion, plaza, reposicion"
1626-26-L126,13.7683,4.3561,7,"medicamentos, medicos, farmacos, insumos medicos"
1664-23-L126,13.3839,3.6167,2,"ninos, provincial, rio, jose"
1736-106-L126,14.336,4.7224,7,"medicamentos, medicos, farmacos, insumos medicos"
1743-70-LP26,14.1401,9.9422,0,"mejoramiento, construccion, plaza, reposicion"
1798-6-LE26,12.6596,10.7339,5,"seguridad, guardias, proteccion, proteccion personal"
1947-176-LP26,13.9448,3.331,2,"ninos, provincial, rio, jose"
2069-127-LP26,13.6528,7.437,-1,Sin tema
2069-160-LP26,11.2869,5.1302,-1,Sin tema
2101-143-LE26,14.6714,9.8975,0,"mejoramiento, construccion, plaza, reposicion"
2107-111-LP26,14.009,3.2257,2,"ninos, provincial, rio, jose"
2126-148-LP26,14.3069,4.5877,7,"medicamentos, medicos, farmacos, insumos medicos"
2137-20-LP26,14.8512,8.3189,-1,Sin tema
2145-59-LE26,13.5596,3.0857,2,"ninos, provincial, rio, jose"
2153-62-LE26,13.8435,9.1385,-1,Sin tema
2274-46-L126,16.6362,10.8794,1,"produccion, habitabilidad, navidad, juguetes"
2284-38-L126,16.2995,10.5725,26,"municipales, salud solicitud, area salud, solicitud"
2295-94-LE26,15.3217,5.1667,27,"biobio, zona, carabineros, compatible"
2297-29-LE26,15.3426,7.2237,0,"mejoramiento, construccion, plaza, reposicion"
2308-81-LE26,15.6164,8.405,0,"mejoramiento, construccion, plaza, reposicion"
2324-115-LE26,15.365,10.2283,-1,Sin tema
2332-46-LP26,11.1281,11.7387,14,"internet, fija, movil, satelital"
2335-57-LE26,14.4792,4.4909,7,"medicamentos, medicos, farmacos, insumos medicos"
2337-30-LR26,13.842,8.6674,-1,Sin tema
2360-76-LE26,16.1194,8.5998,0,"mejoramiento, construccion, plaza, reposicion"
2378-108-LP26,16.9454,10.9525,1,"produccion, habitabilidad, navidad, juguetes"
2385-44-LE26,10.5718,8.4961,3,"materiales, material, materiales construccion, proyecto"
2408-129-LE26,16.2627,9.4311,0,"mejoramiento, construccion, plaza, reposicion"
2408-158-LE26,15.7186,9.1035,0,"mejoramiento, construccion, plaza, reposicion"
2409-50-L126,12.8729,10.7506,5,"seguridad, guardias, proteccion, proteccion personal"
2409-74-LE26,16.6985,8.667,0,"mejoramiento, construccion, plaza, reposicion"
2446-289-LP26,11.2324,8.3262,3,"materiales, material, materiales construccion, proyecto"
2597-24-LE26,17.6709,8.0959,0,"mejoramiento, construccion, plaza, reposicion"
2684-45-LR26,11.2594,10.3453,-1,Sin tema
2731-25-LE26,16.4491,12.4039,-1,Sin tema
2735-130-LE26,13.8251,8.9313,23,"sistema, tecnico, sistemas, control"
2736-38-LE26,15.35,7.5018,0,"mejoramiento, construccion, plaza, reposicion"
2792-12-L126,15.6181,9.4632,0,"mejoramiento, construccion, plaza, reposicion"
2793-128-LE26,14.9834,10.5904,-1,Sin tema
2799-27-LE26,11.7286,10.9723,-1,Sin tema
2981-274-LE26,16.2815,7.7257,-1,Sin tema
2982-53-LE26,15.9348,10.3913,0,"mejoramiento, construccion, plaza, reposicion"
29-84-LE26,13.9455,6.831,15,"bmc, equipos, repuestos, chee"
3017-57-LE26,10.7369,7.8934,3,"materiales, material, materiales construccion, proyecto"
3017-59-LE26,10.466,8.2958,3,"materiales, material, materiales construccion, proyecto"
3100-10-LE26,16.8224,7.0362,24,"farmacia, planta, farmacos, plantas"
3173-25-LE26,12.8352,9.2609,22,"aire, aire acondicionado, acondicionado, fuera"
3179-65-LE26,14.8564,7.5992,0,"mejoramiento, construccion, plaza, reposicion"
3384-21-LE26,10.8683,8.3054,3,"materiales, material, materiales construccion, proyecto"
3415-26-LE26,14.8071,6.6094,-1,Sin tema
3499-26-LP26,16.6831,8.2132,0,"mejoramiento, construccion, plaza, reposicion"
3649-23-LE26,15.5849,11.6225,1,"produccion, habitabilidad, navidad, juguetes"
3709-57-LE26,15.3911,9.0671,0,"mejoramiento, construccion, plaza, reposicion"
3791-64-LE26,11.5907,9.1128,3,"materiales, material, materiales construccion, proyecto"
3885-55-LP26,16.8248,6.9296,24,"farmacia, planta, farmacos, plantas"
3898-16-L126,15.303,12.3993,16,"social, fiscal, fiscales, sede social"
3949-7-LE26,5.9666,2.8976,20,"protesis, removibles, instrumental, destinado"
4179-45-LP26,16.1218,9.4592,0,"mejoramiento, construccion, plaza, reposicion"
4295-88-LP26,15.4685,7.3884,0,"mejoramiento, construccion, plaza, reposicion"
4308-19-L126,11.2056,8.4387,3,"materiales, material, materiales construccion, proyecto"
4451-94-LE26,13.8191,6.6927,15,"bmc, equipos, repuestos, chee"
4469-184-L126,16.9288,7.5199,-1,Sin tema
4469-196-L126,12.6139,7.4741,9,"insumos clinicos, upla, solicitud, clinicos"
4469-197-L126,16.916,5.2188,6,"alimentacion, break, alojamiento, com"
4469-198-L126,13.1907,7.1443,9,"insumos clinicos, upla, solicitud, clinicos"
4475-23-LE26,11.902,10.9364,-1,Sin tema
4828-6-LE26,13.6922,10.6915,0,"mejoramiento, construccion, plaza, reposicion"
4880-42-LE26,14.8075,11.1383,18,"produccion, produccion integral, integral, produccion eventos"
4888-20-LE26,9.8378,11.7002,25,"audiovisual, instrumentos, musica, audiovisuales"
4940-6-LR26,13.8441,4.3895,7,"medicamentos, medicos, farmacos, insumos medicos"
501-11-LE26,15.2591,8.5471,0,"mejoramiento, construccion, plaza, reposicion"
5027-2-LP26,16.5969,4.6226,6,"alimentacion, break, alojamiento, com"
507428-126-LE26,13.4256,5.241,-1,Sin tema
5215-31-LE26,15.9403,8.1223,0,"mejoramiento, construccion, plaza, reposicion"
5325-29-LE26,16.6073,9.0063,0,"mejoramiento, construccion, plaza, reposicion"
548874-58-LE26,15.2399,11.0561,18,"produccion, produccion integral, integral, produccion eventos"
558869-43-LR26,13.6047,13.3024,4,"cursos, educacionales, establecimientos educacionales, chinchorro"
568658-77-LE26,17.6394,8.4007,0,"mejoramiento, construccion, plaza, reposicion"
575924-12-LE26,15.2146,8.6654,0,"mejoramiento, construccion, plaza, reposicion"
5865-5-R126,15.1328,7.4973,0,"mejoramiento, construccion, plaza, reposicion"
619133-107-LP26,13.9573,3.5164,-1,Sin tema
621-771-LR26,12.0757,6.6801,11,"sol, solucion, solicitud, ecs"
634-89-LP26,15.9966,8.6951,0,"mejoramiento, construccion, plaza, reposicion"
650-32-O126,13.6735,7.4164,-1,Sin tema
662237-29-LE26,13.3503,13.4369,4,"cursos, educacionales, establecimientos educacionales, chinchorro"
696704-2-LE26,10.6905,9.6444,13,"electrico, electrica, electricos, sistema electrico"
696954-2-LE26,16.0218,7.6823,0,"mejoramiento, construccion, plaza, reposicion"
705290-64-LE26,16.5493,4.6789,6,"alimentacion, break, alojamiento, com"
712307-58-O126,15.2575,11.216,1,"produccion, habitabilidad, navidad, juguetes"
733913-14-LE26,16.7128,8.4374,0,"mejoramiento, construccion, plaza, reposicion"
740-15-LE26,15.7696,9.4847,-1,Sin tema
776-32-LE26,14.6412,10.1305,0,"mejoramiento, construccion, plaza, reposicion"
808-7-LE26,17.6778,10.2935,21,"cultural, produccion, artes, culturales"
848-30-LE26,11.1071,7.9451,3,"materiales, material, materiales construccion, proyecto"
867990-103-L126,12.268,7.5071,-1,Sin tema
867990-104-L126,13.0225,8.7052,-1,Sin tema
867990-97-LE26,12.5359,7.1823,-1,Sin tema
885-71-LP26,15.1574,10.548,-1,Sin tema
886954-294-LP26,13.7658,4.569,-1,Sin tema
889473-47-LE26,12.3926,9.6759,30,"agua, agua purificada, purificada, aguas"
891-5-LR26,14.5503,7.9194,0,"mejoramiento, construccion, plaza, reposicion"
905-30-LE26,10.7479,9.7587,13,"electrico, electrica, electricos, sistema electrico"
948356-120-LE26,13.8138,5.5456,8,"odontologicos, insumos odontologicos, instrumental, anatomia"
948356-158-LE26,13.6799,3.8767,-1,Sin tema
972845-8-LP26,16.8044,4.4395,6,"alimentacion, break, alojamiento, com"
986278-19-L126,16.9005,11.3627,1,"produccion, habitabilidad, navidad, juguetes"
1002772-72-LP26,12.9324,8.5748,31,"bombas, infusion, ventanas, combustible"
1002772-78-LP26,15.4652,8.2166,0,"mejoramiento, construccion, plaza, reposicion"
1020-5-LR26,13.7507,9.3022,23,"sistema, tecnico, sistemas, control"
1028897-36-LE26,11.2056,8.536,3,"materiales, material, materiales construccion, proyecto"
1057049-363-LE26,14.726,7.1165,-1,Sin tema
1057384-141-L126,13.6616,3.2906,2,"ninos, provincial, rio, jose"
1057384-142-L126,14.3904,4.7131,-1,Sin tema
1057384-152-L126,15.661,7.3089,-1,Sin tema
1057385-47-LE26,14.1832,4.7021,-1,Sin tema
1057390-52-CO26,13.8168,13.127,4,"cursos, educacionales, establecimientos educacionales, chinchorro"
1057402-159-LE26,16.4192,4.8031,6,"alimentacion, break, alojamiento, com"
1057402-165-LP26,13.6065,7.4365,-1,Sin tema
1057432-87-LE26,14.7408,7.3362,-1,Sin tema
1057509-257-LE26,15.2524,8.7331,0,"mejoramiento, construccion, plaza, reposicion"
1057509-312-LE26,15.4094,9.5793,0,"mejoramiento, construccion, plaza, reposicion"
1057534-44-LE26,12.5035,8.4785,-1,Sin tema
1058086-49-LP26,16.5639,6.7326,24,"farmacia, planta, farmacos, plantas"
1063534-5-LE26,11.648,10.9398,-1,Sin tema
1070620-100-LP26,14.5187,4.5566,7,"medicamentos, medicos, farmacos, insumos medicos"
1079-1-L126,15.0151,9.5365,0,"mejoramiento, construccion, plaza, reposicion"
1082957-33-L126,11.3711,11.8587,14,"internet, fija, movil, satelital"
1090-12-L126,16.6297,7.0356,-1,Sin tema
1090-14-LE26,13.1671,9.8454,-1,Sin tema
1095439-17-LP26,17.7214,8.0366,0,"mejoramiento, construccion, plaza, reposicion"
1101892-4-LE26,14.7256,7.3068,-1,Sin tema
1133353-47-LE26,16.5503,11.2763,1,"produccion, habitabilidad, navidad, juguetes"
1149-18-O126,16.4945,8.1731,0,"mejoramiento, construccion, plaza, reposicion"
1149-23-O123,16.7964,8.3377,0,"mejoramiento, construccion, plaza, reposicion"
1149-36-O124,15.0508,12.6365,16,"social, fiscal, fiscales, sede social"
1149-45-O124,15.9459,7.6258,0,"mejoramiento, construccion, plaza, reposicion"
1171166-20-LE26,15.2782,5.1283,27,"biobio, zona, carabineros, compatible"
1171317-40-LE26,12.5097,8.9105,-1,Sin tema
1173418-1-LE26,15.6242,7.0396,0,"mejoramiento, construccion, plaza, reposicion"
1180730-38-LE26,14.2151,7.8991,-1,Sin tema
1230848-65-L126,14.562,7.4825,-1,Sin tema
1233600-50-L126,14.1618,5.5923,8,"odontologicos, insumos odontologicos, instrumental, anatomia"
1233829-12-LE26,16.8083,4.4201,6,"alimentacion, break, alojamiento, com"
1288419-8-LE26,12.3623,8.4147,-1,Sin tema
1291-21-LP26,13.2164,10.4198,-1,Sin tema
1339159-30-LE26,10.8496,11.711,28,"televigilancia, sistema, instalacion sistema, instalacion"
1375753-24-LP26,13.7464,13.0206,4,"cursos, educacionales, establecimientos educacionales, chinchorro"
1417913-122-LE26,12.9105,10.8152,5,"seguridad, guardias, proteccion, proteccion personal"
14-29-LE26,17.6757,9.0896,-1,Sin tema
1447926-3-LE26,17.0758,10.9189,1,"produccion, habitabilidad, navidad, juguetes"
1469-225-L126,14.2794,5.7473,8,"odontologicos, insumos odontologicos, instrumental, anatomia"
1469-238-L126,16.0524,9.8086,0,"mejoramiento, construccion, plaza, reposicion"
1515304-178-LE26,16.1482,6.9278,-1,Sin tema
1515304-202-LE26,13.7156,6.7185,15,"bmc, equipos, repuestos, chee"
1626-20-L126,16.2933,6.5368,-1,Sin tema
1696-17-L126,10.7356,9.783,13,"electrico, electrica, electricos, sistema electrico"
1736-102-LE26,14.4572,9.9952,0,"mejoramiento, construccion, plaza, reposicion"
1851-19-LP26,16.6898,11.717,1,"produccion, habitabilidad, navidad, juguetes"
1947-167-LE26,14.5686,5.738,-1,Sin tema
1950-56-LP26,13.5368,5.236,-1,Sin tema
1962-14-LE26,14.6705,8.6359,-1,Sin tema
2080-204-LP26,14.3278,8.2255,-1,Sin tema
2145-51-LE26,13.5348,3.164,2,"ninos, provincial, rio, jose"
2157-148-LE26,13.9445,9.2298,-1,Sin tema
2170-11-LE26,11.9702,9.5494,30,"agua, agua purificada, purificada, aguas"
2271-69-LE26,12.1675,8.9823,30,"agua, agua purificada, purificada, aguas"
2284-39-L126,14.1182,5.3676,-1,Sin tema
2297-24-LE26,16.281,10.3224,26,"municipales, salud solicitud, area salud, solicitud"
229-99-LE26,11.2553,11.8806,14,"internet, fija, movil, satelital"
2360-75-LE26,16.2046,8.6202,0,"mejoramiento, construccion, plaza, reposicion"
2369-89-LP26,12.687,10.8816,5,"seguridad, guardias, proteccion, proteccion personal"
2405-75-R126,13.6119,6.5106,-1,Sin tema
2408-176-LE26,13.7275,13.1766,4,"cursos, educacionales, establecimientos educacionales, chinchorro"
2408-239-LE26,14.1137,10.1456,0,"mejoramiento, construccion, plaza, reposicion"
2421-50-LR26,14.7803,8.9767,-1,Sin tema
2446-171-LE26,16.2805,8.869,-1,Sin tema
2450-92-CO26,15.4781,7.9554,-1,Sin tema
2460-104-LE26,13.0077,8.288,-1,Sin tema
2462-37-LE26,16.7422,11.7011,1,"produccion, habitabilidad, navidad, juguetes"
2483-248-CO26,15.7622,10.6912,-1,Sin tema
2490-37-LE26,16.0512,9.1594,0,"mejoramiento, construccion, plaza, reposicion"
2656-72-LR26,12.7151,10.8005,5,"seguridad, guardias, proteccion, proteccion personal"
2658-334-L126,10.6401,9.5998,13,"electrico, electrica, electricos, sistema electrico"
2660-80-LE26,11.2567,11.8664,14,"internet, fija, movil, satelital"
2696-14-LE26,13.658,12.2653,10,"transporte, escolar, turismo, disposicion"
2770-143-LP26,13.8752,13.0428,4,"cursos, educacionales, establecimientos educacionales, chinchorro"
2770-144-LE26,14.9696,7.943,0,"mejoramiento, construccion, plaza, reposicion"
2775-115-B226,16.1592,10.1707,0,"mejoramiento, construccion, plaza, reposicion"
299-21-LE26,13.0027,10.0672,-1,Sin tema
3017-51-LE26,10.4679,8.1327,3,"materiales, material, materiales construccion, proyecto"
3017-52-LE26,10.9949,7.8303,3,"materiales, material, materiales construccion, proyecto"
3017-60-LE26,10.7998,7.8828,3,"materiales, material, materiales construccion, proyecto"
3085-67-LE26,13.0316,8.4334,31,"bombas, infusion, ventanas, combustible"
3085-69-L126,10.9754,8.5265,3,"materiales, material, materiales construccion, proyecto"
3172-72-LE26,14.4644,9.58,-1,Sin tema
3173-27-LE26,13.749,6.7082,15,"bmc, equipos, repuestos, chee"
3179-62-LE26,14.7576,9.1561,0,"mejoramiento, construccion, plaza, reposicion"
3243-15-LP26,13.4252,7.9858,-1,Sin tema
331-7-O125,15.2653,10.0003,-1,Sin tema
3568-28-LE26,15.6971,7.9095,-1,Sin tema
3608-24-LE26,11.9552,9.1188,30,"agua, agua purificada, purificada, aguas"
3695-34-LE26,15.8262,8.3391,-1,Sin tema
3711-25-LP26,14.7968,10.3019,0,"mejoramiento, construccion, plaza, reposicion"
3730-98-L126,15.2388,10.844,18,"produccion, produccion integral, integral, produccion eventos"
3799-24-LE26,16.5218,8.0238,0,"mejoramiento, construccion, plaza, reposicion"
3820-19-LP26,15.2933,7.7362,0,"mejoramiento, construccion, plaza, reposicion"
3833-59-LP26,15.1282,7.4303,0,"mejoramiento, construccion, plaza, reposicion"
3858-28-R126,14.66,9.3673,-1,Sin tema
3880-67-LE26,15.2849,8.846,0,"mejoramiento, construccion, plaza, reposicion"
3889-36-LP26,16.5467,9.1649,-1,Sin tema
3907-12-LE26,12.3173,9.4557,17,"laboratorio, cen, automotriz, panel"
4055-81-L126,14.5734,8.7878,-1,Sin tema
4083-5-LE26,10.5686,6.3519,19,"led, laser, pantalla, arriendo"
4113-54-LE26,16.3431,10.4449,26,"municipales, salud solicitud, area salud, solicitud"
4134-37-LP26,16.648,9.8562,-1,Sin tema
4170-59-LE26,15.3229,10.9869,18,"produccion, produccion integral, integral, produccion eventos"
4295-71-LE26,11.095,8.5128,3,"materiales, material, materiales construccion, proyecto"
4295-74-LE26,5.94,2.9291,20,"protesis, removibles, instrumental, destinado"
4309-263-LE26,15.6016,7.5053,-1,Sin tema
4469-171-L126,12.349,7.4347,-1,Sin tema
4469-179-L126,12.9617,7.5138,-1,Sin tema
4858-63-LE26,16.0214,8.1375,0,"mejoramiento, construccion, plaza, reposicion"
4939-17-L126,15.9714,8.3434,0,"mejoramiento, construccion, plaza, reposicion"
5056-102-LP26,13.5259,5.3771,-1,Sin tema
5110-15-LE26,17.8632,8.5438,0,"mejoramiento, construccion, plaza, reposicion"
5147-46-B226,15.8439,7.1617,0,"mejoramiento, construccion, plaza, reposicion"
514862-132-LE26,13.5886,7.2777,-1,Sin tema
5153-13-LE26,15.1615,8.1178,0,"mejoramiento, construccion, plaza, reposicion"
5158-8-LP26,11.2263,11.8885,14,"internet, fija, movil, satelital"
5209-31-LR25,15.5502,7.9597,0,"mejoramiento, construccion, plaza, reposicion"
5349-103-L126,12.3935,12.5211,12,"software, licencias, renovacion, renovacion licencias"
5349-112-L126,13.6553,3.0627,2,"ninos, provincial, rio, jose"
5349-123-LP26,14.3467,10.3383,0,"mejoramiento, construccion, plaza, reposicion"
5583-1-LP26,15.8156,12.4741,-1,Sin tema
5612-8-LE26,12.282,6.8468,11,"sol, solucion, solicitud, ecs"
570989-3-L126,12.3328,9.6666,17,"laboratorio, cen, automotriz, panel"
606-26-LE26,12.9083,11.4175,-1,Sin tema
608897-54-LE26,15.9354,9.9858,0,"mejoramiento, construccion, plaza, reposicion"
621-773-LR26,12.4402,6.7588,11,"sol, solucion, solicitud, ecs"
622847-16-LE26,10.6044,6.3753,19,"led, laser, pantalla, arriendo"
633-64-LR26,12.9002,8.6334,31,"bombas, infusion, ventanas, combustible"
644-3-LE26,13.7361,13.2029,4,"cursos, educacionales, establecimientos educacionales, chinchorro"
691-7-LE26,17.5637,8.0285,0,"mejoramiento, construccion, plaza, reposicion"
693-34-LE26,12.6008,8.4426,-1,Sin tema
701280-1-LE26,13.8384,11.9435,10,"transporte, escolar, turismo, disposicion"
704093-109-O126,9.9372,6.9168,-1,Sin tema
745712-13-LP26,14.9572,5.4345,27,"biobio, zona, carabineros, compatible"
765-23-LE26,15.2908,7.3998,0,"mejoramiento, construccion, plaza, reposicion"
812261-65-LR26,15.1997,9.3634,0,"mejoramiento, construccion, plaza, reposicion"
812261-75-LP26,15.6668,8.9342,0,"mejoramiento, construccion, plaza, reposicion"
825-8-O126,12.6782,3.4545,-1,Sin tema
848-28-LE26,13.8399,8.8131,-1,Sin tema
867990-95-L126,12.8353,12.2902,12,"software, licencias, renovacion, renovacion licencias"
867990-99-L126,11.3879,11.7161,14,"internet, fija, movil, satelital"
891-3-LP26,15.2861,5.1274,27,"biobio, zona, carabineros, compatible"
898-131-LP26,14.4276,5.2803,-1,Sin tema
948355-79-LE26,13.6718,3.4974,2,"ninos, provincial, rio, jose"
948356-139-LE26,14.3051,4.3341,7,"medicamentos, medicos, farmacos, insumos medicos"
979-58-LE26,11.5219,9.197,3,"materiales, material, materiales construccion, proyecto"
1002592-6-LP26,11.802,11.8848,14,"internet, fija, movil, satelital"
1020-53-LR26,14.5607,8.0518,0,"mejoramiento, construccion, plaza, reposicion"
1024-49-LP26,16.1817,8.4799,0,"mejoramiento, construccion, plaza, reposicion"
1039-11-LP26,13.495,11.8809,10,"transporte, escolar, turismo, disposicion"
1048-76-LE26,15.9127,7.5313,-1,Sin tema
1057402-176-LP26,13.4596,3.644,2,"ninos, provincial, rio, jose"
1057417-119-LP26,14.8942,5.5673,27,"biobio, zona, carabineros, compatible"
1057417-248-CO26,14.7265,8.9605,-1,Sin tema
1057417-24-LP26,13.728,4.9535,-1,Sin tema
1057461-54-LE26,13.8865,3.2007,2,"ninos, provincial, rio, jose"
1057472-129-LE26,15.235,7.3802,0,"mejoramiento, construccion, plaza, reposicion"
1057491-181-LE26,5.9236,2.9555,20,"protesis, removibles, instrumental, destinado"
1057501-559-LR26,14.5811,9.473,0,"mejoramiento, construccion, plaza, reposicion"
1057501-587-LE26,15.7005,8.0671,0,"mejoramiento, construccion, plaza, reposicion"
1057508-113-LE26,15.357,9.975,0,"mejoramiento, construccion, plaza, reposicion"
1057509-336-LP26,13.3459,3.6536,-1,Sin tema
1057536-104-LE26,14.7457,5.8143,8,"odontologicos, insumos odontologicos, instrumental, anatomia"
1057539-123-LR26,16.3625,7.3028,-1,Sin tema
1057544-296-LE26,13.5254,3.7518,-1,Sin tema
1057544-316-LE26,13.6412,3.9064,-1,Sin tema
1057544-321-LP26,13.9967,4.9733,-1,Sin tema
1057544-322-LE26,13.9524,4.5099,-1,Sin tema
1057727-16-L126,13.3321,3.1274,2,"ninos, provincial, rio, jose"
1057898-99-LE26,15.8205,9.753,-1,Sin tema
1071580-2-L126,13.5124,13.0352,4,"cursos, educacionales, establecimientos educacionales, chinchorro"
1076403-9-LR26,15.164,12.1671,-1,Sin tema
1079454-14-LP26,15.7613,8.6181,0,"mejoramiento, construccion, plaza, reposicion"
1079576-41-LE26,15.2764,5.1098,27,"biobio, zona, carabineros, compatible"
1127-11-LP26,16.7569,6.9331,24,"farmacia, planta, farmacos, plantas"
1149-13-O123,15.0661,12.6409,16,"social, fiscal, fiscales, sede social"
1149-26-O123,15.9576,8.448,-1,Sin tema
1173466-1-R226,11.1687,8.3032,3,"materiales, material, materiales construccion, proyecto"
1202333-81-LE26,17.2496,8.3071,0,"mejoramiento, construccion, plaza, reposicion"
1218393-47-LE26,14.0622,6.8307,-1,Sin tema
1233619-44-LE26,12.5466,12.5132,12,"software, licencias, renovacion, renovacion licencias"
1271178-48-LE26,14.3451,9.2726,0,"mejoramiento, construccion, plaza, reposicion"
1305527-6-LE26,12.4899,9.6949,17,"laboratorio, cen, automotriz, panel"
1305544-41-LP26,16.0868,8.791,-1,Sin tema
1469-241-L126,11.7015,11.5556,-1,Sin tema
1057402-147-LR26,16.7264,6.9025,24,"farmacia, planta, farmacos, plantas"
1057417-253-CO26,14.7982,6.3887,-1,Sin tema
1057480-58-LR26,13.3955,3.2168,2,"ninos, provincial, rio, jose"
1057501-445-LE26,15.3429,8.3658,0,"mejoramiento, construccion, plaza, reposicion"
1057509-251-LE26,15.923,9.0517,0,"mejoramiento, construccion, plaza, reposicion"
1057509-323-LP26,13.9832,5.6967,8,"odontologicos, insumos odontologicos, instrumental, anatomia"
1057532-79-L126,13.5636,11.9119,10,"transporte, escolar, turismo, disposicion"
1057547-401-LE26,14.413,5.8282,8,"odontologicos, insumos odontologicos, instrumental, anatomia"
1057727-13-LE26,15.4348,11.6134,1,"produccion, habitabilidad, navidad, juguetes"
1057891-17-LP26,15.7108,6.9482,0,"mejoramiento, construccion, plaza, reposicion"
1057996-7-L126,12.0769,6.6154,11,"sol, solucion, solicitud, ecs"
1063538-217-LP26,15.5426,8.2675,0,"mejoramiento, construccion, plaza, reposicion"
1070620-61-LE26,14.912,8.3259,0,"mejoramiento, construccion, plaza, reposicion"
1078177-56-LE26,16.3443,8.7876,-1,Sin tema
1079694-43-LE26,15.2471,9.5246,-1,Sin tema
1080289-13-LE26,11.8446,7.845,-1,Sin tema
1098710-26-LP26,16.3069,9.0368,-1,Sin tema
1111089-15-LP26,12.4381,12.4976,12,"software, licencias, renovacion, renovacion licencias"
1113159-23-L126,14.3341,4.9745,7,"medicamentos, medicos, farmacos, insumos medicos"
1116006-4-LE26,16.2865,10.983,0,"mejoramiento, construccion, plaza, reposicion"
1143-10-LE26,15.311,5.1309,27,"biobio, zona, carabineros, compatible"
1149-3-O124,16.5338,8.4309,0,"mejoramiento, construccion, plaza, reposicion"
1149-7-O123,16.5107,7.9889,0,"mejoramiento, construccion, plaza, reposicion"
1155683-22-LE26,13.0764,10.7097,5,"seguridad, guardias, proteccion, proteccion personal"
1155683-23-LE26,15.8147,7.2621,0,"mejoramiento, construccion, plaza, reposicion"
1155683-26-L126,12.7595,8.8604,-1,Sin tema
1159-10-LE26,15.6036,8.1807,0,"mejoramiento, construccion, plaza, reposicion"
1208129-10-LP26,15.8156,12.4509,-1,Sin tema
1263503-3-O126,17.1126,11.0101,1,"produccion, habitabilidad, navidad, juguetes"
1274907-22-LE26,12.7216,10.8682,5,"seguridad, guardias, proteccion, proteccion personal"
1280-47-LP26,14.906,6.8931,0,"mejoramiento, construccion, plaza, reposicion"
1292-30-LE26,10.9885,8.0941,3,"materiales, material, materiales construccion, proyecto"
1305532-10-LE26,14.6403,10.2023,0,"mejoramiento, construccion, plaza, reposicion"
1340-54-LE26,11.8827,8.5858,-1,Sin tema
1348-6-LE26,15.38,10.3662,-1,Sin tema
1375757-28-LE26,14.52,7.9373,0,"mejoramiento, construccion, plaza, reposicion"
1386073-22-LE26,16.0875,11.78,1,"produccion, habitabilidad, navidad, juguetes"
1407-23-LE26,13.0888,7.1524,9,"insumos clinicos, upla, solicitud, clinicos"
1417913-129-LP26,16.5631,7.9905,-1,Sin tema
1422051-28-LP26,12.693,10.8019,5,"seguridad, guardias, proteccion, proteccion personal"
1425841-7-LE26,15.4391,7.5534,0,"mejoramiento, construccion, plaza, reposicion"
1430525-5-LE26,14.8485,9.1653,-1,Sin tema
1004-46-LP26,11.0364,8.1264,3,"materiales, material, materiales construccion, proyecto"
1049-78-LE26,15.8879,9.8161,0,"mejoramiento, construccion, plaza, reposicion"
1057049-252-B226,13.7369,3.2138,2,"ninos, provincial, rio, jose"
1057417-171-LE26,13.9847,5.0178,-1,Sin tema
1057417-251-CO26,15.7757,7.8035,0,"mejoramiento, construccion, plaza, reposicion"
1057417-252-CO26,14.7753,6.2106,-1,Sin tema
1057417-256-CO26,14.9054,6.3983,-1,Sin tema
1057429-91-LE26,10.6815,11.6589,28,"televigilancia, sistema, instalacion sistema, instalacion"
1057472-128-LE26,14.3554,10.1476,0,"mejoramiento, construccion, plaza, reposicion"
1057501-344-LP26,14.4638,5.3814,-1,Sin tema
1057501-439-LE26,13.9648,10.6171,0,"mejoramiento, construccion, plaza, reposicion"
1057501-597-LE26,12.251,7.2435,-1,Sin tema
1057509-286-LE26,13.5131,9.4259,29,"mantencion preventiva, preventiva, preventiva correctiva, correctiva"
1057539-155-LR26,14.087,4.2745,-1,Sin tema
1057547-403-LE26,14.3076,6.4376,-1,Sin tema
1057548-24-LE26,15.3057,8.526,0,"mejoramiento, construccion, plaza, reposicion"
1057645-8-LP26,16.8456,11.9547,1,"produccion, habitabilidad, navidad, juguetes"
1058132-39-LP26,14.3476,4.3826,7,"medicamentos, medicos, farmacos, insumos medicos"
1058134-51-LR26,14.3775,4.8328,7,"medicamentos, medicos, farmacos, insumos medicos"
1070620-104-LP26,13.336,6.8735,-1,Sin tema
1077920-10-LP26,14.3277,4.9684,7,"medicamentos, medicos, farmacos, insumos medicos"
1078177-50-LE26,11.0464,9.6545,13,"electrico, electrica, electricos, sistema electrico"
1110404-204-LE26,13.2877,13.6621,4,"cursos, educacionales, establecimientos educacionales, chinchorro"
1110404-219-LE26,13.3141,13.6298,4,"cursos, educacionales, establecimientos educacionales, chinchorro"
1172239-22-LP26,16.306,8.6607,-1,Sin tema
1175-53-LP26,11.9167,7.8811,-1,Sin tema
1176144-13-L126,13.4697,10.0206,-1,Sin tema
1180968-7-LE26,12.8862,7.4733,-1,Sin tema
1197594-16-LP26,13.6991,7.953,-1,Sin tema
1208100-7-LE26,14.1228,10.6296,0,"mejoramiento, construccion, plaza, reposicion"
1221016-37-L126,13.4616,13.4963,4,"cursos, educacionales, establecimientos educacionales, chinchorro"
1233822-24-LE26,15.3681,11.0703,18,"produccion, produccion integral, integral, produccion eventos"
1261-36-LR26,17.6226,8.121,0,"mejoramiento, construccion, plaza, reposicion"
1292-31-LE26,11.3443,8.5583,3,"materiales, material, materiales construccion, proyecto"
1300-44-LE26,12.0675,9.7023,30,"agua, agua purificada, purificada, aguas"
1305544-49-LE26,13.6707,12.4628,10,"transporte, escolar, turismo, disposicion"
1386073-23-LE26,15.9869,11.7522,1,"produccion, habitabilidad, navidad, juguetes"
1414396-21-LP26,13.821,6.8739,15,"bmc, equipos, repuestos, chee"
1422032-9-LE26,12.9768,8.6818,-1,Sin tema
1422035-31-LE26,15.5781,7.827,0,"mejoramiento, construccion, plaza, reposicion"
1422039-26-LE26,16.8147,8.9374,-1,Sin tema
1422039-27-LE26,16.5585,9.0247,-1,Sin tema
1469-203-L126,15.3087,10.059,-1,Sin tema
1515304-184-LE26,13.8679,6.792,15,"bmc, equipos, repuestos, chee"
1591-20-LE26,14.9978,8.7265,-1,Sin tema
1592-14-LE26,12.3721,12.5556,12,"software, licencias, renovacion, renovacion licencias"
1626-30-L126,13.2072,4.3224,0,"mejoramiento, construccion, plaza, reposicion"
1641-186-LR26,12.0817,6.6743,11,"sol, solucion, solicitud, ecs"
1658-236-LE26,16.8092,10.8667,1,"produccion, habitabilidad, navidad, juguetes"
188-74-B226,13.692,12.4346,10,"transporte, escolar, turismo, disposicion"
1947-159-LP26,13.9318,3.4247,2,"ninos, provincial, rio, jose"
1947-96-LR26,13.8932,3.3674,2,"ninos, provincial, rio, jose"
1980-11-LE26,13.1389,8.9363,22,"aire, aire acondicionado, acondicionado, fuera"
2069-147-LR26,16.6458,4.7613,6,"alimentacion, break, alojamiento, com"
2069-177-LP26,11.2872,5.1309,-1,Sin tema
2099-54-LE26,14.6224,7.2475,-1,Sin tema
2173-32-LE26,12.7238,7.1422,-1,Sin tema
2176-44-LE26,10.7205,9.6428,13,"electrico, electrica, electricos, sistema electrico"
2216-27-LE26,12.3532,12.573,12,"software, licencias, renovacion, renovacion licencias"
2271-68-LE26,12.1905,8.8761,17,"laboratorio, cen, automotriz, panel"
2322-93-LE26,13.4348,3.949,-1,Sin tema
2322-94-CO26,16.7431,9.4169,-1,Sin tema
2335-59-LE26,13.1577,7.0488,9,"insumos clinicos, upla, solicitud, clinicos"
2378-118-LE26,14.5957,9.8014,-1,Sin tema
2401-113-L126,15.2009,7.8965,0,"mejoramiento, construccion, plaza, reposicion"
2421-45-LE26,14.3666,9.277,-1,Sin tema
2422-154-LE26,12.882,7.353,9,"insumos clinicos, upla, solicitud, clinicos"
2423-64-LP26,14.5256,10.3117,0,"mejoramiento, construccion, plaza, reposicion"
2424-85-LE26,11.3142,7.1712,19,"led, laser, pantalla, arriendo"
2426-21-LP26,10.9699,9.5318,13,"electrico, electrica, electricos, sistema electrico"
2439-30-LE26,15.8653,8.3071,0,"mejoramiento, construccion, plaza, reposicion"
2448-126-LE26,12.705,6.9162,-1,Sin tema
2467-105-L126,15.3409,9.1734,0,"mejoramiento, construccion, plaza, reposicion"
2658-310-L126,15.6029,8.2245,0,"mejoramiento, construccion, plaza, reposicion"
2675-81-LP26,17.4592,7.9335,0,"mejoramiento, construccion, plaza, reposicion"
2686-124-LE26,14.8345,11.8377,16,"social, fiscal, fiscales, sede social"
2688-24-L126,12.6497,7.788,-1,Sin tema
2703-167-L126,14.6075,4.491,7,"medicamentos, medicos, farmacos, insumos medicos"
2703-201-L126,14.6245,4.5239,7,"medicamentos, medicos, farmacos, insumos medicos"
2713-159-LE26,11.4314,11.599,-1,Sin tema
2713-177-LE26,10.6486,9.4983,13,"electrico, electrica, electricos, sistema electrico"
2713-185-LE26,11.2985,5.1536,-1,Sin tema
2785-78-LE26,11.555,11.4918,-1,Sin tema
2974-81-B226,15.3246,9.1153,-1,Sin tema
2981-271-LE26,15.3734,7.7098,0,"mejoramiento, construccion, plaza, reposicion"
299-22-LE26,13.1212,8.098,-1,Sin tema
3084-33-LE26,13.2332,7.7733,9,"insumos clinicos, upla, solicitud, clinicos"
1469-250-L126,13.4186,7.8148,-1,Sin tema
1499-138-LP26,14.0982,4.6103,-1,Sin tema
1515304-204-LE26,12.8667,8.6992,31,"bombas, infusion, ventanas, combustible"
1638-82-LR26,13.8762,9.5023,-1,Sin tema
1641-346-LE26,13.3645,9.6766,29,"mantencion preventiva, preventiva, preventiva correctiva, correctiva"
1685-13-LE26,14.4754,8.7292,-1,Sin tema
1697-41-LP26,16.7777,8.6551,0,"mejoramiento, construccion, plaza, reposicion"
1894-19-LP26,11.4092,8.35,3,"materiales, material, materiales construccion, proyecto"
1895-35-LE26,11.7513,8.5569,3,"materiales, material, materiales construccion, proyecto"
1943-16-LE26,13.3043,9.1184,-1,Sin tema
2048-71-LE26,10.0412,11.7031,25,"audiovisual, instrumentos, musica, audiovisuales"
2099-53-LE26,15.0705,9.7566,-1,Sin tema
2101-165-L126,13.9614,9.5716,-1,Sin tema
2111-172-LE26,13.7037,7.6834,-1,Sin tema
2126-92-LR26,14.0961,7.1386,-1,Sin tema
2216-29-O126,13.3767,2.8965,2,"ninos, provincial, rio, jose"
2258-138-LP26,14.2254,5.0505,-1,Sin tema
2258-97-LE26,11.553,7.9655,-1,Sin tema
2273-61-LE26,16.267,6.8226,24,"farmacia, planta, farmacos, plantas"
2275-35-LP26,13.3855,7.8074,-1,Sin tema
2284-33-L126,16.4932,10.5956,-1,Sin tema
229-93-LE26,15.9524,4.8333,-1,Sin tema
2311-37-L126,11.2157,11.842,14,"internet, fija, movil, satelital"
2335-60-LE26,14.9064,4.1767,-1,Sin tema
2421-48-LE26,14.6402,8.9816,-1,Sin tema
2422-124-LR26,12.5362,6.8154,-1,Sin tema
2430-80-LR26,16.3668,11.359,1,"produccion, habitabilidad, navidad, juguetes"
2445-130-L126,13.8503,9.072,23,"sistema, tecnico, sistemas, control"
2448-135-LE26,15.342,8.7535,0,"mejoramiento, construccion, plaza, reposicion"
2448-140-LE26,15.7263,8.6719,0,"mejoramiento, construccion, plaza, reposicion"
2674-40-LE26,16.8625,6.9656,24,"farmacia, planta, farmacos, plantas"
2675-119-L126,14.4506,9.9168,0,"mejoramiento, construccion, plaza, reposicion"
2703-166-L126,14.6518,4.5416,7,"medicamentos, medicos, farmacos, insumos medicos"
2703-170-L126,14.5821,4.4554,7,"medicamentos, medicos, farmacos, insumos medicos"
2705-53-L126,15.2945,10.2657,-1,Sin tema
2711-19-LP26,13.2784,13.4788,4,"cursos, educacionales, establecimientos educacionales, chinchorro"
2766-122-LE26,15.4372,6.864,0,"mejoramiento, construccion, plaza, reposicion"
2770-148-LP26,15.9537,10.4278,-1,Sin tema
2784-51-LE26,10.7274,9.8544,13,"electrico, electrica, electricos, sistema electrico"
2924-27-B226,17.56,8.173,0,"mejoramiento, construccion, plaza, reposicion"
2981-258-LP26,15.1093,8.5343,0,"mejoramiento, construccion, plaza, reposicion"
3017-63-LE26,10.4535,8.1963,3,"materiales, material, materiales construccion, proyecto"
3047-53-LE26,14.5353,9.2392,0,"mejoramiento, construccion, plaza, reposicion"
3416-68-LE26,15.1954,7.9763,0,"mejoramiento, construccion, plaza, reposicion"
3880-68-LE26,14.4456,7.0767,15,"bmc, equipos, repuestos, chee"
1425773-13-CO26,16.0004,8.8,0,"mejoramiento, construccion, plaza, reposicion"
1462-31-LE26,15.1625,9.2441,-1,Sin tema
1492433-3-LE26,14.933,11.0631,18,"produccion, produccion integral, integral, produccion eventos"
1499-136-LP26,14.2014,4.5707,-1,Sin tema
1499-166-LR26,15.1365,7.6986,0,"mejoramiento, construccion, plaza, reposicion"
1515304-176-LE26,15.7703,7.8708,0,"mejoramiento, construccion, plaza, reposicion"
1515304-206-LP26,12.56,8.9614,22,"aire, aire acondicionado, acondicionado, fuera"
1552-93-LE26,14.1815,8.0193,-1,Sin tema
1558-20-LE26,12.1111,9.1202,-1,Sin tema
1641-420-LP26,14.4642,9.3804,0,"mejoramiento, construccion, plaza, reposicion"
1660-139-L126,13.7479,3.3351,2,"ninos, provincial, rio, jose"
1663-152-LP26,14.9962,7.7923,0,"mejoramiento, construccion, plaza, reposicion"
1702-29-L126,15.2025,7.3558,0,"mejoramiento, construccion, plaza, reposicion"
1736-111-LE26,16.6946,4.6105,6,"alimentacion, break, alojamiento, com"
1867-45-LR26,12.2841,9.0538,17,"laboratorio, cen, automotriz, panel"
1875-2-LP26,14.1185,11.8578,10,"transporte, escolar, turismo, disposicion"
188-79-LE26,13.7739,4.3923,7,"medicamentos, medicos, farmacos, insumos medicos"
188-90-LE26,13.4675,13.5165,4,"cursos, educacionales, establecimientos educacionales, chinchorro"
1960-10-LE26,17.8591,9.0626,-1,Sin tema
2005-17-LE26,12.0147,7.0535,11,"sol, solucion, solicitud, ecs"
2048-72-LP26,11.2611,10.3469,-1,Sin tema
2111-171-LP26,14.9216,4.9994,-1,Sin tema
2111-212-LP26,15.5131,8.5642,0,"mejoramiento, construccion, plaza, reposicion"
2111-227-LP26,15.4996,8.2473,0,"mejoramiento, construccion, plaza, reposicion"
2216-20-O126,14.0736,8.521,23,"sistema, tecnico, sistemas, control"
2216-22-O126,14.2939,9.5007,0,"mejoramiento, construccion, plaza, reposicion"
2216-25-LE26,12.3496,12.4796,12,"software, licencias, renovacion, renovacion licencias"
2292-65-L126,13.8914,3.9013,-1,Sin tema
2366-74-LE26,12.8773,8.5849,31,"bombas, infusion, ventanas, combustible"
2378-110-LP26,15.9608,8.6542,0,"mejoramiento, construccion, plaza, reposicion"
2378-119-LR26,13.4366,9.6154,23,"sistema, tecnico, sistemas, control"
2405-103-LR26,17.2772,9.4205,0,"mejoramiento, construccion, plaza, reposicion"
2408-228-L126,15.4375,8.6829,-1,Sin tema
2424-80-L126,15.6442,10.2441,-1,Sin tema
2430-82-LE26,16.3527,9.0986,-1,Sin tema
2448-113-LE26,15.53,8.4987,0,"mejoramiento, construccion, plaza, reposicion"
2460-111-LE26,13.2415,6.9719,9,"insumos clinicos, upla, solicitud, clinicos"
2467-96-L126,15.4554,9.2054,0,"mejoramiento, construccion, plaza, reposicion"
2561-18-LE26,15.8018,7.2791,0,"mejoramiento, construccion, plaza, reposicion"
2591-167-B226,16.7134,8.6391,0,"mejoramiento, construccion, plaza, reposicion"
2663-78-L126,14.9464,7.6059,0,"mejoramiento, construccion, plaza, reposicion"
2684-47-LP26,17.7333,8.6997,0,"mejoramiento, construccion, plaza, reposicion"
2697-39-LP26,16.753,9.0061,0,"mejoramiento, construccion, plaza, reposicion"
2697-55-LR26,15.5368,8.6363,0,"mejoramiento, construccion, plaza, reposicion"
2704-73-LE26,13.4139,8.0586,-1,Sin tema
2704-76-LE26,12.3485,12.5888,12,"software, licencias, renovacion, renovacion licencias"
1003-25-LP26,15.5735,7.4242,0,"mejoramiento, construccion, plaza, reposicion"
1004-57-LE26,11.0613,8.0077,3,"materiales, material, materiales construccion, proyecto"
1024-48-LP26,12.567,6.7622,-1,Sin tema
1037-14-LE26,17.0015,9.0865,-1,Sin tema
1043030-7-LE26,16.685,8.6132,0,"mejoramiento, construccion, plaza, reposicion"
1045-6-LP26,17.5276,8.6299,0,"mejoramiento, construccion, plaza, reposicion"
1048-77-LP26,16.891,8.6146,0,"mejoramiento, construccion, plaza, reposicion"
1048-80-LE26,16.7159,8.383,0,"mejoramiento, construccion, plaza, reposicion"
1057389-46-LP26,15.7465,7.0965,0,"mejoramiento, construccion, plaza, reposicion"
1057429-70-LE26,16.892,5.2493,6,"alimentacion, break, alojamiento, com"
1057532-73-L126,10.7726,10.8695,-1,Sin tema
1057543-58-L126,12.9539,10.4868,-1,Sin tema
1057547-207-LP26,15.7152,7.5995,-1,Sin tema
1057547-419-LE26,10.8692,7.9779,3,"materiales, material, materiales construccion, proyecto"
1057937-19-LE26,12.6746,9.2602,22,"aire, aire acondicionado, acondicionado, fuera"
1057975-6-LE26,13.3238,3.1768,2,"ninos, provincial, rio, jose"
1058085-124-LR26,13.5084,2.8686,2,"ninos, provincial, rio, jose"
1062018-21-LE26,14.8741,10.5533,-1,Sin tema
1075963-159-LP26,11.1566,11.7015,14,"internet, fija, movil, satelital"
1110404-213-L126,13.287,13.6637,4,"cursos, educacionales, establecimientos educacionales, chinchorro"
1122317-17-LR26,13.4022,10.5833,-1,Sin tema
1149-20-LE23,16.6002,9.2244,0,"mejoramiento, construccion, plaza, reposicion"
1149-27-O123,16.9083,8.5285,0,"mejoramiento, construccion, plaza, reposicion"
1155683-13-LP26,13.6151,11.9091,10,"transporte, escolar, turismo, disposicion"
1155683-17-LE26,15.5805,8.319,0,"mejoramiento, construccion, plaza, reposicion"
1175-90-LP26,13.5203,3.5695,2,"ninos, provincial, rio, jose"
1180703-11-LE26,13.2936,8.0652,-1,Sin tema
1180828-25-LE26,14.4012,8.2665,-1,Sin tema
1202333-77-LE26,16.772,7.1803,-1,Sin tema
1209-11-LE26,14.7771,11.1361,18,"produccion, produccion integral, integral, produccion eventos"
1210-26-L126,11.2672,10.344,-1,Sin tema
1230848-60-LE26,14.5485,6.0463,8,"odontologicos, insumos odontologicos, instrumental, anatomia"
1256505-28-LE26,16.4584,8.2271,-1,Sin tema
1274285-49-LE26,5.9593,2.9061,20,"protesis, removibles, instrumental, destinado"
1344190-11-LE26,13.8893,8.8815,23,"sistema, tecnico, sistemas, control"
1417913-105-LE26,12.9276,8.7022,31,"bombas, infusion, ventanas, combustible"
1469-226-L126,11.571,11.521,-1,Sin tema
1469-245-L126,13.5763,11.9502,10,"transporte, escolar, turismo, disposicion"
1002772-106-LP26,15.7406,8.2911,0,"mejoramiento, construccion, plaza, reposicion"
1004823-11-LE26,12.4281,12.0326,12,"software, licencias, renovacion, renovacion licencias"
1036-17-LR26,15.327,5.162,27,"biobio, zona, carabineros, compatible"
1051425-44-LE26,14.3426,6.9621,15,"bmc, equipos, repuestos, chee"
1057049-216-LP26,13.61,3.1602,2,"ninos, provincial, rio, jose"
1057417-255-CO26,14.8151,6.3478,-1,Sin tema
1057499-20-R126,14.7362,7.1061,-1,Sin tema
1057544-332-LP26,15.642,8.3956,0,"mejoramiento, construccion, plaza, reposicion"
1057547-359-LP26,14.4444,6.6778,-1,Sin tema
1079454-17-LE26,13.1692,8.0867,-1,Sin tema
1079454-18-LP26,15.7888,8.6212,0,"mejoramiento, construccion, plaza, reposicion"
1097-10-LP26,17.8488,9.0777,-1,Sin tema
1098-23-LP26,17.7849,8.6098,0,"mejoramiento, construccion, plaza, reposicion"
1108338-43-L126,13.6717,3.8682,-1,Sin tema
1108660-10-LE26,15.7201,9.2338,0,"mejoramiento, construccion, plaza, reposicion"
1110404-220-LR26,13.3599,8.0993,-1,Sin tema
1133353-50-LP26,17.1711,8.4918,-1,Sin tema
1149-19-O123,16.5551,8.0669,0,"mejoramiento, construccion, plaza, reposicion"
1180747-16-LE26,15.9442,7.2576,0,"mejoramiento, construccion, plaza, reposicion"
1199-19-LE26,12.9878,10.1967,-1,Sin tema
1202333-85-LE26,16.8789,8.4427,0,"mejoramiento, construccion, plaza, reposicion"
1211839-67-LP26,14.4057,5.7588,8,"odontologicos, insumos odontologicos, instrumental, anatomia"
1217466-29-LP26,14.3344,10.2453,0,"mejoramiento, construccion, plaza, reposicion"
1350296-83-L126,13.8078,3.0704,2,"ninos, provincial, rio, jose"
1380371-12-LE26,14.5432,6.9201,-1,Sin tema
1391-16-LE26,13.9637,13.0117,4,"cursos, educacionales, establecimientos educacionales, chinchorro"
1395-64-LE26,14.4339,4.3285,7,"medicamentos, medicos, farmacos, insumos medicos"
1410-24-LE26,14.2578,10.0492,0,"mejoramiento, construccion, plaza, reposicion"
1415862-12-LE26,13.2235,10.6783,5,"seguridad, guardias, proteccion, proteccion personal"
1417913-109-L126,16.5557,7.9326,-1,Sin tema
1457282-4-LR26,12.6895,10.8302,5,"seguridad, guardias, proteccion, proteccion personal"
1457282-5-LE26,15.8182,9.5825,0,"mejoramiento, construccion, plaza, reposicion"
1469-249-L126,5.9559,2.9128,20,"protesis, removibles, instrumental, destinado"
1469-252-L126,15.4624,10.1086,-1,Sin tema
1469-253-L126,13.0152,10.093,-1,Sin tema
1485217-19-LE26,12.9894,10.7685,5,"seguridad, guardias, proteccion, proteccion personal"
1487-3-LE26,13.1295,10.0973,-1,Sin tema
1499-193-LP26,13.5432,5.2784,-1,Sin tema
3111-1-LP26,10.7363,9.7475,13,"electrico, electrica, electricos, sistema electrico"
316-51-LE26,14.6155,8.0147,0,"mejoramiento, construccion, plaza, reposicion"
3166-21-LP26,16.6816,7.6757,-1,Sin tema
3268-27-LE26,12.0126,7.1925,-1,Sin tema
3296-20-LP26,17.0945,8.8381,0,"mejoramiento, construccion, plaza, reposicion"
3343-3-LE26,16.3577,9.1066,0,"mejoramiento, construccion, plaza, reposicion"
3506-73-R126,17.0893,8.9218,0,"mejoramiento, construccion, plaza, reposicion"
3537-62-LE26,12.636,9.6551,22,"aire, aire acondicionado, acondicionado, fuera"
3542-26-LE26,14.9903,9.5782,0,"mejoramiento, construccion, plaza, reposicion"
355-24-LP26,12.8288,4.5029,-1,Sin tema
3588-50-LE26,14.3648,8.4399,-1,Sin tema
3641-7-LE26,11.1707,8.4214,3,"materiales, material, materiales construccion, proyecto"
3765-34-LE26,13.7148,4.1374,7,"medicamentos, medicos, farmacos, insumos medicos"
3791-72-LE26,17.2086,8.5868,-1,Sin tema
3794-75-LE26,15.4374,10.0886,-1,Sin tema
3935-96-LP26,11.2606,11.9046,14,"internet, fija, movil, satelital"
3935-97-LE26,16.1932,9.7659,0,"mejoramiento, construccion, plaza, reposicion"
3948-44-L126,14.5026,7.8634,0,"mejoramiento, construccion, plaza, reposicion"
4055-85-L126,15.5716,8.1889,0,"mejoramiento, construccion, plaza, reposicion"
4062-34-LE26,12.3859,12.5472,12,"software, licencias, renovacion, renovacion licencias"
407-135-LE26,12.1682,10.6864,5,"seguridad, guardias, proteccion, proteccion personal"
4229-13-LE26,15.4393,8.6966,0,"mejoramiento, construccion, plaza, reposicion"
4238-77-L126,14.7817,7.21,-1,Sin tema
4295-89-CO26,12.7686,10.7405,5,"seguridad, guardias, proteccion, proteccion personal"
4337-28-LE26,12.7829,9.6451,-1,Sin tema
4404-64-LE26,13.2989,13.5077,4,"cursos, educacionales, establecimientos educacionales, chinchorro"
4429-102-LP26,14.3198,9.6513,0,"mejoramiento, construccion, plaza, reposicion"
4449-34-L126,17.7739,10.4122,21,"cultural, produccion, artes, culturales"
4455-51-LE26,11.2068,8.4872,3,"materiales, material, materiales construccion, proyecto"
4575-12-LE26,15.5982,8.6512,0,"mejoramiento, construccion, plaza, reposicion"
4773-2-LE26,12.7518,11.8247,-1,Sin tema
4829-54-LE26,17.2191,8.763,0,"mejoramiento, construccion, plaza, reposicion"
4881-43-L126,17.8259,10.3527,21,"cultural, produccion, artes, culturales"
4883-19-L126,17.8109,10.4396,21,"cultural, produccion, artes, culturales"
4906-37-LE26,13.3175,10.253,-1,Sin tema
4984-4-R126,14.3953,7.8159,0,"mejoramiento, construccion, plaza, reposicion"
5190-20-LP26,11.2504,8.7076,3,"materiales, material, materiales construccion, proyecto"
525512-31-LE26,15.7861,8.2036,0,"mejoramiento, construccion, plaza, reposicion"
525512-44-LE26,14.6119,4.2724,-1,Sin tema
5300-67-L126,14.8703,11.6999,16,"social, fiscal, fiscales, sede social"
534615-1-LE26,11.4006,7.1835,19,"led, laser, pantalla, arriendo"
5349-116-L126,13.7521,3.2448,2,"ninos, provincial, rio, jose"
5413-59-LE26,15.3902,10.1821,-1,Sin tema
2709-63-LP26,13.3958,7.9445,-1,Sin tema
2724-37-LE26,14.405,6.6971,15,"bmc, equipos, repuestos, chee"
2760-124-LP26,13.8525,9.545,-1,Sin tema
2772-22-LP26,16.6082,11.8716,1,"produccion, habitabilidad, navidad, juguetes"
2790-32-R126,14.1849,10.5053,0,"mejoramiento, construccion, plaza, reposicion"
3172-70-LP26,15.7402,8.7649,0,"mejoramiento, construccion, plaza, reposicion"
3182-5-LE26,15.5364,8.4806,0,"mejoramiento, construccion, plaza, reposicion"
3253-89-L126,14.7735,9.6254,0,"mejoramiento, construccion, plaza, reposicion"
3268-26-CO26,12.4768,7.304,9,"insumos clinicos, upla, solicitud, clinicos"
3290-8-LE26,15.2439,7.2325,-1,Sin tema
3335-28-LE26,17.5133,10.2511,21,"cultural, produccion, artes, culturales"
3436-100-LE26,13.235,10.3642,-1,Sin tema
3474-52-LE26,15.7975,7.2208,0,"mejoramiento, construccion, plaza, reposicion"
3617-5-LE26,13.5716,10.2932,-1,Sin tema
3654-31-LE26,16.6304,8.1301,0,"mejoramiento, construccion, plaza, reposicion"
369-21-LR26,16.838,11.3367,1,"produccion, habitabilidad, navidad, juguetes"
3697-45-LE26,16.6221,11.4344,1,"produccion, habitabilidad, navidad, juguetes"
3708-40-LE26,15.3661,7.3645,0,"mejoramiento, construccion, plaza, reposicion"
3710-93-L126,14.4811,4.3916,7,"medicamentos, medicos, farmacos, insumos medicos"
3951-54-L126,11.4732,8.6093,3,"materiales, material, materiales construccion, proyecto"
3963-18-LE26,16.593,8.7898,0,"mejoramiento, construccion, plaza, reposicion"
4065-14-B226,16.596,8.3228,0,"mejoramiento, construccion, plaza, reposicion"
4083-17-LE26,15.0189,8.232,-1,Sin tema
4127-33-LP26,15.3425,8.0571,0,"mejoramiento, construccion, plaza, reposicion"
4161-13-LE26,15.7926,12.3419,-1,Sin tema
4238-76-L126,14.099,4.2129,-1,Sin tema
4596-30-LE26,13.34,13.6313,4,"cursos, educacionales, establecimientos educacionales, chinchorro"
4596-32-LE26,13.6779,12.4919,10,"transporte, escolar, turismo, disposicion"
4956-52-LE26,13.8452,6.8587,15,"bmc, equipos, repuestos, chee"
5067-127-LE26,15.8059,12.4578,-1,Sin tema
507428-52-LP26,14.0614,5.7391,8,"odontologicos, insumos odontologicos, instrumental, anatomia"
520149-47-L126,12.9179,10.8186,5,"seguridad, guardias, proteccion, proteccion personal"
5293-26-CO26,14.5948,5.6016,8,"odontologicos, insumos odontologicos, instrumental, anatomia"
5358-8-LP26,16.5488,8.1151,0,"mejoramiento, construccion, plaza, reposicion"
5407-84-O126,16.6143,9.7149,-1,Sin tema
5482-103-LP26,16.5253,8.1107,0,"mejoramiento, construccion, plaza, reposicion"
552975-73-LE26,14.546,8.0783,0,"mejoramiento, construccion, plaza, reposicion"
557639-92-LE26,15.1801,10.0186,0,"mejoramiento, construccion, plaza, reposicion"
594965-24-L126,14.5509,10.5985,-1,Sin tema
608-202-LE26,12.6503,7.5679,9,"insumos clinicos, upla, solicitud, clinicos"
621-818-LP26,13.3628,7.467,-1,Sin tema
621-819-LP26,13.2779,7.5853,-1,Sin tema
635-155-L126,16.875,10.9065,1,"produccion, habitabilidad, navidad, juguetes"
3880-69-LE26,17.9515,10.4748,21,"cultural, produccion, artes, culturales"
3888-66-CO26,16.6096,8.4763,0,"mejoramiento, construccion, plaza, reposicion"
3929-48-LR26,15.5475,9.4666,0,"mejoramiento, construccion, plaza, reposicion"
3950-44-LE26,14.227,9.6903,-1,Sin tema
3992-28-LE26,15.8029,12.4643,-1,Sin tema
4168-87-LP26,11.2579,7.1784,19,"led, laser, pantalla, arriendo"
4284-156-L126,14.3999,11.2966,18,"produccion, produccion integral, integral, produccion eventos"
4295-86-LP26,10.607,8.4934,3,"materiales, material, materiales construccion, proyecto"
4328-36-B226,17.0752,9.8848,-1,Sin tema
434-106-LE26,14.839,11.6729,16,"social, fiscal, fiscales, sede social"
4447-17-LE26,11.8872,10.8699,-1,Sin tema
4451-106-L126,13.6747,13.2128,4,"cursos, educacionales, establecimientos educacionales, chinchorro"
4596-31-L126,11.3806,12.0133,14,"internet, fija, movil, satelital"
4610-78-LE26,17.057,8.6384,-1,Sin tema
4689-22-LE26,14.2693,9.0607,23,"sistema, tecnico, sistemas, control"
4778-13-LP26,13.4273,3.4596,2,"ninos, provincial, rio, jose"
4809-48-LE26,12.5926,9.5084,22,"aire, aire acondicionado, acondicionado, fuera"
482-2-R226,14.3823,9.9825,0,"mejoramiento, construccion, plaza, reposicion"
4881-44-LE26,13.5463,13.3667,4,"cursos, educacionales, establecimientos educacionales, chinchorro"
4884-29-LE26,16.7057,12.0961,1,"produccion, habitabilidad, navidad, juguetes"
4887-28-E226,11.9912,8.9965,18,"produccion, produccion integral, integral, produccion eventos"
4956-81-LE26,15.5383,8.9641,0,"mejoramiento, construccion, plaza, reposicion"
5055-33-LR26,15.065,8.7752,-1,Sin tema
5067-151-LR26,13.0403,7.1605,9,"insumos clinicos, upla, solicitud, clinicos"
507428-116-LE26,13.5757,6.7204,15,"bmc, equipos, repuestos, chee"
514847-11-LP26,11.4055,11.7058,14,"internet, fija, movil, satelital"
5251-87-LE26,10.5497,11.4588,-1,Sin tema
5349-114-L126,16.6431,9.0741,0,"mejoramiento, construccion, plaza, reposicion"
5416-35-L126,12.2502,8.9485,17,"laboratorio, cen, automotriz, panel"
5512-15-LP26,12.0391,8.6881,-1,Sin tema
5539-23-L126,10.8388,8.2041,3,"materiales, material, materiales construccion, proyecto"
5586-139-LE26,17.2306,9.5088,0,"mejoramiento, construccion, plaza, reposicion"
559511-50-LR26,15.6038,6.9309,-1,Sin tema
584264-24-LP26,11.588,11.5039,-1,Sin tema
585-9-LE26,12.6751,11.692,12,"software, licencias, renovacion, renovacion licencias"
587-46-LE26,13.8725,9.4784,-1,Sin tema
591-29-LE26,15.649,7.5436,-1,Sin tema
591-31-LE26,11.5143,11.5041,-1,Sin tema
621-489-LP26,12.0462,6.7428,11,"sol, solucion, solicitud, ecs"
621-567-LP26,12.1796,6.6969,11,"sol, solucion, solicitud, ecs"
621-570-LR26,12.0734,6.7169,11,"sol, solucion, solicitud, ecs"
656-16-O126,13.2966,7.1628,-1,Sin tema
656-27-LP26,12.6272,7.2535,9,"insumos clinicos, upla, solicitud, clinicos"
707420-22-LE26,15.9948,9.701,0,"mejoramiento, construccion, plaza, reposicion"
1476917-4-LE26,10.666,9.7128,13,"electrico, electrica, electricos, sistema electrico"
1488587-32-LE26,12.3906,7.8298,-1,Sin tema
1499-182-LE26,11.7089,11.4894,-1,Sin tema
1514-123-LR26,13.8467,3.4335,2,"ninos, provincial, rio, jose"
1530393-28-LR26,14.2382,5.2516,8,"odontologicos, insumos odontologicos, instrumental, anatomia"
1562-62-LE26,14.6023,9.8199,0,"mejoramiento, construccion, plaza, reposicion"
1562-73-LE26,17.8412,9.0622,-1,Sin tema
1609-15-LE26,13.7998,10.1436,-1,Sin tema
1641-189-LP26,14.4896,7.3228,-1,Sin tema
1663-8-LE26,12.0978,7.3462,-1,Sin tema
1725-205-LP26,16.8927,12.0026,1,"produccion, habitabilidad, navidad, juguetes"
1725-218-LE26,10.5685,6.3536,19,"led, laser, pantalla, arriendo"
1736-112-LE26,14.8632,7.8231,0,"mejoramiento, construccion, plaza, reposicion"
1810-4-L126,14.9853,8.2021,-1,Sin tema
1867-43-LE26,14.5392,8.0312,0,"mejoramiento, construccion, plaza, reposicion"
1947-150-LP26,13.7131,3.3358,2,"ninos, provincial, rio, jose"
2026-81-LP26,13.3596,3.373,2,"ninos, provincial, rio, jose"
2101-164-L126,13.2591,6.9239,-1,Sin tema
2140-12-L126,13.294,3.4389,2,"ninos, provincial, rio, jose"
2146-70-L126,13.6792,3.1193,2,"ninos, provincial, rio, jose"
2199-18-LP26,16.8027,8.8277,-1,Sin tema
2277-51-LP26,17.1869,8.821,0,"mejoramiento, construccion, plaza, reposicion"
2401-112-L126,15.1597,9.7466,0,"mejoramiento, construccion, plaza, reposicion"
2403-75-LE26,13.5762,11.8946,10,"transporte, escolar, turismo, disposicion"
2409-99-L126,13.5878,7.9043,-1,Sin tema
2426-52-LR26,11.3177,11.9204,14,"internet, fija, movil, satelital"
2429-8-LP26,11.5596,11.3772,-1,Sin tema
2439-29-LP26,16.4598,9.6467,-1,Sin tema
2446-189-LP26,12.857,10.7693,5,"seguridad, guardias, proteccion, proteccion personal"
2605-15-L126,16.8469,11.7881,1,"produccion, habitabilidad, navidad, juguetes"
2656-73-LE26,14.8468,7.6769,0,"mejoramiento, construccion, plaza, reposicion"
2658-324-L126,15.127,8.3044,0,"mejoramiento, construccion, plaza, reposicion"
2674-41-LE26,15.4337,9.0593,0,"mejoramiento, construccion, plaza, reposicion"
2703-171-L126,14.6184,4.6591,7,"medicamentos, medicos, farmacos, insumos medicos"
2705-52-LE26,14.2884,10.2772,0,"mejoramiento, construccion, plaza, reposicion"
2709-40-LP26,15.9625,9.4784,0,"mejoramiento, construccion, plaza, reposicion"
2731-26-LE26,16.8953,10.8395,1,"produccion, habitabilidad, navidad, juguetes"
2770-114-LP26,16.3474,8.0892,0,"mejoramiento, construccion, plaza, reposicion"
2908-22-L126,13.4511,10.493,-1,Sin tema
2910-25-LE26,10.5024,8.1722,3,"materiales, material, materiales construccion, proyecto"
2945-27-LR26,16.9631,8.5383,0,"mejoramiento, construccion, plaza, reposicion"
2974-74-LE26,14.855,11.9605,16,"social, fiscal, fiscales, sede social"
2974-80-LE26,16.1102,8.6695,-1,Sin tema
1499-194-LP26,15.0464,8.7307,-1,Sin tema
1515304-203-LE26,12.7939,8.3162,31,"bombas, infusion, ventanas, combustible"
1555-78-LE26,14.8045,7.0287,-1,Sin tema
1562-71-LE26,14.482,8.6128,-1,Sin tema
1574-34-LE26,13.3503,7.3063,9,"insumos clinicos, upla, solicitud, clinicos"
1641-280-LE26,11.3051,7.0531,19,"led, laser, pantalla, arriendo"
1655-7-LP26,15.0422,7.9463,0,"mejoramiento, construccion, plaza, reposicion"
1663-150-LE26,14.4359,9.9098,0,"mejoramiento, construccion, plaza, reposicion"
1872-1-LE26,15.6996,9.341,0,"mejoramiento, construccion, plaza, reposicion"
188-93-LE26,15.3365,7.2704,0,"mejoramiento, construccion, plaza, reposicion"
1973-91-LP26,14.5329,10.3219,0,"mejoramiento, construccion, plaza, reposicion"
1979-196-LP26,13.8012,3.3069,2,"ninos, provincial, rio, jose"
2018-23-LP26,13.9037,10.9825,0,"mejoramiento, construccion, plaza, reposicion"
2069-178-LE26,11.2958,5.1279,-1,Sin tema
2101-166-L126,14.9342,7.9919,0,"mejoramiento, construccion, plaza, reposicion"
2111-234-LP26,13.282,6.7142,-1,Sin tema
2111-271-LP26,14.6153,7.2973,-1,Sin tema
2126-128-LE26,13.6521,3.0999,2,"ninos, provincial, rio, jose"
2133-85-LP26,13.3473,7.1517,9,"insumos clinicos, upla, solicitud, clinicos"
2176-58-LE26,11.5204,10.5951,-1,Sin tema
2200-29-L126,14.1412,12.9099,-1,Sin tema
2216-26-LE26,12.3874,12.5307,12,"software, licencias, renovacion, renovacion licencias"
2258-185-LP26,13.5382,4.5761,-1,Sin tema
2258-96-LE26,15.0251,7.5575,0,"mejoramiento, construccion, plaza, reposicion"
2271-73-LE26,12.2998,8.3829,-1,Sin tema
2274-42-LE26,16.1872,11.3758,-1,Sin tema
2305-13-LE26,13.6266,13.1276,4,"cursos, educacionales, establecimientos educacionales, chinchorro"
2351-8-LP26,17.4266,8.9069,0,"mejoramiento, construccion, plaza, reposicion"
2355-24-LE26,10.7882,7.9499,3,"materiales, material, materiales construccion, proyecto"
2403-69-LR26,13.5746,9.3394,-1,Sin tema
2403-71-L126,15.9112,10.8189,26,"municipales, salud solicitud, area salud, solicitud"
2427-55-LE26,12.1604,10.6598,5,"seguridad, guardias, proteccion, proteccion personal"
2428-78-LE26,15.1668,7.1574,0,"mejoramiento, construccion, plaza, reposicion"
2446-293-LE26,13.529,7.3556,9,"insumos clinicos, upla, solicitud, clinicos"
2460-130-LE26,14.9998,9.7301,0,"mejoramiento, construccion, plaza, reposicion"
2483-221-LE26,12.8863,10.8262,5,"seguridad, guardias, proteccion, proteccion personal"
2656-74-LE26,16.3168,11.3359,1,"produccion, habitabilidad, navidad, juguetes"
2658-321-L126,15.4859,7.7735,0,"mejoramiento, construccion, plaza, reposicion"
2674-43-LE26,16.6758,6.8623,24,"farmacia, planta, farmacos, plantas"
2682-4-LE26,17.0399,9.8376,-1,Sin tema
2703-173-L126,14.6039,4.4778,7,"medicamentos, medicos, farmacos, insumos medicos"
2703-204-L126,14.6028,4.5096,7,"medicamentos, medicos, farmacos, insumos medicos"
2704-77-LE26,12.9157,7.7484,9,"insumos clinicos, upla, solicitud, clinicos"
2724-47-LE26,13.6898,7.7968,-1,Sin tema
2743-23-LP26,10.5637,6.3484,19,"led, laser, pantalla, arriendo"
548850-5-LE26,13.0788,7.9499,-1,Sin tema
548874-75-LP26,15.3235,8.8789,0,"mejoramiento, construccion, plaza, reposicion"
5586-155-LE26,16.606,11.8594,1,"produccion, habitabilidad, navidad, juguetes"
558869-58-LE26,12.6872,11.8474,12,"software, licencias, renovacion, renovacion licencias"
5657-16-LP26,16.9653,8.9815,-1,Sin tema
5895-21-O126,16.0763,8.5757,-1,Sin tema
621-543-LR26,12.1266,6.57,11,"sol, solucion, solicitud, ecs"
621-782-LR26,12.1478,7.1372,11,"sol, solucion, solicitud, ecs"
635-146-L126,14.0723,6.4786,-1,Sin tema
652-39-LE26,16.8185,5.6277,6,"alimentacion, break, alojamiento, com"
707415-4-LR26,15.6909,8.1644,0,"mejoramiento, construccion, plaza, reposicion"
707419-45-L126,15.9573,9.6987,0,"mejoramiento, construccion, plaza, reposicion"
707424-28-CO26,13.7174,12.298,10,"transporte, escolar, turismo, disposicion"
721703-34-LE26,13.8397,12.8858,4,"cursos, educacionales, establecimientos educacionales, chinchorro"
837-86-LE26,12.5621,6.8437,-1,Sin tema
858-77-L126,14.4643,7.4568,-1,Sin tema
867990-100-L126,10.9536,9.7105,13,"electrico, electrica, electricos, sistema electrico"
870-12-LE26,15.4085,9.6135,-1,Sin tema
898-3-LE26,15.4299,8.7478,0,"mejoramiento, construccion, plaza, reposicion"
899-33-LE26,13.8649,5.2167,-1,Sin tema
953-20-LE26,13.4716,3.7505,-1,Sin tema
980313-12-LP26,12.8132,10.7552,5,"seguridad, guardias, proteccion, proteccion personal"
993-49-LE26,11.677,8.5946,3,"materiales, material, materiales construccion, proyecto"
650-29-O126,17.0889,10.0153,1,"produccion, habitabilidad, navidad, juguetes"
691792-1-LE26,11.522,11.5429,-1,Sin tema
701-27-LE26,10.6883,9.7208,13,"electrico, electrica, electricos, sistema electrico"
757-88-LE26,14.1425,8.867,-1,Sin tema
801-26-LE26,16.9228,10.9621,1,"produccion, habitabilidad, navidad, juguetes"
867990-105-L126,12.5027,11.8001,12,"software, licencias, renovacion, renovacion licencias"
867990-94-L126,12.2192,8.288,-1,Sin tema
885-94-LE26,12.3318,12.6072,12,"software, licencias, renovacion, renovacion licencias"
889473-59-LP26,9.999,11.6996,25,"audiovisual, instrumentos, musica, audiovisuales"
924-28-LE26,14.2942,10.5945,0,"mejoramiento, construccion, plaza, reposicion"
948356-89-LE26,14.3483,4.3343,7,"medicamentos, medicos, farmacos, insumos medicos"
996-34-LE26,15.7988,7.0821,0,"mejoramiento, construccion, plaza, reposicion"
712307-78-O126,17.5201,8.9746,0,"mejoramiento, construccion, plaza, reposicion"
730566-30-L126,14.1108,10.9086,0,"mejoramiento, construccion, plaza, reposicion"
777304-33-LE26,15.6853,7.6955,-1,Sin tema
853-23-LP26,14.3724,7.1534,15,"bmc, equipos, repuestos, chee"
859378-9-LE26,16.2215,11.8337,1,"produccion, habitabilidad, navidad, juguetes"
886954-241-LP26,12.3155,9.58,17,"laboratorio, cen, automotriz, panel"
898-198-LE26,16.7195,4.4751,6,"alimentacion, break, alojamiento, com"
951405-19-LE26,15.7559,8.748,0,"mejoramiento, construccion, plaza, reposicion"
2981-279-LE26,14.8064,5.5405,27,"biobio, zona, carabineros, compatible"
2994-34-LE26,17.0839,8.3689,0,"mejoramiento, construccion, plaza, reposicion"
3015-55-LE26,16.4116,8.3547,0,"mejoramiento, construccion, plaza, reposicion"
3017-62-LE26,10.669,7.9188,3,"materiales, material, materiales construccion, proyecto"
3035-12-LE26,10.974,8.4249,3,"materiales, material, materiales construccion, proyecto"
3068-35-LE26,15.1788,7.8263,0,"mejoramiento, construccion, plaza, reposicion"
3117-93-L126,13.6282,6.8628,-1,Sin tema
3245-8-LE26,12.5298,8.8524,17,"laboratorio, cen, automotriz, panel"
3333-49-LE26,16.3655,12.2443,1,"produccion, habitabilidad, navidad, juguetes"
3378-61-LE26,13.799,3.1157,2,"ninos, provincial, rio, jose"
3512-38-LE26,13.0743,8.5685,-1,Sin tema
3553-33-LE26,14.5744,10.0465,-1,Sin tema
3710-92-L126,12.4024,12.5147,12,"software, licencias, renovacion, renovacion licencias"
3729-87-LE26,16.4734,9.0733,-1,Sin tema
3849-4-LE26,13.1525,8.463,31,"bombas, infusion, ventanas, combustible"
3853-17-LE26,14.6349,9.6811,0,"mejoramiento, construccion, plaza, reposicion"
3866-12-LP26,15.7554,11.5798,1,"produccion, habitabilidad, navidad, juguetes"
3950-43-L126,14.8165,10.4922,0,"mejoramiento, construccion, plaza, reposicion"
3951-49-L126,11.421,8.6236,3,"materiales, material, materiales construccion, proyecto"
3960-72-L126,14.0962,10.2058,0,"mejoramiento, construccion, plaza, reposicion"
3978-17-LE26,9.9163,11.7727,25,"audiovisual, instrumentos, musica, audiovisuales"
4052-47-L126,15.1274,10.7784,18,"produccion, produccion integral, integral, produccion eventos"
4055-76-L126,15.6436,9.0509,0,"mejoramiento, construccion, plaza, reposicion"
4099-20-LP26,11.9466,9.6095,30,"agua, agua purificada, purificada, aguas"
4099-21-LP26,17.7624,8.6335,0,"mejoramiento, construccion, plaza, reposicion"
4192-54-LP26,16.0751,8.2209,0,"mejoramiento, construccion, plaza, reposicion"
4284-147-LE26,14.8519,11.1363,18,"produccion, produccion integral, integral, produccion eventos"
4337-30-LE26,12.4625,9.4504,22,"aire, aire acondicionado, acondicionado, fuera"
4375-133-LE26,16.494,8.7877,0,"mejoramiento, construccion, plaza, reposicion"
4455-48-L126,13.9738,10.0528,0,"mejoramiento, construccion, plaza, reposicion"
4469-188-L126,12.1588,7.4494,-1,Sin tema
4803-28-LE26,14.4153,10.1523,0,"mejoramiento, construccion, plaza, reposicion"
4809-51-LE26,13.183,7.8043,-1,Sin tema
4887-26-L126,17.9504,10.4974,21,"cultural, produccion, artes, culturales"
514862-135-LE26,13.0024,7.2972,9,"insumos clinicos, upla, solicitud, clinicos"
5251-86-LE26,12.3623,8.4555,-1,Sin tema
552975-68-LE26,16.4633,11.8298,1,"produccion, habitabilidad, navidad, juguetes"
557639-91-LE26,15.3567,7.3275,0,"mejoramiento, construccion, plaza, reposicion"
5586-132-LE26,9.9909,11.7128,25,"audiovisual, instrumentos, musica, audiovisuales"
5615-46-LE26,17.5878,8.0246,0,"mejoramiento, construccion, plaza, reposicion"
2743-24-LP26,10.5581,6.3412,19,"led, laser, pantalla, arriendo"
2785-77-LE26,14.6856,11.0986,18,"produccion, produccion integral, integral, produccion eventos"
2831-30-LE26,14.4285,6.0805,-1,Sin tema
2933-45-LE26,10.6466,8.0164,3,"materiales, material, materiales construccion, proyecto"
29-90-LR26,12.8482,7.2077,-1,Sin tema
3091-17-LE26,14.4243,9.5704,0,"mejoramiento, construccion, plaza, reposicion"
3117-90-L126,16.6404,8.1494,0,"mejoramiento, construccion, plaza, reposicion"
3438-11-LE26,14.181,5.794,8,"odontologicos, insumos odontologicos, instrumental, anatomia"
3439-35-LE26,15.797,7.7445,0,"mejoramiento, construccion, plaza, reposicion"
3453-66-LE26,15.7194,8.9198,-1,Sin tema
3565-48-LR26,11.3255,11.9783,14,"internet, fija, movil, satelital"
3573-56-LP26,16.0488,10.7853,26,"municipales, salud solicitud, area salud, solicitud"
3596-24-LP26,17.6926,8.7658,0,"mejoramiento, construccion, plaza, reposicion"
3608-25-LE26,11.7085,9.036,-1,Sin tema
3611-12-L126,13.2001,9.8941,-1,Sin tema
3612-21-LE26,17.422,8.4297,0,"mejoramiento, construccion, plaza, reposicion"
3708-37-LE26,14.4002,4.6052,7,"medicamentos, medicos, farmacos, insumos medicos"
3729-89-LE26,16.5617,11.365,1,"produccion, habitabilidad, navidad, juguetes"
3748-19-LE26,11.2551,12.0148,14,"internet, fija, movil, satelital"
377-57-LE26,15.7555,8.0663,0,"mejoramiento, construccion, plaza, reposicion"
3807-11-LE26,15.2523,8.6562,0,"mejoramiento, construccion, plaza, reposicion"
387-57-LE26,16.784,4.5658,6,"alimentacion, break, alojamiento, com"
3960-71-L126,17.6757,10.1994,21,"cultural, produccion, artes, culturales"
3960-73-L126,14.1188,10.7039,0,"mejoramiento, construccion, plaza, reposicion"
4055-84-L126,9.8208,11.6895,25,"audiovisual, instrumentos, musica, audiovisuales"
407-115-CO26,12.9315,8.5838,31,"bombas, infusion, ventanas, combustible"
4105-8-LP26,12.4046,12.3212,12,"software, licencias, renovacion, renovacion licencias"
411-46-LE26,11.2234,7.1795,19,"led, laser, pantalla, arriendo"
4179-50-LP26,15.9678,8.3048,-1,Sin tema
4290-61-LE26,16.185,8.2741,-1,Sin tema
4328-32-LP26,17.019,9.7929,-1,Sin tema
434-105-LE26,11.2675,11.9936,14,"internet, fija, movil, satelital"
4590-21-LE26,11.4563,8.1004,3,"materiales, material, materiales construccion, proyecto"
4610-76-LE26,11.2479,8.9064,3,"materiales, material, materiales construccion, proyecto"
4686-30-LE26,13.5577,10.6157,-1,Sin tema
4751-23-LE26,16.7001,4.6542,6,"alimentacion, break, alojamiento, com"
4825-11-L126,11.2526,7.832,3,"materiales, material, materiales construccion, proyecto"
4881-45-LE26,13.1664,7.3934,-1,Sin tema
4885-30-LE26,16.6982,7.4084,24,"farmacia, planta, farmacos, plantas"
4889-39-LE26,9.8457,11.7171,25,"audiovisual, instrumentos, musica, audiovisuales"
4920-11-LE26,16.6704,8.5321,0,"mejoramiento, construccion, plaza, reposicion"
4993-80-LE26,16.7551,4.4675,6,"alimentacion, break, alojamiento, com"
5048-129-O125,15.6624,8.3874,0,"mejoramiento, construccion, plaza, reposicion"
5198-25-LE26,16.264,11.7574,1,"produccion, habitabilidad, navidad, juguetes"
5407-61-LE26,15.1382,5.1542,27,"biobio, zona, carabineros, compatible"
5407-86-O126,16.6764,8.471,0,"mejoramiento, construccion, plaza, reposicion"
542429-8-LE26,12.2208,10.7646,5,"seguridad, guardias, proteccion, proteccion personal"
545774-39-LE26,10.5687,8.4678,3,"materiales, material, materiales construccion, proyecto"
548874-74-LR26,16.6681,8.2383,-1,Sin tema
5586-122-LE26,14.3368,9.9702,5,"seguridad, guardias, proteccion, proteccion personal"
5586-129-LE26,11.574,11.5345,-1,Sin tema
5586-72-R126,14.7628,7.3302,0,"mejoramiento, construccion, plaza, reposicion"
564162-132-L126,12.357,6.6968,11,"sol, solucion, solicitud, ecs"
5651-10-LE26,16.5779,8.4238,0,"mejoramiento, construccion, plaza, reposicion"
5690-11-LE26,14.1381,10.1533,0,"mejoramiento, construccion, plaza, reposicion"
599-35-LE26,16.7282,12.0873,1,"produccion, habitabilidad, navidad, juguetes"
619133-109-LE26,13.7486,3.1705,2,"ninos, provincial, rio, jose"
622844-5-LE26,12.3524,12.5897,12,"software, licencias, renovacion, renovacion licencias"
680521-4-LE26,10.6927,11.7087,28,"televigilancia, sistema, instalacion sistema, instalacion"
693-35-LE26,12.8282,8.171,-1,Sin tema
701-28-LP26,12.37,12.5715,12,"software, licencias, renovacion, renovacion licencias"
707426-29-LE26,16.0726,7.5606,0,"mejoramiento, construccion, plaza, reposicion"
707429-32-LP26,16.6861,9.0195,0,"mejoramiento, construccion, plaza, reposicion"
727202-64-LE26,10.6952,9.4937,13,"electrico, electrica, electricos, sistema electrico"
730736-38-LE26,16.4486,11.5009,1,"produccion, habitabilidad, navidad, juguetes"
750998-70-LP26,16.2855,7.6824,0,"mejoramiento, construccion, plaza, reposicion"
752-34-I226,12.8448,10.8074,5,"seguridad, guardias, proteccion, proteccion personal"
761391-142-L126,12.6026,7.6612,-1,Sin tema
813685-16-LE26,15.062,12.5198,16,"social, fiscal, fiscales, sede social"
816696-17-LE26,17.6917,8.4189,0,"mejoramiento, construccion, plaza, reposicion"
836-23-L126,13.6608,13.1935,4,"cursos, educacionales, establecimientos educacionales, chinchorro"
855-15-LP26,15.1404,8.0919,-1,Sin tema
856-24-LP26,13.2085,9.8508,29,"mantencion preventiva, preventiva, preventiva correctiva, correctiva"
924-22-L126,12.8265,4.5106,-1,Sin tema
993-50-LE26,10.8804,8.294,3,"materiales, material, materiales construccion, proyecto"
1048-79-LE26,16.0665,12.1398,1,"produccion, habitabilidad, navidad, juguetes"
1057049-351-CO26,11.5146,7.0087,19,"led, laser, pantalla, arriendo"
1057370-26-L126,16.5334,4.7498,6,"alimentacion, break, alojamiento, com"
1057417-144-LR26,14.8344,10.3018,0,"mejoramiento, construccion, plaza, reposicion"
1057417-219-LP26,15.5993,8.8767,-1,Sin tema
1057417-257-CO26,14.798,6.348,-1,Sin tema
1057432-61-LR26,11.485,11.3619,-1,Sin tema
1057501-391-R126,13.9241,10.7112,0,"mejoramiento, construccion, plaza, reposicion"
1057501-575-LP26,13.7269,9.2133,23,"sistema, tecnico, sistemas, control"
1057501-594-LE26,16.5795,8.1135,0,"mejoramiento, construccion, plaza, reposicion"
1057503-118-LR26,13.4389,3.4821,2,"ninos, provincial, rio, jose"
1057509-199-LE26,16.872,11.624,1,"produccion, habitabilidad, navidad, juguetes"
1057511-29-LE26,14.7085,9.7948,0,"mejoramiento, construccion, plaza, reposicion"
1057774-12-L126,13.2761,3.3793,2,"ninos, provincial, rio, jose"
1058085-98-LR26,13.4055,2.8793,2,"ninos, provincial, rio, jose"
1110404-191-LE26,16.3831,8.7368,0,"mejoramiento, construccion, plaza, reposicion"
1110404-218-LP26,13.232,13.5356,4,"cursos, educacionales, establecimientos educacionales, chinchorro"
1149-15-O123,16.6848,8.0869,0,"mejoramiento, construccion, plaza, reposicion"
1149-28-O123,16.7805,8.5226,0,"mejoramiento, construccion, plaza, reposicion"
1149-8-O123,14.9462,8.5469,-1,Sin tema
1175-79-LE26,12.104,6.5355,11,"sol, solucion, solicitud, ecs"
1175-89-LE26,5.9228,2.9511,20,"protesis, removibles, instrumental, destinado"
1180730-33-LE26,17.4691,8.5464,0,"mejoramiento, construccion, plaza, reposicion"
1180919-26-LE26,15.0454,12.6546,16,"social, fiscal, fiscales, sede social"
1180968-12-LR25,10.8103,9.3584,13,"electrico, electrica, electricos, sistema electrico"
1216062-31-LP26,13.3258,9.6777,29,"mantencion preventiva, preventiva, preventiva correctiva, correctiva"
1261592-58-LE26,14.6382,7.5516,-1,Sin tema
1305544-50-LP26,13.305,13.6819,4,"cursos, educacionales, establecimientos educacionales, chinchorro"
1380-162-LP26,16.8473,11.6714,1,"produccion, habitabilidad, navidad, juguetes"
1403-22-LE26,17.2791,9.4389,0,"mejoramiento, construccion, plaza, reposicion"
1410-23-LE26,16.228,8.6943,0,"mejoramiento, construccion, plaza, reposicion"
1413-16-LE26,13.5172,13.4158,4,"cursos, educacionales, establecimientos educacionales, chinchorro"
1422032-5-LE26,16.4474,11.873,1,"produccion, habitabilidad, navidad, juguetes"
1447792-8-LR26,15.0278,8.4687,0,"mejoramiento, construccion, plaza, reposicion"
1469-247-L126,15.4467,10.1588,-1,Sin tema
1469-248-L126,16.6914,8.7001,-1,Sin tema
1499-191-LP26,16.1613,6.9463,-1,Sin tema
1504119-1-LE26,16.2163,8.8753,-1,Sin tema
1506-33-O125,16.4949,7.9886,-1,Sin tema
564162-112-LE26,12.3881,6.6599,-1,Sin tema
564162-142-L126,12.7553,7.0517,9,"insumos clinicos, upla, solicitud, clinicos"
5661-30-LE26,16.4633,11.8814,1,"produccion, habitabilidad, navidad, juguetes"
587-24-LE26,12.3518,12.5833,12,"software, licencias, renovacion, renovacion licencias"
5908-32-LE26,16.4293,8.0418,0,"mejoramiento, construccion, plaza, reposicion"
598-22-LE26,15.4698,10.6253,-1,Sin tema
599-16-LP26,13.6907,13.4397,4,"cursos, educacionales, establecimientos educacionales, chinchorro"
619133-89-LP26,13.7749,3.5191,2,"ninos, provincial, rio, jose"
634-62-LE26,11.8369,7.3473,-1,Sin tema
634-92-LE26,10.6839,11.0928,-1,Sin tema
699-10-E226,13.4691,9.5508,29,"mantencion preventiva, preventiva, preventiva correctiva, correctiva"
712307-57-O126,15.2238,11.3275,1,"produccion, habitabilidad, navidad, juguetes"
807-28-LE26,13.8862,12.7,4,"cursos, educacionales, establecimientos educacionales, chinchorro"
837-119-LE26,13.8774,3.5281,2,"ninos, provincial, rio, jose"
837-97-LE26,12.9784,7.7867,9,"insumos clinicos, upla, solicitud, clinicos"
886954-306-LE26,15.6343,8.511,0,"mejoramiento, construccion, plaza, reposicion"
889473-39-LE26,12.3814,7.8885,-1,Sin tema
898-196-LE26,14.3928,7.9784,-1,Sin tema
932-29-LE26,15.798,6.941,0,"mejoramiento, construccion, plaza, reposicion"
94-6-LP26,12.6717,10.8331,5,"seguridad, guardias, proteccion, proteccion personal"
947750-20-B226,12.6475,9.5995,22,"aire, aire acondicionado, acondicionado, fuera"
1552-91-LE26,16.2862,8.895,0,"mejoramiento, construccion, plaza, reposicion"
1552-92-LE26,5.9168,2.9608,20,"protesis, removibles, instrumental, destinado"
1562-74-LP26,13.5122,6.8933,-1,Sin tema
1626-29-L126,13.3961,4.0621,-1,Sin tema
1641-237-LE26,12.3085,7.3639,-1,Sin tema
1658-241-L126,13.0913,8.0346,-1,Sin tema
1667-17-LR26,13.5334,5.3502,-1,Sin tema
1671-33-LE26,13.7591,4.1896,4,"cursos, educacionales, establecimientos educacionales, chinchorro"
1700-16-LE26,13.3949,9.8901,29,"mantencion preventiva, preventiva, preventiva correctiva, correctiva"
1725-217-LE26,14.0187,10.8218,0,"mejoramiento, construccion, plaza, reposicion"
1867-42-LE26,14.3363,10.9765,0,"mejoramiento, construccion, plaza, reposicion"
1904-11-LE26,12.9612,10.1036,-1,Sin tema
2111-259-LE26,15.0263,8.7588,0,"mejoramiento, construccion, plaza, reposicion"
2111-260-LE26,14.9922,8.2195,0,"mejoramiento, construccion, plaza, reposicion"
2126-126-LP26,14.0452,9.8453,-1,Sin tema
2133-84-LP26,13.2693,7.0638,9,"insumos clinicos, upla, solicitud, clinicos"
2181-18-LE26,12.0469,11.1311,-1,Sin tema
2282-98-LP26,17.2303,8.9673,0,"mejoramiento, construccion, plaza, reposicion"
2295-102-LE26,14.8548,11.6976,16,"social, fiscal, fiscales, sede social"
2311-36-LE26,14.2897,5.0051,-1,Sin tema
2324-120-LE26,16.3903,11.3563,1,"produccion, habitabilidad, navidad, juguetes"
2355-25-LP26,15.5712,7.7619,0,"mejoramiento, construccion, plaza, reposicion"
2366-47-LE26,16.5831,8.7209,-1,Sin tema
2402-90-L126,15.2119,9.5936,0,"mejoramiento, construccion, plaza, reposicion"
2411-14-L126,11.0572,8.5481,3,"materiales, material, materiales construccion, proyecto"
2446-276-L126,15.1409,10.348,0,"mejoramiento, construccion, plaza, reposicion"
2450-94-LE26,13.9047,4.2762,-1,Sin tema
2460-88-LE26,15.4093,11.5711,1,"produccion, habitabilidad, navidad, juguetes"
2467-83-LE26,12.974,10.7517,5,"seguridad, guardias, proteccion, proteccion personal"
2483-214-LP26,17.1339,8.4392,0,"mejoramiento, construccion, plaza, reposicion"
2581-39-LR26,16.686,11.7287,1,"produccion, habitabilidad, navidad, juguetes"
2582-41-LP26,16.2611,11.1771,1,"produccion, habitabilidad, navidad, juguetes"
2591-166-B226,17.1348,8.3929,0,"mejoramiento, construccion, plaza, reposicion"
2595-106-LR26,16.139,10.7296,26,"municipales, salud solicitud, area salud, solicitud"
2595-88-LE26,11.119,8.5555,3,"materiales, material, materiales construccion, proyecto"
2658-323-L126,15.057,7.3294,0,"mejoramiento, construccion, plaza, reposicion"
2661-42-LP26,16.7822,9.7407,-1,Sin tema
2663-77-LE26,14.6844,7.54,-1,Sin tema
2667-86-LE26,15.7164,11.5601,1,"produccion, habitabilidad, navidad, juguetes"
2703-197-L126,11.2643,10.329,-1,Sin tema
2705-58-LE26,16.7449,6.8073,24,"farmacia, planta, farmacos, plantas"
2713-183-L126,10.7305,11.035,-1,Sin tema
2766-139-L126,15.7894,9.2824,0,"mejoramiento, construccion, plaza, reposicion"
2852-49-LE26,16.7359,11.3653,1,"produccion, habitabilidad, navidad, juguetes"
2974-82-LE26,14.8815,11.6069,16,"social, fiscal, fiscales, sede social"
299-20-LE26,13.2026,8.038,-1,Sin tema
29-93-LP26,12.5583,7.2411,9,"insumos clinicos, upla, solicitud, clinicos"
3017-67-LE26,10.4945,8.1323,3,"materiales, material, materiales construccion, proyecto"
3047-59-LE26,16.2204,9.4976,-1,Sin tema
3320-36-LE26,12.2724,8.1491,-1,Sin tema
3416-71-L126,15.3468,9.0466,0,"mejoramiento, construccion, plaza, reposicion"
3438-12-LE26,14.844,6.3041,8,"odontologicos, insumos odontologicos, instrumental, anatomia"
3508-29-LE26,16.4204,12.2592,1,"produccion, habitabilidad, navidad, juguetes"
3517-5-LE26,14.1287,8.6888,-1,Sin tema
3565-58-LE26,14.226,10.2227,0,"mejoramiento, construccion, plaza, reposicion"
3565-65-LR26,11.3073,11.9343,14,"internet, fija, movil, satelital"
3686-32-LP26,16.9484,8.3174,0,"mejoramiento, construccion, plaza, reposicion"
3760-6-LE26,12.8485,10.8036,5,"seguridad, guardias, proteccion, proteccion personal"
3765-28-LE26,15.5339,9.2203,0,"mejoramiento, construccion, plaza, reposicion"
3780-22-LE26,12.4125,8.4927,-1,Sin tema
3791-74-LE26,16.7991,4.4272,6,"alimentacion, break, alojamiento, com"
3935-43-LP26,11.3039,11.9177,14,"internet, fija, movil, satelital"
3935-94-LE26,16.446,11.4841,1,"produccion, habitabilidad, navidad, juguetes"
3935-95-CO26,16.1787,9.1806,0,"mejoramiento, construccion, plaza, reposicion"
3946-33-LE26,13.3295,13.7265,4,"cursos, educacionales, establecimientos educacionales, chinchorro"
4006-25-LE26,10.7753,9.6313,13,"electrico, electrica, electricos, sistema electrico"
4055-67-L126,14.0069,10.5813,0,"mejoramiento, construccion, plaza, reposicion"
4055-82-L126,17.6676,10.1893,21,"cultural, produccion, artes, culturales"
4079-38-LE26,16.6771,4.5445,6,"alimentacion, break, alojamiento, com"
4083-15-LE26,13.6952,4.3345,7,"medicamentos, medicos, farmacos, insumos medicos"
4284-155-L126,16.5739,4.7949,6,"alimentacion, break, alojamiento, com"
4291-55-LP26,15.3015,8.5812,-1,Sin tema
4358-34-L126,13.456,13.5243,4,"cursos, educacionales, establecimientos educacionales, chinchorro"
4379-5-LE26,12.0012,9.4076,17,"laboratorio, cen, automotriz, panel"
4404-63-LE26,11.2486,10.3655,-1,Sin tema
4474-14-LE26,10.6866,9.6793,13,"electrico, electrica, electricos, sistema electrico"
4562-27-LE26,16.6451,11.9293,1,"produccion, habitabilidad, navidad, juguetes"
4697-25-LP26,15.9985,7.4099,0,"mejoramiento, construccion, plaza, reposicion"
4697-26-LE26,15.9851,7.4578,0,"mejoramiento, construccion, plaza, reposicion"
4883-20-L126,15.8493,9.0859,0,"mejoramiento, construccion, plaza, reposicion"
5067-142-L126,11.9684,7.8812,-1,Sin tema
5190-19-LP26,16.1703,9.6015,-1,Sin tema
5209-58-LP25,15.5737,8.102,0,"mejoramiento, construccion, plaza, reposicion"
5349-115-L126,13.6588,3.1535,2,"ninos, provincial, rio, jose"
5502-12-LP26,15.8072,7.5499,-1,Sin tema
5509-3-LE26,12.008,9.6243,30,"agua, agua purificada, purificada, aguas"
552578-43-LE26,16.2713,9.3651,0,"mejoramiento, construccion, plaza, reposicion"
564162-138-L126,11.5627,7.1249,19,"led, laser, pantalla, arriendo"
5687-5-LE26,13.6581,10.7188,0,"mejoramiento, construccion, plaza, reposicion"
568963-22-LE26,14.074,9.993,-1,Sin tema
5740-10-LE26,16.0406,8.7766,0,"mejoramiento, construccion, plaza, reposicion"
621-909-LR26,12.4688,7.7517,-1,Sin tema
624-12-LP26,13.4793,3.8714,10,"transporte, escolar, turismo, disposicion"
628-13-LR26,11.2262,11.8434,14,"internet, fija, movil, satelital"
633-59-L126,16.8681,6.8961,24,"farmacia, planta, farmacos, plantas"
635-147-L126,14.0812,6.3437,-1,Sin tema
673663-41-LE26,16.2681,7.7398,0,"mejoramiento, construccion, plaza, reposicion"
680526-1-LE26,15.4646,8.7837,0,"mejoramiento, construccion, plaza, reposicion"
697209-4-LE26,10.6182,9.6,13,"electrico, electrica, electricos, sistema electrico"
729-186-LE26,12.6503,7.117,-1,Sin tema
761984-25-LE26,16.5764,8.6404,-1,Sin tema
770-8-LE26,14.811,8.2004,0,"mejoramiento, construccion, plaza, reposicion"
799512-48-LP26,15.5397,9.1923,0,"mejoramiento, construccion, plaza, reposicion"
805-9-LE26,12.7601,10.8319,5,"seguridad, guardias, proteccion, proteccion personal"
812030-17-LR26,15.1824,8.633,-1,Sin tema
858-72-B226,16.8036,11.729,1,"produccion, habitabilidad, navidad, juguetes"
886954-298-LP26,12.1247,9.3746,17,"laboratorio, cen, automotriz, panel"
948354-148-LP26,13.4526,3.3349,2,"ninos, provincial, rio, jose"
1002592-3-LE26,9.9871,11.7399,25,"audiovisual, instrumentos, musica, audiovisuales"
1021609-23-LP26,13.8293,3.5327,2,"ninos, provincial, rio, jose"
1051765-22-LE26,11.7533,10.8113,-1,Sin tema
1057387-56-L126,15.0708,8.8212,-1,Sin tema
1057417-254-CO26,14.6993,6.2594,-1,Sin tema
1057428-41-L126,17.9465,10.4778,21,"cultural, produccion, artes, culturales"
1057429-86-LE26,12.6423,9.3084,22,"aire, aire acondicionado, acondicionado, fuera"
1057430-48-LE26,12.3852,9.5451,17,"laboratorio, cen, automotriz, panel"
1057432-93-LE26,14.0133,6.3794,15,"bmc, equipos, repuestos, chee"
1057461-57-LE26,13.6615,3.3163,2,"ninos, provincial, rio, jose"
1057480-65-LE26,13.5711,3.0971,2,"ninos, provincial, rio, jose"
1057489-211-I226,14.0155,4.4248,-1,Sin tema
1057501-621-LE26,16.0135,7.9021,0,"mejoramiento, construccion, plaza, reposicion"
1057509-306-LE26,14.907,9.4935,0,"mejoramiento, construccion, plaza, reposicion"
1057509-316-LE26,15.9021,9.2965,0,"mejoramiento, construccion, plaza, reposicion"
1057509-335-LE26,16.895,11.6943,1,"produccion, habitabilidad, navidad, juguetes"
1057511-25-LE26,15.2396,5.0697,27,"biobio, zona, carabineros, compatible"
1057511-28-LE26,15.8548,9.5426,0,"mejoramiento, construccion, plaza, reposicion"
1057544-331-CO26,13.6634,3.1274,2,"ninos, provincial, rio, jose"
1057681-3-LR26,15.7958,12.4351,-1,Sin tema
1057891-23-LE26,14.2523,5.8688,8,"odontologicos, insumos odontologicos, instrumental, anatomia"
1078113-2-LE26,12.1051,9.1052,17,"laboratorio, cen, automotriz, panel"
1079516-41-LE26,13.8295,9.2971,29,"mantencion preventiva, preventiva, preventiva correctiva, correctiva"
1079650-49-LE26,14.2501,5.4641,8,"odontologicos, insumos odontologicos, instrumental, anatomia"
1095-10-LE26,14.0909,7.8185,-1,Sin tema
1096-15-O126,15.5657,7.4106,0,"mejoramiento, construccion, plaza, reposicion"
1110404-202-LE26,13.2575,13.6348,4,"cursos, educacionales, establecimientos educacionales, chinchorro"
1116007-24-LE26,13.5286,11.7624,10,"transporte, escolar, turismo, disposicion"
1149-25-O123,14.5548,8.7829,-1,Sin tema
1171142-105-LP26,14.4151,5.2527,-1,Sin tema
1218393-43-LE26,13.6101,4.3235,-1,Sin tema
1261-27-LP26,11.1791,7.08,19,"led, laser, pantalla, arriendo"
1271359-73-L126,12.6353,10.807,5,"seguridad, guardias, proteccion, proteccion personal"
1280-50-LE26,16.2399,9.2277,-1,Sin tema
1298354-27-LE26,13.0047,9.7665,-1,Sin tema
1340-56-LP26,11.4894,8.3278,3,"materiales, material, materiales construccion, proyecto"
1347870-11-LE26,10.9541,8.2052,3,"materiales, material, materiales construccion, proyecto"
1380371-13-LE26,11.642,8.9977,-1,Sin tema
1426397-25-R126,10.8833,11.0659,-1,Sin tema
1431841-59-LP26,15.0798,8.3719,0,"mejoramiento, construccion, plaza, reposicion"
1469-221-L126,14.9147,9.6765,0,"mejoramiento, construccion, plaza, reposicion"
1469-227-L126,16.0485,8.5533,0,"mejoramiento, construccion, plaza, reposicion"
1469-251-L126,12.2648,11.7116,12,"software, licencias, renovacion, renovacion licencias"
1499-190-LE26,12.9176,6.9496,9,"insumos clinicos, upla, solicitud, clinicos"
1501717-3-LE26,14.1439,9.7792,-1,Sin tema
1536771-3-LE26,14.0342,7.6917,-1,Sin tema
1555-79-LE26,14.7988,7.1249,-1,Sin tema
1556138-1-LP26,14.041,8.3907,-1,Sin tema
1638-89-LE26,11.3894,8.9322,3,"materiales, material, materiales construccion, proyecto"
1641-253-LR26,15.2845,8.4393,0,"mejoramiento, construccion, plaza, reposicion"
1655-16-LE26,13.9143,7.2851,-1,Sin tema
1658-224-LR26,14.62,10.4247,0,"mejoramiento, construccion, plaza, reposicion"
1658-229-LE26,15.9985,4.8831,-1,Sin tema
1663-62-LP26,15.561,8.5429,0,"mejoramiento, construccion, plaza, reposicion"
1697-46-LE26,16.3433,9.2957,-1,Sin tema
1704-81-LE26,14.1198,9.9507,-1,Sin tema
1747-55-L126,15.4873,8.649,0,"mejoramiento, construccion, plaza, reposicion"
1973-100-LE26,14.2426,5.6727,8,"odontologicos, insumos odontologicos, instrumental, anatomia"
1979-189-LE26,13.7847,3.3475,2,"ninos, provincial, rio, jose"
1980-10-LE26,16.6009,4.7857,6,"alimentacion, break, alojamiento, com"
2045-16-L126,13.5494,4.7604,-1,Sin tema
2101-145-LE26,13.4536,6.9104,9,"insumos clinicos, upla, solicitud, clinicos"
2101-157-L126,11.1039,8.4486,3,"materiales, material, materiales construccion, proyecto"
2107-139-LE26,14.5348,7.9379,0,"mejoramiento, construccion, plaza, reposicion"
2111-288-LE26,15.0182,9.7907,0,"mejoramiento, construccion, plaza, reposicion"
2277-26-LP26,17.1539,8.821,0,"mejoramiento, construccion, plaza, reposicion"
2277-27-LP26,15.3961,7.9348,0,"mejoramiento, construccion, plaza, reposicion"
2282-99-LP26,11.9419,8.4998,-1,Sin tema
2288-33-LP26,11.2284,8.6255,3,"materiales, material, materiales construccion, proyecto"
2289-48-LE26,14.9424,7.6547,0,"mejoramiento, construccion, plaza, reposicion"
2308-83-LP26,16.8452,11.1075,1,"produccion, habitabilidad, navidad, juguetes"
2328-59-L126,13.3651,13.5641,4,"cursos, educacionales, establecimientos educacionales, chinchorro"
2369-90-LE26,12.564,7.6599,-1,Sin tema
2384-43-LE26,16.0376,9.5905,-1,Sin tema
2392-59-LE26,17.7236,8.7519,0,"mejoramiento, construccion, plaza, reposicion"
2395-51-L126,14.7248,9.4679,0,"mejoramiento, construccion, plaza, reposicion"
2402-92-LE26,14.8057,11.6257,16,"social, fiscal, fiscales, sede social"
2422-144-LE26,11.5098,8.4897,3,"materiales, material, materiales construccion, proyecto"
2426-51-LR26,17.3185,8.7627,0,"mejoramiento, construccion, plaza, reposicion"
2427-37-LE26,16.8438,9.6484,-1,Sin tema
2446-290-LE26,16.2464,10.0151,0,"mejoramiento, construccion, plaza, reposicion"
2446-292-LP26,16.2089,11.2017,1,"produccion, habitabilidad, navidad, juguetes"
2448-105-LE26,5.9046,2.9765,20,"protesis, removibles, instrumental, destinado"
2450-70-LE26,15.856,9.7756,0,"mejoramiento, construccion, plaza, reposicion"
2548-93-LE26,15.7415,9.521,0,"mejoramiento, construccion, plaza, reposicion"
2658-339-L126,10.6672,9.6963,13,"electrico, electrica, electricos, sistema electrico"
2696-15-LE26,16.3816,12.0591,1,"produccion, habitabilidad, navidad, juguetes"
2697-35-LE26,13.9475,6.7297,15,"bmc, equipos, repuestos, chee"
2703-165-L126,14.6223,4.5531,7,"medicamentos, medicos, farmacos, insumos medicos"
2703-196-L126,14.1005,6.7606,-1,Sin tema
2710-87-LE26,14.3352,9.6357,0,"mejoramiento, construccion, plaza, reposicion"
2713-184-LE26,15.3837,8.3411,0,"mejoramiento, construccion, plaza, reposicion"
2724-46-LE26,14.8331,11.6451,16,"social, fiscal, fiscales, sede social"
2743-42-LE26,16.5031,11.3857,1,"produccion, habitabilidad, navidad, juguetes"
2757-7-L126,13.9199,3.9338,-1,Sin tema
2770-147-LP26,16.4557,11.4944,1,"produccion, habitabilidad, navidad, juguetes"
2852-63-LE26,17.951,10.4726,21,"cultural, produccion, artes, culturales"
2935-23-LE26,15.0162,12.4228,16,"social, fiscal, fiscales, sede social"
2958-3-LE26,11.1768,8.6016,3,"materiales, material, materiales construccion, proyecto"
299-23-LE26,13.1495,8.0178,-1,Sin tema
299-26-LE26,12.9562,10.0339,-1,Sin tema
3015-49-L126,15.8964,7.0997,0,"mejoramiento, construccion, plaza, reposicion"
3017-46-LE26,10.9401,7.8764,3,"materiales, material, materiales construccion, proyecto"
3017-65-LE26,10.6335,7.959,3,"materiales, material, materiales construccion, proyecto"
3047-52-CO26,15.7945,7.646,0,"mejoramiento, construccion, plaza, reposicion"
3172-64-B226,15.8974,7.6165,0,"mejoramiento, construccion, plaza, reposicion"
3296-18-LE26,16.6792,11.4769,1,"produccion, habitabilidad, navidad, juguetes"
3296-19-LP26,17.438,8.0561,0,"mejoramiento, construccion, plaza, reposicion"
3328-96-L126,14.7377,6.8234,15,"bmc, equipos, repuestos, chee"
3399-19-LE26,15.6694,8.6696,0,"mejoramiento, construccion, plaza, reposicion"
3453-92-LE26,15.9622,6.9234,0,"mejoramiento, construccion, plaza, reposicion"
3479-93-LP26,17.5945,8.0989,0,"mejoramiento, construccion, plaza, reposicion"
3506-91-LE26,15.9023,10.8674,26,"municipales, salud solicitud, area salud, solicitud"
3567-33-LE26,14.6849,7.8893,0,"mejoramiento, construccion, plaza, reposicion"
3567-37-LE26,17.6728,10.1708,21,"cultural, produccion, artes, culturales"
3573-58-LP26,16.0019,10.8158,26,"municipales, salud solicitud, area salud, solicitud"
3641-6-L126,11.2332,8.4354,3,"materiales, material, materiales construccion, proyecto"
3729-91-LE26,16.8584,11.9375,1,"produccion, habitabilidad, navidad, juguetes"
3740-4-LE26,14.0977,5.24,8,"odontologicos, insumos odontologicos, instrumental, anatomia"
3807-12-LP26,16.1083,11.7601,1,"produccion, habitabilidad, navidad, juguetes"
3847-41-LE26,17.4201,8.7623,0,"mejoramiento, construccion, plaza, reposicion"
3929-53-LP26,12.4227,12.4626,12,"software, licencias, renovacion, renovacion licencias"
3929-66-LP26,17.8212,8.6522,0,"mejoramiento, construccion, plaza, reposicion"
3963-16-LP26,15.3781,8.0958,0,"mejoramiento, construccion, plaza, reposicion"
4190-27-LE26,11.4515,11.6497,14,"internet, fija, movil, satelital"
4284-157-L126,14.3044,11.0578,0,"mejoramiento, construccion, plaza, reposicion"
434-109-LE26,11.2285,12.0226,14,"internet, fija, movil, satelital"
4452-10-LE26,13.5654,3.6895,2,"ninos, provincial, rio, jose"
4469-187-L126,12.6163,7.4395,9,"insumos clinicos, upla, solicitud, clinicos"
4559-31-L126,16.8166,5.7095,6,"alimentacion, break, alojamiento, com"
4591-21-LP26,11.1971,7.8423,3,"materiales, material, materiales construccion, proyecto"
4594-29-LE26,13.6764,13.208,4,"cursos, educacionales, establecimientos educacionales, chinchorro"
4610-72-LE26,15.1981,8.5239,0,"mejoramiento, construccion, plaza, reposicion"
4858-59-LP26,14.2971,7.7335,-1,Sin tema
514848-32-L126,11.3591,8.322,-1,Sin tema
5198-31-L126,12.7704,7.7862,-1,Sin tema
5251-85-LE26,14.2241,8.7294,0,"mejoramiento, construccion, plaza, reposicion"
5268-40-O126,13.1138,10.7578,5,"seguridad, guardias, proteccion, proteccion personal"
527481-58-LE26,13.4342,13.5672,4,"cursos, educacionales, establecimientos educacionales, chinchorro"
5413-73-L126,15.422,10.0449,-1,Sin tema
5509-4-LE26,12.2712,8.4051,-1,Sin tema
557974-30-LP26,13.7741,9.3685,-1,Sin tema
5586-138-LE26,16.2839,11.7016,1,"produccion, habitabilidad, navidad, juguetes"
5586-146-LE26,13.7462,9.2982,-1,Sin tema
5586-147-LE26,16.8025,11.5829,1,"produccion, habitabilidad, navidad, juguetes"
5642-18-LE26,17.9801,10.501,21,"cultural, produccion, artes, culturales"
574-1-LE26,13.4558,3.8613,-1,Sin tema
5877-32-LE26,15.0105,11.0188,18,"produccion, produccion integral, integral, produccion eventos"
5877-38-L126,16.3777,9.298,0,"mejoramiento, construccion, plaza, reposicion"
593951-44-LE26,16.1547,9.0129,0,"mejoramiento, construccion, plaza, reposicion"
635550-5-LE26,13.3354,9.7723,23,"sistema, tecnico, sistemas, control"
704093-104-O126,9.9435,6.9186,-1,Sin tema
704093-125-LP26,9.9199,6.9036,-1,Sin tema
758-39-LR26,11.5706,12.0075,14,"internet, fija, movil, satelital"
760-7-LE26,15.0497,12.6353,16,"social, fiscal, fiscales, sede social"
777304-30-LR26,14.5856,7.8413,0,"mejoramiento, construccion, plaza, reposicion"
777304-65-LP26,15.1442,8.5487,0,"mejoramiento, construccion, plaza, reposicion"
886954-260-LP26,13.9276,5.1432,8,"odontologicos, insumos odontologicos, instrumental, anatomia"
905-33-LE26,16.2914,9.5631,-1,Sin tema
905-34-LE26,17.1018,8.8701,0,"mejoramiento, construccion, plaza, reposicion"
94-7-LE26,14.9794,11.0154,18,"produccion, produccion integral, integral, produccion eventos"
948354-147-LE26,13.7086,3.356,2,"ninos, provincial, rio, jose"
979-61-LE26,11.4556,9.14,3,"materiales, material, materiales construccion, proyecto"
996-35-LE26,14.6869,8.7581,-1,Sin tema
1002-83-LP26,15.8864,10.0368,-1,Sin tema
1027-15-LP26,13.141,10.4009,-1,Sin tema
1057438-18-L126,13.429,3.2803,2,"ninos, provincial, rio, jose"
1057480-54-LE26,13.4989,3.1711,2,"ninos, provincial, rio, jose"
1057492-119-LE26,14.9658,7.154,-1,Sin tema
1057499-53-LE26,14.5296,9.7218,0,"mejoramiento, construccion, plaza, reposicion"
1057501-270-LP26,15.4899,7.6379,0,"mejoramiento, construccion, plaza, reposicion"
1057509-252-LP26,15.2938,9.7862,-1,Sin tema
1057509-325-LE26,16.2935,8.6555,-1,Sin tema
1057509-341-LE26,13.2398,3.6918,-1,Sin tema
1057532-83-LP26,16.5819,9.9275,-1,Sin tema
1057544-319-LP26,13.6464,4.0081,2,"ninos, provincial, rio, jose"
1057544-320-LE26,15.6844,4.8705,-1,Sin tema
1057547-400-LE26,14.4163,5.7873,8,"odontologicos, insumos odontologicos, instrumental, anatomia"
1057774-11-L126,13.5136,3.6237,2,"ninos, provincial, rio, jose"
1057780-8-LP26,13.8142,6.6651,15,"bmc, equipos, repuestos, chee"
1057891-26-LE26,14.0546,3.9629,-1,Sin tema
1057937-10-LE26,15.1805,5.1175,27,"biobio, zona, carabineros, compatible"
1058128-29-LR26,14.7261,5.0087,-1,Sin tema
1063538-222-LE26,15.8206,9.1513,0,"mejoramiento, construccion, plaza, reposicion"
1067476-39-LE26,12.7606,9.4799,-1,Sin tema
1070620-66-LR26,12.6621,10.8344,5,"seguridad, guardias, proteccion, proteccion personal"
1075963-361-LP26,15.3374,9.0396,-1,Sin tema
1080089-43-LP26,15.604,8.0538,0,"mejoramiento, construccion, plaza, reposicion"
1080936-36-LE26,15.8664,10.4659,0,"mejoramiento, construccion, plaza, reposicion"
1080936-38-LE26,14.4602,10.371,-1,Sin tema
1082957-26-LE26,10.7385,11.6593,-1,Sin tema
1082957-31-LE26,11.4563,9.5457,3,"materiales, material, materiales construccion, proyecto"
1095-17-LE26,10.5755,8.4112,3,"materiales, material, materiales construccion, proyecto"
1110404-194-L126,17.3433,9.5061,-1,Sin tema
1110404-221-LE26,13.5105,13.4335,-1,Sin tema
1149-30-O123,17.2104,9.3612,0,"mejoramiento, construccion, plaza, reposicion"
1180703-33-LE26,10.6854,11.6294,28,"televigilancia, sistema, instalacion sistema, instalacion"
1199-13-LP26,12.8105,10.8374,5,"seguridad, guardias, proteccion, proteccion personal"
1237328-68-LE26,14.2658,10.699,0,"mejoramiento, construccion, plaza, reposicion"
1265-5-O126,16.5961,7.1234,-1,Sin tema
1271359-95-LE26,16.9662,7.4938,-1,Sin tema
1288819-5-LE26,12.2003,10.7428,5,"seguridad, guardias, proteccion, proteccion personal"
1300-40-LE26,14.0027,7.7805,-1,Sin tema
1305544-40-LP26,16.9456,8.6941,0,"mejoramiento, construccion, plaza, reposicion"
1340-58-LP26,11.8762,8.4987,-1,Sin tema
1422824-24-LE26,13.9829,3.8822,-1,Sin tema
1431841-58-LE26,10.6847,11.7277,28,"televigilancia, sistema, instalacion sistema, instalacion"
1480067-22-L126,14.5281,10.4383,0,"mejoramiento, construccion, plaza, reposicion"
1499-192-LP26,13.7117,5.1939,-1,Sin tema
1504-14-O126,15.0474,12.6427,16,"social, fiscal, fiscales, sede social"
1506668-25-LE26,15.8951,8.5392,0,"mejoramiento, construccion, plaza, reposicion"
1511-56-LP26,15.445,9.0451,0,"mejoramiento, construccion, plaza, reposicion"
1514-101-LP26,13.8127,4.6364,-1,Sin tema
1514-109-B226,13.7758,3.7448,2,"ninos, provincial, rio, jose"
1533460-6-LP26,14.8896,12.4745,16,"social, fiscal, fiscales, sede social"
1562-72-L126,14.8744,7.7742,0,"mejoramiento, construccion, plaza, reposicion"
1626-31-L126,13.7106,4.8817,-1,Sin tema
1641-265-LP26,14.0559,7.5542,-1,Sin tema
1641-272-LP26,14.9177,5.8645,-1,Sin tema
1641-352-LE26,13.9751,5.5927,8,"odontologicos, insumos odontologicos, instrumental, anatomia"
1641-394-LP26,15.2781,8.0298,-1,Sin tema
1655-32-LP26,14.1053,5.1593,8,"odontologicos, insumos odontologicos, instrumental, anatomia"
1660-140-L126,5.9595,2.9055,20,"protesis, removibles, instrumental, destinado"
188-83-LP26,12.4114,12.0961,12,"software, licencias, renovacion, renovacion licencias"
1952-80-LE26,14.9348,6.7596,-1,Sin tema
1973-89-L126,15.4605,8.1838,0,"mejoramiento, construccion, plaza, reposicion"
1973-97-LP26,14.1073,4.4675,7,"medicamentos, medicos, farmacos, insumos medicos"
1976-19-LP26,15.5451,9.2713,0,"mejoramiento, construccion, plaza, reposicion"
2069-159-LR26,12.1228,6.7743,11,"sol, solucion, solicitud, ecs"
2101-158-L126,13.265,7.7153,-1,Sin tema
2111-170-LR26,10.7102,10.9545,-1,Sin tema
2111-275-LE26,15.1936,10.8718,18,"produccion, produccion integral, integral, produccion eventos"
2175-14-LE26,10.6978,9.7253,13,"electrico, electrica, electricos, sistema electrico"
2181-9-LR26,16.1957,11.0471,1,"produccion, habitabilidad, navidad, juguetes"
2215-52-LE26,12.3571,9.5534,17,"laboratorio, cen, automotriz, panel"
2258-172-LP26,13.0966,6.6728,-1,Sin tema
2261-32-O126,12.777,10.6373,5,"seguridad, guardias, proteccion, proteccion personal"
2277-45-LP26,15.9399,7.3688,-1,Sin tema
2318-74-LE26,12.7437,8.393,31,"bombas, infusion, ventanas, combustible"
2322-87-LE26,11.3024,7.1091,19,"led, laser, pantalla, arriendo"
2345-178-LE26,14.7313,10.3191,-1,Sin tema
2359-16-LR26,11.2952,12.002,14,"internet, fija, movil, satelital"
2380-49-LE26,15.5009,8.555,0,"mejoramiento, construccion, plaza, reposicion"
2408-222-L126,15.4943,8.9803,0,"mejoramiento, construccion, plaza, reposicion"
2413-26-LE26,17.6703,8.0782,0,"mejoramiento, construccion, plaza, reposicion"
2446-291-LE26,14.0948,7.8614,-1,Sin tema
2446-294-LP26,10.9587,7.885,3,"materiales, material, materiales construccion, proyecto"
2467-58-LE26,14.5714,8.0048,0,"mejoramiento, construccion, plaza, reposicion"
2467-84-LE26,15.3785,7.9232,-1,Sin tema
2582-117-LR25,17.2021,8.7658,0,"mejoramiento, construccion, plaza, reposicion"
2656-69-LE26,14.0993,11.8012,10,"transporte, escolar, turismo, disposicion"
2697-38-LR26,17.1395,8.1766,-1,Sin tema
2703-174-L126,14.6625,4.6899,7,"medicamentos, medicos, farmacos, insumos medicos"
2709-62-LP26,14.8599,11.6152,16,"social, fiscal, fiscales, sede social"
2711-27-LE26,11.9858,9.5151,17,"laboratorio, cen, automotriz, panel"
2724-45-LE26,15.7512,11.6337,1,"produccion, habitabilidad, navidad, juguetes"
2756-15-LE26,13.3883,13.5896,4,"cursos, educacionales, establecimientos educacionales, chinchorro"
2780-55-L126,14.3953,4.9531,7,"medicamentos, medicos, farmacos, insumos medicos"
2982-52-LE26,15.9166,10.5049,0,"mejoramiento, construccion, plaza, reposicion"
3046-29-L126,12.5818,7.3629,9,"insumos clinicos, upla, solicitud, clinicos"
3117-91-LE26,12.9369,7.9259,9,"insumos clinicos, upla, solicitud, clinicos"
3130-28-LE26,10.6518,9.6812,13,"electrico, electrica, electricos, sistema electrico"
316-58-LE26,14.4979,7.9039,0,"mejoramiento, construccion, plaza, reposicion"
3199-15-LE26,13.7665,11.5057,-1,Sin tema
3232-56-LE26,12.5001,12.5208,12,"software, licencias, renovacion, renovacion licencias"
3416-64-LP26,14.5181,6.8118,-1,Sin tema
3520-24-LP26,17.5082,7.9868,0,"mejoramiento, construccion, plaza, reposicion"
3588-51-LE26,12.4192,12.5214,12,"software, licencias, renovacion, renovacion licencias"
3654-33-LP26,15.9468,7.6806,0,"mejoramiento, construccion, plaza, reposicion"
3663-37-L126,15.0695,7.556,0,"mejoramiento, construccion, plaza, reposicion"
3705-35-LP26,15.9922,10.0041,0,"mejoramiento, construccion, plaza, reposicion"
3711-21-LE26,14.967,6.9031,0,"mejoramiento, construccion, plaza, reposicion"
3775-34-LE26,13.395,7.3439,9,"insumos clinicos, upla, solicitud, clinicos"
3791-78-LP26,10.6398,8.5718,3,"materiales, material, materiales construccion, proyecto"
3791-81-LE26,16.7765,4.4732,6,"alimentacion, break, alojamiento, com"
3836-40-LE26,15.7384,8.4587,0,"mejoramiento, construccion, plaza, reposicion"
3929-61-LE26,17.7033,8.8485,0,"mejoramiento, construccion, plaza, reposicion"
3935-45-LE26,16.16,9.1847,0,"mejoramiento, construccion, plaza, reposicion"
3953-24-LE26,15.8079,8.5787,0,"mejoramiento, construccion, plaza, reposicion"
4022-20-LE26,13.9621,6.7625,15,"bmc, equipos, repuestos, chee"
4125-6-LE26,13.2283,5.4889,-1,Sin tema
4610-77-LE26,15.3712,7.5912,-1,Sin tema
4629-29-LE26,13.5758,11.9196,10,"transporte, escolar, turismo, disposicion"
4996-20-LE26,13.6631,12.7123,10,"transporte, escolar, turismo, disposicion"
5251-83-LE26,12.5241,12.373,12,"software, licencias, renovacion, renovacion licencias"
5251-88-LE26,15.0874,12.1778,-1,Sin tema
527481-69-LE26,10.1039,11.7306,25,"audiovisual, instrumentos, musica, audiovisuales"
5407-85-LE26,14.8115,8.5075,-1,Sin tema
5514-6-LE26,9.9685,11.7068,25,"audiovisual, instrumentos, musica, audiovisuales"
552975-70-LE26,16.1531,7.5999,0,"mejoramiento, construccion, plaza, reposicion"
5537-1-LP26,13.6676,11.8436,10,"transporte, escolar, turismo, disposicion"
557639-82-LE26,14.5247,7.273,-1,Sin tema
558257-11-LE26,11.3373,7.0225,19,"led, laser, pantalla, arriendo"
5602-51-CO26,16.1063,9.5308,0,"mejoramiento, construccion, plaza, reposicion"
565314-1-LE26,16.8141,4.4334,6,"alimentacion, break, alojamiento, com"
586-58-LE26,12.3255,12.6075,12,"software, licencias, renovacion, renovacion licencias"
591-30-LE26,13.4105,9.7713,23,"sistema, tecnico, sistemas, control"
605-19-LR26,14.3749,10.4171,0,"mejoramiento, construccion, plaza, reposicion"
607-61-LE26,17.0096,9.1518,-1,Sin tema
607-79-LE26,16.934,8.3954,-1,Sin tema
610-17-B226,11.459,11.6551,14,"internet, fija, movil, satelital"
617807-79-B226,13.8146,3.1356,2,"ninos, provincial, rio, jose"
621-566-LR26,12.963,6.9187,9,"insumos clinicos, upla, solicitud, clinicos"
721703-33-LR26,14.6262,9.989,0,"mejoramiento, construccion, plaza, reposicion"
730566-29-LE26,13.6037,13.2571,4,"cursos, educacionales, establecimientos educacionales, chinchorro"
734-50-LE26,14.3309,9.4635,0,"mejoramiento, construccion, plaza, reposicion"
745712-16-LP26,12.6312,7.7379,9,"insumos clinicos, upla, solicitud, clinicos"
750998-76-B226,16.9281,8.0009,-1,Sin tema
751-8-L126,13.8088,12.8383,4,"cursos, educacionales, establecimientos educacionales, chinchorro"
751-9-L126,14.7877,10.7445,-1,Sin tema
813-74-LE26,13.0838,8.0029,-1,Sin tema
875-7-LE26,15.4243,9.1352,0,"mejoramiento, construccion, plaza, reposicion"
886954-300-LP26,12.2063,9.1675,-1,Sin tema
886954-308-LP26,13.7251,4.9217,-1,Sin tema
933-21-LE26,14.5899,10.0648,18,"produccion, produccion integral, integral, produccion eventos"
4309-120-LE25,12.1112,6.7085,11,"sol, solucion, solicitud, ecs"
1199-15-LE26,13.375,8.906,22,"aire, aire acondicionado, acondicionado, fuera"
1200-10-LR26,13.0339,10.752,5,"seguridad, guardias, proteccion, proteccion personal"
3757-3-LR26,14.9055,10.5187,-1,Sin tema
2378-120-LP26,11.0864,8.4139,3,"materiales, material, materiales construccion, proyecto"
2467-51-L126,16.1414,8.4085,0,"mejoramiento, construccion, plaza, reposicion"
4074-31-LE26,13.4765,13.4668,4,"cursos, educacionales, establecimientos educacionales, chinchorro"
835727-30-LE26,15.2388,7.0336,0,"mejoramiento, construccion, plaza, reposicion"
956-60-LE26,13.3562,4.1936,-1,Sin tema
1216062-30-LP26,15.1268,6.7974,-1,Sin tema
1488587-37-LP26,16.2561,10.5729,26,"municipales, salud solicitud, area salud, solicitud"
1057539-154-LP26,14.6207,6.5485,-1,Sin tema
4074-32-LE26,16.5722,4.6605,6,"alimentacion, break, alojamiento, com"
1002588-103-LE26,12.0351,9.1945,17,"laboratorio, cen, automotriz, panel"
1002772-100-LP26,16.6292,8.5142,0,"mejoramiento, construccion, plaza, reposicion"
1033392-3-L126,15.9801,11.6958,1,"produccion, habitabilidad, navidad, juguetes"
1035685-19-LE26,17.3546,8.0999,-1,Sin tema
1040538-11-LP26,14.8261,10.0541,-1,Sin tema
1057049-112-LP26,14.4794,7.0274,15,"bmc, equipos, repuestos, chee"
1057049-364-LE26,14.3281,6.5223,15,"bmc, equipos, repuestos, chee"
1057370-27-LE26,16.102,7.8097,0,"mejoramiento, construccion, plaza, reposicion"
1057417-136-LR26,13.704,4.5262,-1,Sin tema
1057492-127-LP26,13.5855,3.8665,2,"ninos, provincial, rio, jose"
1057499-56-LE26,14.3715,8.7012,-1,Sin tema
1057501-496-LP26,13.9834,5.6384,8,"odontologicos, insumos odontologicos, instrumental, anatomia"
1057508-123-LE26,13.988,3.6626,-1,Sin tema
1057509-132-LE26,16.8089,6.9475,24,"farmacia, planta, farmacos, plantas"
1057510-68-LE26,13.8285,3.0571,2,"ninos, provincial, rio, jose"
1057532-81-LE26,15.6276,9.2434,0,"mejoramiento, construccion, plaza, reposicion"
1057539-54-LP26,12.4483,8.3907,-1,Sin tema
1057544-314-LP26,13.8185,4.8441,-1,Sin tema
1057547-420-LP26,14.3032,5.246,-1,Sin tema
1057898-96-L126,13.4766,3.5145,2,"ninos, provincial, rio, jose"
1058043-37-LE26,12.2749,6.8289,11,"sol, solucion, solicitud, ecs"
1058134-50-LE26,12.11,6.4828,11,"sol, solucion, solicitud, ecs"
1058134-52-LR26,14.4709,4.4959,7,"medicamentos, medicos, farmacos, insumos medicos"
1079445-46-LE26,12.1463,6.9488,11,"sol, solucion, solicitud, ecs"
1079566-36-LP26,15.6216,8.8783,0,"mejoramiento, construccion, plaza, reposicion"
1079650-78-LE26,13.4474,3.1076,2,"ninos, provincial, rio, jose"
1079967-28-LE26,16.6383,4.5807,6,"alimentacion, break, alojamiento, com"
1108660-9-LE26,9.9934,11.7111,25,"audiovisual, instrumentos, musica, audiovisuales"
1159-8-LE26,10.5582,6.3494,19,"led, laser, pantalla, arriendo"
1172239-19-LE26,15.1796,7.0548,-1,Sin tema
1177296-19-LP26,15.2747,9.0128,0,"mejoramiento, construccion, plaza, reposicion"
1177296-21-LP26,13.9499,11.0143,0,"mejoramiento, construccion, plaza, reposicion"
1202333-91-LE26,14.8597,11.6655,16,"social, fiscal, fiscales, sede social"
1230615-5-LE26,16.6583,4.4929,6,"alimentacion, break, alojamiento, com"
1233600-57-L126,17.5199,9.3942,-1,Sin tema
1247197-67-LE26,15.6588,9.5501,0,"mejoramiento, construccion, plaza, reposicion"
1305525-41-LE26,13.5537,11.9703,10,"transporte, escolar, turismo, disposicion"
1341-8-LE26,11.4268,10.5209,-1,Sin tema
1375746-19-LE26,14.1823,8.2967,-1,Sin tema
1393575-16-L126,12.967,9.1079,22,"aire, aire acondicionado, acondicionado, fuera"
1422035-33-LE26,10.0529,11.6828,25,"audiovisual, instrumentos, musica, audiovisuales"
1422039-25-LE26,10.0325,11.6872,25,"audiovisual, instrumentos, musica, audiovisuales"
1422256-3-L126,15.7349,9.9165,0,"mejoramiento, construccion, plaza, reposicion"
1426-2-LE26,15.8388,9.2515,0,"mejoramiento, construccion, plaza, reposicion"
1477-9-LE26,14.3062,5.3411,-1,Sin tema
1488-39-LE26,13.6311,7.4114,-1,Sin tema
1499-184-LE26,13.3257,9.7538,23,"sistema, tecnico, sistemas, control"
1515304-207-LE26,14.2771,7.0006,15,"bmc, equipos, repuestos, chee"
1591-12-LR26,14.7386,9.6057,0,"mejoramiento, construccion, plaza, reposicion"
1618-9-LP26,15.4411,12.4078,16,"social, fiscal, fiscales, sede social"
1638-97-LE26,16.757,8.7392,0,"mejoramiento, construccion, plaza, reposicion"
1658-231-LE26,16.8005,10.8729,1,"produccion, habitabilidad, navidad, juguetes"
1658-233-LE26,12.4493,12.4758,12,"software, licencias, renovacion, renovacion licencias"
1660-147-L126,13.6002,2.9639,2,"ninos, provincial, rio, jose"
1699-4-LP26,16.1411,11.2076,1,"produccion, habitabilidad, navidad, juguetes"
1725-182-LP26,12.9882,10.7948,5,"seguridad, guardias, proteccion, proteccion personal"
1743-76-LE26,16.4734,12.3879,1,"produccion, habitabilidad, navidad, juguetes"
1950-54-LE26,13.3155,7.3381,-1,Sin tema
1952-83-LP26,13.4988,3.2052,2,"ninos, provincial, rio, jose"
2048-77-LR26,14.8914,10.6901,-1,Sin tema
2069-185-LP26,15.6668,6.8984,0,"mejoramiento, construccion, plaza, reposicion"
2098-147-LE26,14.9484,9.5571,-1,Sin tema
2101-156-LE26,13.5598,6.8778,9,"insumos clinicos, upla, solicitud, clinicos"
2126-144-LR26,14.0387,8.2454,-1,Sin tema
2126-74-LR26,14.4191,4.572,7,"medicamentos, medicos, farmacos, insumos medicos"
2146-69-LE26,13.7508,4.4116,-1,Sin tema
2146-74-LE26,13.7532,4.4842,-1,Sin tema
2157-150-LE26,16.0764,8.354,-1,Sin tema
2182-8-LP26,17.6953,8.1356,0,"mejoramiento, construccion, plaza, reposicion"
2263-74-LP26,11.907,8.743,3,"materiales, material, materiales construccion, proyecto"
2274-48-L126,16.0376,9.9625,0,"mejoramiento, construccion, plaza, reposicion"
2308-89-LP26,14.6371,10.3343,0,"mejoramiento, construccion, plaza, reposicion"
2311-26-LE26,13.9922,5.6494,8,"odontologicos, insumos odontologicos, instrumental, anatomia"
2355-19-CO26,15.3507,8.6137,-1,Sin tema
2369-91-LP26,11.431,7.3085,19,"led, laser, pantalla, arriendo"
2426-34-LP26,17.2874,8.8939,0,"mejoramiento, construccion, plaza, reposicion"
2450-101-LE26,14.5401,10.9864,18,"produccion, produccion integral, integral, produccion eventos"
2450-93-LE26,16.4882,4.6422,6,"alimentacion, break, alojamiento, com"
1002588-102-LP26,13.7365,10.5772,17,"laboratorio, cen, automotriz, panel"
1030-21-LE26,15.0547,9.6509,0,"mejoramiento, construccion, plaza, reposicion"
1036-10-LR26,12.6889,10.3675,5,"seguridad, guardias, proteccion, proteccion personal"
1039043-7-LE26,16.6388,7.9988,-1,Sin tema
1044-10-O126,16.9912,10.7672,1,"produccion, habitabilidad, navidad, juguetes"
1057384-149-L126,10.8782,8.2989,3,"materiales, material, materiales construccion, proyecto"
1057404-87-LE26,13.3456,3.1434,2,"ninos, provincial, rio, jose"
1057404-95-L126,13.4063,3.1717,2,"ninos, provincial, rio, jose"
1057417-209-LE26,15.9753,7.9174,0,"mejoramiento, construccion, plaza, reposicion"
1057428-36-L126,12.9965,3.382,2,"ninos, provincial, rio, jose"
1057430-64-LE26,13.9156,10.588,0,"mejoramiento, construccion, plaza, reposicion"
1057430-65-LE26,14.4889,10.7145,0,"mejoramiento, construccion, plaza, reposicion"
1057432-82-LE26,14.4447,5.2737,8,"odontologicos, insumos odontologicos, instrumental, anatomia"
1057439-133-LP26,14.1091,4.2923,-1,Sin tema
1057489-306-LP26,13.3541,2.9456,2,"ninos, provincial, rio, jose"
1057489-307-LP26,13.3414,2.9161,2,"ninos, provincial, rio, jose"
1057489-308-LP26,13.3904,2.8829,2,"ninos, provincial, rio, jose"
1057489-309-LP26,13.3875,2.8999,2,"ninos, provincial, rio, jose"
1057489-311-LP26,13.4253,2.8921,-1,Sin tema
1057491-174-LP26,14.3132,8.0072,-1,Sin tema
1057492-130-LP26,16.1586,7.884,-1,Sin tema
1057509-248-LE26,12.8927,10.7936,5,"seguridad, guardias, proteccion, proteccion personal"
1057509-311-LE26,14.8661,6.0338,-1,Sin tema
1057509-322-LE26,15.5042,8.5211,0,"mejoramiento, construccion, plaza, reposicion"
1057539-87-LR26,16.0722,7.1756,0,"mejoramiento, construccion, plaza, reposicion"
1057547-422-LE26,12.9241,10.7487,5,"seguridad, guardias, proteccion, proteccion personal"
1057931-19-LP26,13.0901,10.3321,5,"seguridad, guardias, proteccion, proteccion personal"
1058043-2-LE25,12.3595,6.8399,11,"sol, solucion, solicitud, ecs"
1058045-12-LR26,16.8453,11.7435,1,"produccion, habitabilidad, navidad, juguetes"
1058078-61-LP26,13.5419,3.0488,2,"ninos, provincial, rio, jose"
1058085-99-LR26,13.4696,2.8667,2,"ninos, provincial, rio, jose"
1058097-28-LP26,13.81,3.7963,2,"ninos, provincial, rio, jose"
1058097-29-LP26,13.7553,3.7111,2,"ninos, provincial, rio, jose"
1065268-8-LE26,15.5889,9.3398,0,"mejoramiento, construccion, plaza, reposicion"
1070620-101-LP26,14.0033,7.3927,-1,Sin tema
1024-51-LE26,15.3966,7.9245,0,"mejoramiento, construccion, plaza, reposicion"
1033392-2-LE26,15.8001,12.2467,-1,Sin tema
1043030-8-LE26,11.2263,8.6312,3,"materiales, material, materiales construccion, proyecto"
1057049-238-LP26,13.9496,6.5713,15,"bmc, equipos, repuestos, chee"
1057049-287-LE26,12.0317,7.4976,-1,Sin tema
1057049-309-LE26,15.0577,8.2844,-1,Sin tema
1057049-367-LE26,14.7625,6.6777,-1,Sin tema
1057062-9-LE26,14.0752,8.0589,-1,Sin tema
1057404-93-L126,14.2115,10.4357,0,"mejoramiento, construccion, plaza, reposicion"
1057429-101-LE26,14.3167,5.5688,8,"odontologicos, insumos odontologicos, instrumental, anatomia"
1057432-89-LE26,16.9086,5.237,6,"alimentacion, break, alojamiento, com"
1057448-29-L126,14.4574,4.6769,7,"medicamentos, medicos, farmacos, insumos medicos"
1057461-60-LE26,13.5962,3.4453,2,"ninos, provincial, rio, jose"
1057489-267-LE26,12.4237,9.5686,17,"laboratorio, cen, automotriz, panel"
1057489-289-LP26,13.402,2.8967,-1,Sin tema
1057494-61-LE26,13.8944,3.7245,2,"ninos, provincial, rio, jose"
1057499-28-LP26,13.8695,6.7439,15,"bmc, equipos, repuestos, chee"
1057501-508-LR26,16.5449,8.0635,0,"mejoramiento, construccion, plaza, reposicion"
1057509-209-LE26,15.4144,8.9226,0,"mejoramiento, construccion, plaza, reposicion"
1057534-48-L126,13.0857,9.9141,-1,Sin tema
1057544-274-LR26,12.3145,8.9084,17,"laboratorio, cen, automotriz, panel"
1057547-423-LP26,15.4873,8.806,-1,Sin tema
1057822-53-LE26,14.0663,8.6597,0,"mejoramiento, construccion, plaza, reposicion"
1057977-12-LE26,17.0259,9.0907,0,"mejoramiento, construccion, plaza, reposicion"
1058339-7-CO26,16.5063,4.5462,6,"alimentacion, break, alojamiento, com"
1062448-11-LE26,16.5043,8.3078,0,"mejoramiento, construccion, plaza, reposicion"
1077195-10-LE26,10.2584,11.6736,25,"audiovisual, instrumentos, musica, audiovisuales"
1079486-23-LE26,11.2363,11.8375,14,"internet, fija, movil, satelital"
1080095-12-L126,16.649,6.7625,24,"farmacia, planta, farmacos, plantas"
1110404-188-LP26,13.3097,13.6208,4,"cursos, educacionales, establecimientos educacionales, chinchorro"
1153625-10-L126,12.4751,12.5191,12,"software, licencias, renovacion, renovacion licencias"
1177296-20-LE26,13.3252,10.8086,-1,Sin tema
1195104-19-LE26,16.1003,7.5992,0,"mejoramiento, construccion, plaza, reposicion"
1202333-93-LP26,12.9241,10.7461,5,"seguridad, guardias, proteccion, proteccion personal"
1209-7-L126,16.9006,5.2171,6,"alimentacion, break, alojamiento, com"
1214102-54-LE26,16.5633,4.5805,6,"alimentacion, break, alojamiento, com"
1233613-75-LE26,13.4872,13.489,4,"cursos, educacionales, establecimientos educacionales, chinchorro"
1271-10-LP26,15.9602,9.0447,-1,Sin tema
1340-57-LE26,11.8278,8.4738,-1,Sin tema
1080094-15-L126,13.9289,9.1278,-1,Sin tema
1080095-10-L126,11.0418,8.5554,3,"materiales, material, materiales construccion, proyecto"
1107276-26-LE26,16.87,6.9234,24,"farmacia, planta, farmacos, plantas"
1133353-46-LP26,15.3796,8.9954,0,"mejoramiento, construccion, plaza, reposicion"
1171177-1-LE26,14.3267,7.2141,-1,Sin tema
1180919-19-LE26,15.0467,12.6584,16,"social, fiscal, fiscales, sede social"
1181-6-LE26,14.169,10.548,0,"mejoramiento, construccion, plaza, reposicion"
1242126-6-LP26,13.5343,4.0994,7,"medicamentos, medicos, farmacos, insumos medicos"
1263503-6-LE26,17.0908,11.0588,1,"produccion, habitabilidad, navidad, juguetes"
1263503-7-LE26,17.0934,11.0637,1,"produccion, habitabilidad, navidad, juguetes"
1271359-130-LE26,14.17,7.1005,-1,Sin tema
1298354-28-LE26,13.5257,10.6466,0,"mejoramiento, construccion, plaza, reposicion"
1389183-68-LE26,15.125,7.5001,0,"mejoramiento, construccion, plaza, reposicion"
1398-108-L126,15.3885,7.4482,0,"mejoramiento, construccion, plaza, reposicion"
1413-15-LE26,15.5198,10.7737,-1,Sin tema
1417913-133-L126,16.815,8.4759,0,"mejoramiento, construccion, plaza, reposicion"
1422825-27-LP26,13.554,3.1099,2,"ninos, provincial, rio, jose"
1447790-9-LP26,5.9177,2.9501,20,"protesis, removibles, instrumental, destinado"
1499-132-LP26,14.0356,4.8128,-1,Sin tema
1499-156-LP26,14.2465,4.5362,7,"medicamentos, medicos, farmacos, insumos medicos"
1515304-205-LE26,12.6174,8.9686,22,"aire, aire acondicionado, acondicionado, fuera"
1555-80-LE26,15.6301,7.3772,0,"mejoramiento, construccion, plaza, reposicion"
1574-37-LE26,13.0608,7.1953,9,"insumos clinicos, upla, solicitud, clinicos"
1626-32-L126,13.7129,4.2895,7,"medicamentos, medicos, farmacos, insumos medicos"
1658-176-LR26,11.3206,12.0108,14,"internet, fija, movil, satelital"
1663-145-LE26,15.7368,8.0395,0,"mejoramiento, construccion, plaza, reposicion"
1696-18-L126,10.7665,9.8004,13,"electrico, electrica, electricos, sistema electrico"
1704-21-LP26,17.035,9.9238,-1,Sin tema
1947-155-LE26,13.8898,3.4615,2,"ninos, provincial, rio, jose"
1952-88-LP26,13.2641,3.3259,2,"ninos, provincial, rio, jose"
1978-100-L126,13.4006,8.5095,-1,Sin tema
2069-161-LR26,14.8549,6.8611,-1,Sin tema
2101-149-L126,12.0743,6.6286,11,"sol, solucion, solicitud, ecs"
2101-159-LE26,12.8655,7.1662,9,"insumos clinicos, upla, solicitud, clinicos"
2263-75-LE26,13.0507,9.221,-1,Sin tema
2284-31-L126,13.4812,3.5945,2,"ninos, provincial, rio, jose"
229-106-L126,15.1905,10.4485,-1,Sin tema
2307-43-LE26,15.8614,12.3692,-1,Sin tema
2322-92-LE26,11.4881,12.0367,14,"internet, fija, movil, satelital"
2322-95-LE26,12.0708,8.3368,-1,Sin tema
2483-258-LE26,14.5544,9.5065,0,"mejoramiento, construccion, plaza, reposicion"
2585-144-LE26,13.707,6.768,15,"bmc, equipos, repuestos, chee"
2585-151-LE26,13.596,6.9734,-1,Sin tema
2658-327-E226,16.8423,6.9232,24,"farmacia, planta, farmacos, plantas"
2693-40-CO26,15.772,7.1551,0,"mejoramiento, construccion, plaza, reposicion"
2724-43-CO26,16.8528,11.9159,1,"produccion, habitabilidad, navidad, juguetes"
2732-34-LP26,16.3771,7.8008,0,"mejoramiento, construccion, plaza, reposicion"
2736-37-LE26,12.9912,8.5736,31,"bombas, infusion, ventanas, combustible"
2743-41-LP26,16.0701,9.7644,0,"mejoramiento, construccion, plaza, reposicion"
2772-23-LE26,16.1195,7.4494,0,"mejoramiento, construccion, plaza, reposicion"
2788-49-LP26,16.5748,11.4436,1,"produccion, habitabilidad, navidad, juguetes"
2788-50-LE26,15.8972,10.8523,26,"municipales, salud solicitud, area salud, solicitud"
2793-125-LE26,16.3993,11.343,1,"produccion, habitabilidad, navidad, juguetes"
2793-132-LE26,10.5353,8.4888,3,"materiales, material, materiales construccion, proyecto"
2793-96-LP26,16.6043,10.1118,-1,Sin tema
2817-55-LE26,16.6873,9.9917,-1,Sin tema
2981-266-LE26,15.6093,7.2342,0,"mejoramiento, construccion, plaza, reposicion"
2982-45-LE26,16.323,4.8688,-1,Sin tema
3092-22-L126,13.9902,5.6186,8,"odontologicos, insumos odontologicos, instrumental, anatomia"
3130-30-LE26,14.1853,6.8564,15,"bmc, equipos, repuestos, chee"
3181-45-LP26,17.3398,8.795,0,"mejoramiento, construccion, plaza, reposicion"
3185-5-LE26,13.0682,8.4954,31,"bombas, infusion, ventanas, combustible"
3232-52-LE26,16.7773,12.1261,1,"produccion, habitabilidad, navidad, juguetes"
3326-51-LE26,17.0985,9.5717,0,"mejoramiento, construccion, plaza, reposicion"
3447-143-LR26,15.3437,11.8341,-1,Sin tema
3453-86-LE26,15.3564,7.8701,0,"mejoramiento, construccion, plaza, reposicion"
3477-90-LE26,15.0997,9.6987,-1,Sin tema
3533-6-LE26,11.8631,9.0966,30,"agua, agua purificada, purificada, aguas"
3559-13-LE26,10.6254,9.7141,13,"electrico, electrica, electricos, sistema electrico"
3656-150-LR26,17.4222,8.6589,0,"mejoramiento, construccion, plaza, reposicion"
3696-8-LP26,14.2552,8.9412,-1,Sin tema
3697-42-L126,10.7802,8.6497,3,"materiales, material, materiales construccion, proyecto"
3704-38-LE26,10.0585,11.6987,25,"audiovisual, instrumentos, musica, audiovisuales"
3710-99-LE26,16.6907,12.1201,1,"produccion, habitabilidad, navidad, juguetes"
3836-35-LE26,14.8184,11.6295,16,"social, fiscal, fiscales, sede social"
3890-174-L126,16.6055,4.7655,6,"alimentacion, break, alojamiento, com"
3890-192-L126,16.234,10.5788,26,"municipales, salud solicitud, area salud, solicitud"
3920-21-LP26,17.1379,8.7604,0,"mejoramiento, construccion, plaza, reposicion"
3960-74-L126,12.7618,10.827,5,"seguridad, guardias, proteccion, proteccion personal"
3997-54-LP26,17.104,8.341,0,"mejoramiento, construccion, plaza, reposicion"
3997-60-LE26,15.1788,10.8574,18,"produccion, produccion integral, integral, produccion eventos"
4032-25-LP26,17.7288,8.4719,0,"mejoramiento, construccion, plaza, reposicion"
4053-42-LE26,16.1403,7.9546,0,"mejoramiento, construccion, plaza, reposicion"
1341-7-LE26,13.7115,13.0946,4,"cursos, educacionales, establecimientos educacionales, chinchorro"
1374899-15-LR26,15.2376,5.0677,27,"biobio, zona, carabineros, compatible"
1375753-34-LE26,13.7148,12.9067,4,"cursos, educacionales, establecimientos educacionales, chinchorro"
1389183-65-LP26,16.6236,8.3232,0,"mejoramiento, construccion, plaza, reposicion"
1393093-108-LE26,13.7391,7.9517,-1,Sin tema
1398-104-LP26,14.4243,5.2894,-1,Sin tema
1469-237-L126,13.8811,12.0033,10,"transporte, escolar, turismo, disposicion"
1491-20-LE26,13.8171,6.7762,15,"bmc, equipos, repuestos, chee"
1501717-4-LE26,14.1483,4.5295,7,"medicamentos, medicos, farmacos, insumos medicos"
1506-30-O126,16.9529,10.9974,1,"produccion, habitabilidad, navidad, juguetes"
1530393-30-LE26,16.7889,6.899,24,"farmacia, planta, farmacos, plantas"
1530393-31-LP26,12.3442,6.9445,11,"sol, solucion, solicitud, ecs"
1543-7-LE26,15.7244,9.5004,-1,Sin tema
1549-79-LP26,14.6302,7.8995,0,"mejoramiento, construccion, plaza, reposicion"
1555-77-L126,15.2388,8.7858,0,"mejoramiento, construccion, plaza, reposicion"
1558-21-LP26,12.3519,8.8365,17,"laboratorio, cen, automotriz, panel"
1562-49-LR26,12.3229,10.8108,5,"seguridad, guardias, proteccion, proteccion personal"
1591-24-LE26,14.114,11.8674,10,"transporte, escolar, turismo, disposicion"
1606-32-LE26,13.3752,10.7322,-1,Sin tema
1643-89-B226,14.0718,5.7418,8,"odontologicos, insumos odontologicos, instrumental, anatomia"
1658-211-CO26,16.5387,9.5762,-1,Sin tema
1736-113-LE26,12.8169,4.4874,-1,Sin tema
1743-72-LP26,16.0135,10.672,26,"municipales, salud solicitud, area salud, solicitud"
1757-9-L126,16.5955,9.7615,10,"transporte, escolar, turismo, disposicion"
188-86-CO26,14.3331,4.6372,7,"medicamentos, medicos, farmacos, insumos medicos"
2069-182-LE26,14.7782,8.6018,-1,Sin tema
2069-183-LP26,14.7527,5.8254,8,"odontologicos, insumos odontologicos, instrumental, anatomia"
2111-287-LE26,13.9251,8.1533,-1,Sin tema
2145-66-L126,13.5371,3.1562,-1,Sin tema
2157-142-LP26,15.4156,8.2227,0,"mejoramiento, construccion, plaza, reposicion"
2157-143-LP26,17.6201,8.092,0,"mejoramiento, construccion, plaza, reposicion"
2157-154-LE26,13.6015,3.6261,2,"ninos, provincial, rio, jose"
2157-155-LE26,16.4453,7.88,0,"mejoramiento, construccion, plaza, reposicion"
2216-28-O126,11.0044,11.6961,-1,Sin tema
2273-24-LE26,14.9916,12.0053,16,"social, fiscal, fiscales, sede social"
2279-68-LE26,15.9698,10.599,26,"municipales, salud solicitud, area salud, solicitud"
2279-70-LE26,14.1796,10.0647,0,"mejoramiento, construccion, plaza, reposicion"
2295-83-LE26,17.9612,10.5126,21,"cultural, produccion, artes, culturales"
2332-120-L126,16.5794,7.9352,0,"mejoramiento, construccion, plaza, reposicion"
2342-38-LE26,16.4082,11.5736,1,"produccion, habitabilidad, navidad, juguetes"
2343-33-LE26,15.6665,7.6777,-1,Sin tema
2427-74-LE26,15.84,9.2494,0,"mejoramiento, construccion, plaza, reposicion"
2446-295-CO26,11.0695,8.4466,3,"materiales, material, materiales construccion, proyecto"
2484-18-LE26,13.7558,3.6569,2,"ninos, provincial, rio, jose"
2548-66-R126,15.8111,7.064,0,"mejoramiento, construccion, plaza, reposicion"
2548-77-L126,13.095,9.9252,-1,Sin tema
2667-41-LP26,14.9651,6.3614,-1,Sin tema
2680-25-LE26,13.2665,13.4002,4,"cursos, educacionales, establecimientos educacionales, chinchorro"
2697-57-LE26,16.358,11.5075,1,"produccion, habitabilidad, navidad, juguetes"
2702-66-LE26,16.8909,11.0996,1,"produccion, habitabilidad, navidad, juguetes"
2705-59-LE26,12.8625,7.7721,9,"insumos clinicos, upla, solicitud, clinicos"
2709-82-LE26,16.7596,11.4566,1,"produccion, habitabilidad, navidad, juguetes"
2710-88-LE26,16.0833,7.8813,0,"mejoramiento, construccion, plaza, reposicion"
2805-18-LE26,14.3789,4.3338,7,"medicamentos, medicos, farmacos, insumos medicos"
2817-58-LP26,17.1949,9.3515,0,"mejoramiento, construccion, plaza, reposicion"
2831-31-LE26,12.7294,10.8737,5,"seguridad, guardias, proteccion, proteccion personal"
2859-41-LE26,11.4058,9.0199,3,"materiales, material, materiales construccion, proyecto"
2889-5-LE26,14.0355,5.9278,8,"odontologicos, insumos odontologicos, instrumental, anatomia"
2905-49-LE26,14.266,10.7021,0,"mejoramiento, construccion, plaza, reposicion"
2950-46-LE26,16.1041,9.6215,-1,Sin tema
2981-283-LE26,15.6171,5.1981,27,"biobio, zona, carabineros, compatible"
3017-50-LE26,10.9344,7.8873,3,"materiales, material, materiales construccion, proyecto"
3217-7-LE26,14.3799,4.9299,7,"medicamentos, medicos, farmacos, insumos medicos"
3390-26-R126,13.1829,10.38,-1,Sin tema
3439-38-LE26,14.938,6.3766,-1,Sin tema
3474-63-LE26,15.2477,7.6495,0,"mejoramiento, construccion, plaza, reposicion"
3542-25-LE26,13.5956,11.9787,10,"transporte, escolar, turismo, disposicion"
3559-15-LP26,16.5793,7.1474,-1,Sin tema
3588-53-LP26,13.5394,11.9053,10,"transporte, escolar, turismo, disposicion"
3654-32-L126,15.1124,10.0085,-1,Sin tema
3676-23-B226,16.3053,8.3576,-1,Sin tema
3710-94-L126,16.7898,4.5302,6,"alimentacion, break, alojamiento, com"
3824-25-LP26,15.6622,8.2049,0,"mejoramiento, construccion, plaza, reposicion"
3838-83-LE26,14.7431,6.8106,15,"bmc, equipos, repuestos, chee"
3934-46-L126,15.8211,10.1541,0,"mejoramiento, construccion, plaza, reposicion"
3945-25-L126,16.474,9.2617,0,"mejoramiento, construccion, plaza, reposicion"
4066-18-CO26,16.5506,12.3576,1,"produccion, habitabilidad, navidad, juguetes"
4121-25-LE26,14.4139,9.1881,0,"mejoramiento, construccion, plaza, reposicion"
4127-50-LE26,14.7948,7.729,0,"mejoramiento, construccion, plaza, reposicion"
4162-27-LE26,15.9361,8.106,0,"mejoramiento, construccion, plaza, reposicion"
4180-9-LE26,14.8074,5.9616,8,"odontologicos, insumos odontologicos, instrumental, anatomia"
4284-149-L126,11.392,9.776,-1,Sin tema
4284-160-L126,11.4391,9.4147,3,"materiales, material, materiales construccion, proyecto"
4294-21-LR26,14.4593,4.3625,7,"medicamentos, medicos, farmacos, insumos medicos"
4309-242-LP26,14.314,9.0039,0,"mejoramiento, construccion, plaza, reposicion"
4343-10-LE26,16.57,4.6211,6,"alimentacion, break, alojamiento, com"
4373-6-LP26,15.0089,7.7795,0,"mejoramiento, construccion, plaza, reposicion"
4375-97-LP26,14.9236,6.0827,-1,Sin tema
4377-32-L126,15.1429,7.7326,-1,Sin tema
4389-9-LE26,16.6908,8.518,0,"mejoramiento, construccion, plaza, reposicion"
4469-199-L126,13.3395,7.2671,9,"insumos clinicos, upla, solicitud, clinicos"
4587-18-L126,13.5988,9.4111,29,"mantencion preventiva, preventiva, preventiva correctiva, correctiva"
4587-19-LE26,14.4781,9.3731,0,"mejoramiento, construccion, plaza, reposicion"
4589-16-LE26,16.6142,8.346,0,"mejoramiento, construccion, plaza, reposicion"
4590-16-LE26,12.6175,9.1401,-1,Sin tema
4592-16-LP26,11.8322,7.7204,-1,Sin tema
4732-23-LP26,12.6813,10.8253,5,"seguridad, guardias, proteccion, proteccion personal"
4829-52-LE26,16.1794,9.422,0,"mejoramiento, construccion, plaza, reposicion"
4848-8-LE25,14.9055,4.1161,-1,Sin tema
4880-39-LE26,14.7865,11.1283,18,"produccion, produccion integral, integral, produccion eventos"
5067-120-L126,12.2823,9.6166,17,"laboratorio, cen, automotriz, panel"
5067-140-L126,12.2378,7.8039,-1,Sin tema
514847-14-LE26,13.8809,12.9576,4,"cursos, educacionales, establecimientos educacionales, chinchorro"
5240-98-LR26,15.5447,8.7303,0,"mejoramiento, construccion, plaza, reposicion"
5407-62-O126,17.7574,9.0185,-1,Sin tema
547640-17-LE26,13.9587,8.4768,-1,Sin tema
5482-94-LP26,15.7961,9.4296,0,"mejoramiento, construccion, plaza, reposicion"
5482-98-LP26,15.9324,7.9408,-1,Sin tema
5574-13-LE26,12.3439,12.5834,12,"software, licencias, renovacion, renovacion licencias"
564162-130-LE26,14.3428,8.2936,-1,Sin tema
564953-62-LP26,14.7582,11.1208,18,"produccion, produccion integral, integral, produccion eventos"
5690-12-L126,13.6031,10.7258,0,"mejoramiento, construccion, plaza, reposicion"
584105-25-LE26,12.4039,9.2973,22,"aire, aire acondicionado, acondicionado, fuera"
584105-42-LE26,15.7527,8.297,0,"mejoramiento, construccion, plaza, reposicion"
584264-36-LP26,15.6232,9.3907,0,"mejoramiento, construccion, plaza, reposicion"
587-11-R126,15.1691,8.3058,0,"mejoramiento, construccion, plaza, reposicion"
591-34-LE26,12.6189,12.2841,12,"software, licencias, renovacion, renovacion licencias"
592-41-LP26,12.2516,11.7066,12,"software, licencias, renovacion, renovacion licencias"
594965-27-LE26,12.1944,11.637,12,"software, licencias, renovacion, renovacion licencias"
603663-6-LE26,15.5556,9.307,0,"mejoramiento, construccion, plaza, reposicion"
612-37-LE26,11.8936,10.681,-1,Sin tema
619133-48-LP26,16.4137,7.8222,0,"mejoramiento, construccion, plaza, reposicion"
623663-10-LE26,15.0584,12.6455,16,"social, fiscal, fiscales, sede social"
623-9-LP26,11.2906,10.4096,-1,Sin tema
636811-16-L126,14.8487,6.1468,-1,Sin tema
407-130-LP26,13.3404,9.8365,23,"sistema, tecnico, sistemas, control"
4112-24-LE26,14.3485,7.0426,15,"bmc, equipos, repuestos, chee"
4213-2-LE26,14.8983,10.5489,-1,Sin tema
4284-142-E226,16.7815,4.6432,6,"alimentacion, break, alojamiento, com"
4322-30-LE26,16.232,11.5762,1,"produccion, habitabilidad, navidad, juguetes"
439-28-LE26,14.2304,8.3321,-1,Sin tema
4463-10-LE26,14.1489,4.5132,7,"medicamentos, medicos, farmacos, insumos medicos"
4589-18-LE26,16.0512,9.9492,0,"mejoramiento, construccion, plaza, reposicion"
4589-19-LE26,15.999,9.9066,0,"mejoramiento, construccion, plaza, reposicion"
4618-3-LE26,12.8062,10.8087,5,"seguridad, guardias, proteccion, proteccion personal"
463-5-LE26,12.7004,12.1155,12,"software, licencias, renovacion, renovacion licencias"
4809-52-LE26,12.4517,9.0913,22,"aire, aire acondicionado, acondicionado, fuera"
4880-40-LE26,15.0221,10.9599,18,"produccion, produccion integral, integral, produccion eventos"
4883-18-LE26,16.4111,11.8533,1,"produccion, habitabilidad, navidad, juguetes"
4886-35-E226,14.1704,10.5272,0,"mejoramiento, construccion, plaza, reposicion"
4963-11-LP26,16.6586,8.347,0,"mejoramiento, construccion, plaza, reposicion"
4993-77-L126,14.1371,12.5011,4,"cursos, educacionales, establecimientos educacionales, chinchorro"
5056-116-LE26,16.0171,9.2613,0,"mejoramiento, construccion, plaza, reposicion"
507428-106-LR26,16.0976,8.9332,0,"mejoramiento, construccion, plaza, reposicion"
5178-18-LE26,16.7143,4.4808,6,"alimentacion, break, alojamiento, com"
5282-10-LR26,15.6709,7.0816,0,"mejoramiento, construccion, plaza, reposicion"
529318-3-LE26,15.8421,9.2783,0,"mejoramiento, construccion, plaza, reposicion"
5349-105-LP26,13.435,3.5048,2,"ninos, provincial, rio, jose"
551872-1-LE26,14.0362,10.759,0,"mejoramiento, construccion, plaza, reposicion"
564953-72-LE26,11.8238,10.5464,-1,Sin tema
565314-3-LE26,16.3093,11.3531,1,"produccion, habitabilidad, navidad, juguetes"
593951-47-LP26,14.5508,9.5134,0,"mejoramiento, construccion, plaza, reposicion"
618-17-LE26,15.6695,9.1595,0,"mejoramiento, construccion, plaza, reposicion"
621-589-LP26,11.3321,7.7517,3,"materiales, material, materiales construccion, proyecto"
621-784-LR26,12.1647,6.6935,11,"sol, solucion, solicitud, ecs"
621-828-LP26,14.6674,5.7343,8,"odontologicos, insumos odontologicos, instrumental, anatomia"
621923-5-LE26,12.7738,11.5525,12,"software, licencias, renovacion, renovacion licencias"
634-40-LP26,15.3334,8.8295,0,"mejoramiento, construccion, plaza, reposicion"
642028-10-LE26,13.8208,6.7075,15,"bmc, equipos, repuestos, chee"
680521-7-L126,15.0035,9.3493,-1,Sin tema
697-31-CO26,10.7032,9.7203,13,"electrico, electrica, electricos, sistema electrico"
705290-66-LP26,13.9696,4.3097,-1,Sin tema
707419-26-LE26,16.9328,6.8624,-1,Sin tema
707425-40-LE26,15.7808,8.9973,0,"mejoramiento, construccion, plaza, reposicion"
745712-24-LP26,12.8085,7.6711,9,"insumos clinicos, upla, solicitud, clinicos"
2308-79-LE26,13.9978,6.7061,15,"bmc, equipos, repuestos, chee"
2363-10-LE26,13.7697,10.2773,-1,Sin tema
2369-79-LP26,16.8066,4.4133,6,"alimentacion, break, alojamiento, com"
2381-72-LE26,14.4573,5.8655,8,"odontologicos, insumos odontologicos, instrumental, anatomia"
2402-85-L126,16.4022,9.5155,0,"mejoramiento, construccion, plaza, reposicion"
2403-74-LE26,13.1358,8.9256,-1,Sin tema
2409-24-LE26,13.3712,13.5886,4,"cursos, educacionales, establecimientos educacionales, chinchorro"
2416-32-LE26,16.5069,11.4981,1,"produccion, habitabilidad, navidad, juguetes"
2426-14-LP26,14.3031,9.5563,-1,Sin tema
2426-30-LP26,17.1554,8.2363,0,"mejoramiento, construccion, plaza, reposicion"
2445-125-LE26,14.7673,9.192,0,"mejoramiento, construccion, plaza, reposicion"
2562-18-LR26,10.6998,9.7367,13,"electrico, electrica, electricos, sistema electrico"
2585-145-LE26,12.8486,8.5673,31,"bombas, infusion, ventanas, combustible"
2660-77-LE26,12.4005,12.517,12,"software, licencias, renovacion, renovacion licencias"
2711-34-LE26,13.4007,13.4626,4,"cursos, educacionales, establecimientos educacionales, chinchorro"
2728-3-LE26,10.8488,8.2588,3,"materiales, material, materiales construccion, proyecto"
2757-13-LE26,13.9692,5.614,8,"odontologicos, insumos odontologicos, instrumental, anatomia"
2817-60-LP26,17.2706,8.8392,0,"mejoramiento, construccion, plaza, reposicion"
2832-32-LE26,13.4842,3.8069,-1,Sin tema
29-94-LE26,17.863,9.1107,-1,Sin tema
3047-29-LE26,14.6359,9.7207,0,"mejoramiento, construccion, plaza, reposicion"
3090-11-L126,10.6476,9.6302,13,"electrico, electrica, electricos, sistema electrico"
3090-12-LE26,14.1737,8.8224,-1,Sin tema
3232-50-LE26,12.8583,10.6595,5,"seguridad, guardias, proteccion, proteccion personal"
3249-14-L126,13.3527,8.0811,-1,Sin tema
3340-16-LE26,12.3063,8.6953,-1,Sin tema
3381-26-LE26,12.0884,8.9226,30,"agua, agua purificada, purificada, aguas"
3390-28-LE26,11.0784,8.5524,3,"materiales, material, materiales construccion, proyecto"
3474-65-LE26,15.6474,9.0862,0,"mejoramiento, construccion, plaza, reposicion"
3477-84-LE26,16.1439,10.6933,26,"municipales, salud solicitud, area salud, solicitud"
3506-92-LR26,16.3772,8.974,-1,Sin tema
3525-8-LR26,14.0054,11.8266,10,"transporte, escolar, turismo, disposicion"
3603-38-LE26,15.6922,9.0997,0,"mejoramiento, construccion, plaza, reposicion"
3624-38-L126,16.2775,8.146,-1,Sin tema
3666-12-LE26,16.0394,10.8771,26,"municipales, salud solicitud, area salud, solicitud"
3755-5-LP26,13.7757,10.7554,0,"mejoramiento, construccion, plaza, reposicion"
3934-50-L126,16.8555,11.7077,1,"produccion, habitabilidad, navidad, juguetes"
3997-59-B226,16.0358,10.2705,0,"mejoramiento, construccion, plaza, reposicion"
4032-18-LR26,13.7793,11.9203,10,"transporte, escolar, turismo, disposicion"
4032-23-LE26,16.1603,9.0355,0,"mejoramiento, construccion, plaza, reposicion"
4127-2-LR26,15.5968,9.2284,-1,Sin tema
4190-25-LE26,12.7868,10.8219,5,"seguridad, guardias, proteccion, proteccion personal"
4190-31-L126,11.4871,11.9599,14,"internet, fija, movil, satelital"
660-13-LE26,16.686,9.4469,-1,Sin tema
678-7-LE26,15.0604,12.6078,16,"social, fiscal, fiscales, sede social"
680529-2-L126,15.197,9.3876,-1,Sin tema
691232-7-LE26,14.2207,10.4748,0,"mejoramiento, construccion, plaza, reposicion"
707429-28-LE26,15.6735,9.1368,0,"mejoramiento, construccion, plaza, reposicion"
757-86-LE26,10.724,8.4975,17,"laboratorio, cen, automotriz, panel"
761-22-LE26,13.2909,7.5152,9,"insumos clinicos, upla, solicitud, clinicos"
808-4-LE26,17.3215,9.7575,0,"mejoramiento, construccion, plaza, reposicion"
809-61-LE26,16.7065,4.6014,6,"alimentacion, break, alojamiento, com"
821-16-O126,17.5601,8.4423,0,"mejoramiento, construccion, plaza, reposicion"
838102-3-LP26,13.1788,4.1962,-1,Sin tema
854-29-LE26,10.7227,10.914,-1,Sin tema
867990-98-L126,12.2935,9.4738,17,"laboratorio, cen, automotriz, panel"
875646-69-LP26,12.7735,11.3922,-1,Sin tema
889473-55-LE26,12.0567,9.6749,30,"agua, agua purificada, purificada, aguas"
889473-60-LP26,12.9779,7.8516,-1,Sin tema
900-62-L126,11.1006,8.867,3,"materiales, material, materiales construccion, proyecto"
930-23-LE26,14.9036,10.1559,-1,Sin tema
948354-150-LP26,13.5964,3.3582,2,"ninos, provincial, rio, jose"
949-11-LE26,13.7017,10.7797,0,"mejoramiento, construccion, plaza, reposicion"
754-17-LP26,15.0092,9.4497,0,"mejoramiento, construccion, plaza, reposicion"
777304-67-LR26,14.2575,5.444,8,"odontologicos, insumos odontologicos, instrumental, anatomia"
799512-50-LE26,11.5453,11.1058,-1,Sin tema
812261-74-LE26,15.0292,6.8336,-1,Sin tema
813685-14-LE26,11.1598,8.5403,3,"materiales, material, materiales construccion, proyecto"
817-44-O126,17.7724,8.1212,0,"mejoramiento, construccion, plaza, reposicion"
838104-17-LE26,14.6211,9.6217,0,"mejoramiento, construccion, plaza, reposicion"
872-41-LE26,12.2634,8.8406,17,"laboratorio, cen, automotriz, panel"
885-85-LE26,12.3807,12.5944,12,"software, licencias, renovacion, renovacion licencias"
886954-315-LP26,14.3464,5.9588,8,"odontologicos, insumos odontologicos, instrumental, anatomia"
898-194-LE26,13.5459,5.8472,-1,Sin tema
900-38-L126,11.6331,10.1931,-1,Sin tema
900-61-L126,11.5958,10.1568,-1,Sin tema
933-22-L126,14.7272,11.1832,18,"produccion, produccion integral, integral, produccion eventos"
948354-137-LP26,13.7413,3.2044,2,"ninos, provincial, rio, jose"
948355-76-LE26,14.6879,9.7126,0,"mejoramiento, construccion, plaza, reposicion"
948806-126-LE26,13.664,3.5416,2,"ninos, provincial, rio, jose"
953-21-LP26,10.7017,9.6008,13,"electrico, electrica, electricos, sistema electrico"
956-12-LR26,13.763,4.3906,7,"medicamentos, medicos, farmacos, insumos medicos"
969221-2-L126,15.7981,8.5802,0,"mejoramiento, construccion, plaza, reposicion"
978-7-O126,16.1427,9.5431,-1,Sin tema
1002584-10-LE26,15.1523,12.1897,-1,Sin tema
1013353-38-LE26,11.5225,11.2365,-1,Sin tema
1019-108-LE26,17.8634,9.0784,-1,Sin tema
1019-116-LE26,15.1328,10.9211,18,"produccion, produccion integral, integral, produccion eventos"
1029940-16-LP26,12.6966,10.8444,5,"seguridad, guardias, proteccion, proteccion personal"
1057049-274-LP26,13.6292,3.097,2,"ninos, provincial, rio, jose"
1057049-276-LP26,15.5272,6.8711,0,"mejoramiento, construccion, plaza, reposicion"
1057049-348-LE26,13.8123,6.6946,15,"bmc, equipos, repuestos, chee"
1057062-4-LP26,17.8693,8.5842,0,"mejoramiento, construccion, plaza, reposicion"
1057384-148-L126,12.7475,7.5198,9,"insumos clinicos, upla, solicitud, clinicos"
1057404-92-LE26,13.3476,3.116,2,"ninos, provincial, rio, jose"
1057480-62-LP26,13.7746,5.5472,8,"odontologicos, insumos odontologicos, instrumental, anatomia"
1057490-49-LP26,14.2097,5.8202,8,"odontologicos, insumos odontologicos, instrumental, anatomia"
1057490-76-LP26,13.2961,9.3111,-1,Sin tema
1057491-177-LP26,15.302,7.5634,0,"mejoramiento, construccion, plaza, reposicion"
1057491-178-LP26,16.0117,7.7698,0,"mejoramiento, construccion, plaza, reposicion"
1057539-98-LP26,13.8632,3.5085,2,"ninos, provincial, rio, jose"
1057544-323-LP26,13.6787,3.617,-1,Sin tema
1057544-324-LE26,13.731,4.4807,-1,Sin tema
1057547-424-LP26,15.0802,8.4055,0,"mejoramiento, construccion, plaza, reposicion"
1057678-3-LE26,14.9674,10.2453,0,"mejoramiento, construccion, plaza, reposicion"
1057727-12-L126,13.335,2.9392,2,"ninos, provincial, rio, jose"
1057937-17-LE26,14.6842,5.8202,8,"odontologicos, insumos odontologicos, instrumental, anatomia"
1058085-121-LP26,13.4259,2.8849,2,"ninos, provincial, rio, jose"
1063538-221-LE26,13.7891,8.9386,-1,Sin tema
1079576-49-LE26,15.3456,5.1668,27,"biobio, zona, carabineros, compatible"
1079967-27-LE26,16.6392,4.5674,6,"alimentacion, break, alojamiento, com"
1080094-17-L126,10.7403,11.0712,-1,Sin tema
1108338-48-L126,14.7486,8.2229,-1,Sin tema
1110404-199-L126,17.6469,10.1799,21,"cultural, produccion, artes, culturales"
1110404-216-L126,13.2367,13.7163,4,"cursos, educacionales, establecimientos educacionales, chinchorro"
1110404-217-L126,16.8357,11.2849,1,"produccion, habitabilidad, navidad, juguetes"
1126922-41-LE26,16.9077,11.5982,1,"produccion, habitabilidad, navidad, juguetes"
1147293-24-LE26,14.2657,5.936,8,"odontologicos, insumos odontologicos, instrumental, anatomia"
1177296-22-LE26,14.7801,11.1336,18,"produccion, produccion integral, integral, produccion eventos"
1180703-29-LP26,5.92,2.9519,20,"protesis, removibles, instrumental, destinado"
1191688-68-LR26,11.2227,7.1484,19,"led, laser, pantalla, arriendo"
1208983-15-LE26,12.8406,4.4999,-1,Sin tema
1216085-50-LP26,13.8761,9.4911,-1,Sin tema
4284-148-E226,11.5298,8.6072,3,"materiales, material, materiales construccion, proyecto"
4284-150-L126,12.7099,11.9037,-1,Sin tema
4316-3-LE26,16.7468,12.1399,1,"produccion, habitabilidad, navidad, juguetes"
434-107-LE26,17.9277,10.4537,21,"cultural, produccion, artes, culturales"
4366-25-LP26,17.8492,8.6179,0,"mejoramiento, construccion, plaza, reposicion"
4404-50-LE26,13.3209,13.569,4,"cursos, educacionales, establecimientos educacionales, chinchorro"
4447-18-LE26,11.3006,10.3098,-1,Sin tema
4455-54-LE26,15.7249,11.2539,-1,Sin tema
4511-58-LE26,12.625,12.488,12,"software, licencias, renovacion, renovacion licencias"
4562-24-LE26,16.7651,11.3178,1,"produccion, habitabilidad, navidad, juguetes"
4594-30-LE26,5.9486,2.9157,20,"protesis, removibles, instrumental, destinado"
4689-21-LE26,16.9603,8.1721,-1,Sin tema
4776-51-LE26,12.6766,3.4481,-1,Sin tema
4858-61-LE26,16.2804,8.036,0,"mejoramiento, construccion, plaza, reposicion"
4861-4-LE26,14.8811,9.952,0,"mejoramiento, construccion, plaza, reposicion"
4881-42-L126,17.9342,10.4541,21,"cultural, produccion, artes, culturales"
4882-32-LE26,14.8059,11.1292,18,"produccion, produccion integral, integral, produccion eventos"
4906-40-L126,13.5678,4.6275,-1,Sin tema
5048-65-O126,16.0164,8.7835,-1,Sin tema
5055-37-LP26,13.619,9.0425,23,"sistema, tecnico, sistemas, control"
5056-93-LP26,16.5334,4.7168,6,"alimentacion, break, alojamiento, com"
5067-126-LE26,12.8064,7.1854,-1,Sin tema
5067-129-L126,12.2104,7.1788,11,"sol, solucion, solicitud, ecs"
525800-5-LE26,13.1906,8.0011,-1,Sin tema
5394-27-LE26,13.7147,7.769,-1,Sin tema
5413-70-LE26,15.6976,10.0985,-1,Sin tema
552578-51-L126,16.8203,9.0506,0,"mejoramiento, construccion, plaza, reposicion"
556372-1-LP26,15.8202,12.3975,-1,Sin tema
557639-88-LP26,13.5337,9.3899,-1,Sin tema
564162-107-LP26,12.403,12.4987,12,"software, licencias, renovacion, renovacion licencias"
575924-14-E226,16.8943,5.2365,6,"alimentacion, break, alojamiento, com"
5783-25-LR26,13.7957,11.9053,10,"transporte, escolar, turismo, disposicion"
584105-40-LE26,16.1773,7.5916,-1,Sin tema
5858-4-LE26,12.0154,9.5828,30,"agua, agua purificada, purificada, aguas"
586-56-LE26,12.1939,9.7125,17,"laboratorio, cen, automotriz, panel"
618923-18-LE26,13.5262,4.7395,-1,Sin tema
619133-110-LP26,13.6764,3.3633,2,"ninos, provincial, rio, jose"
621-840-LP26,11.3356,7.8079,3,"materiales, material, materiales construccion, proyecto"
622-60-LE26,13.2087,8.1253,-1,Sin tema
633-41-L126,12.8088,12.278,12,"software, licencias, renovacion, renovacion licencias"
635-153-LE26,14.5003,4.4958,7,"medicamentos, medicos, farmacos, insumos medicos"
660-5-LE26,14.7194,7.4182,0,"mejoramiento, construccion, plaza, reposicion"
702988-33-LE26,16.1645,7.6088,0,"mejoramiento, construccion, plaza, reposicion"
721-29-LP26,11.9375,11.5851,-1,Sin tema
731159-1-L126,12.0449,9.6101,30,"agua, agua purificada, purificada, aguas"
744-4-L126,12.2034,10.7266,5,"seguridad, guardias, proteccion, proteccion personal"
812030-16-LE26,15.1458,8.5736,-1,Sin tema
818-11-O126,17.0266,9.3085,0,"mejoramiento, construccion, plaza, reposicion"
838108-14-LE26,15.3902,6.9467,-1,Sin tema
859378-10-LE26,11.4407,7.127,19,"led, laser, pantalla, arriendo"
870-14-LE26,13.0803,8.0127,-1,Sin tema
886954-313-LP26,14.8682,6.0213,-1,Sin tema
963423-10-LE26,12.8152,9.8122,-1,Sin tema
983344-12-LE26,15.4977,9.7301,0,"mejoramiento, construccion, plaza, reposicion"
1224957-61-LE26,14.6568,8.7681,-1,Sin tema
1271178-43-LP26,13.1818,5.4925,-1,Sin tema
1288-35-LP26,14.2108,4.5421,7,"medicamentos, medicos, farmacos, insumos medicos"
1328835-1-LE26,13.9513,4.8119,-1,Sin tema
1375158-7-LP26,16.9824,9.5628,0,"mejoramiento, construccion, plaza, reposicion"
1375753-35-LE26,13.6269,11.9771,10,"transporte, escolar, turismo, disposicion"
1375761-44-LP26,12.5581,8.77,-1,Sin tema
1389183-71-LE26,12.3439,11.7025,12,"software, licencias, renovacion, renovacion licencias"
1393093-114-CO26,13.3154,13.6118,4,"cursos, educacionales, establecimientos educacionales, chinchorro"
1415861-12-L126,15.3481,9.3036,0,"mejoramiento, construccion, plaza, reposicion"
1469-218-L126,15.5013,10.0591,-1,Sin tema
1469-254-L126,16.4426,7.6926,-1,Sin tema
1485217-18-LP26,13.3665,13.6856,4,"cursos, educacionales, establecimientos educacionales, chinchorro"
1530393-29-LP26,15.4034,7.3229,0,"mejoramiento, construccion, plaza, reposicion"
1536-6-LE26,15.9821,7.1983,0,"mejoramiento, construccion, plaza, reposicion"
1558-17-LE26,13.3169,3.1769,2,"ninos, provincial, rio, jose"
1575-16-LE26,15.5084,8.2124,0,"mejoramiento, construccion, plaza, reposicion"
1591-13-LR26,14.7684,9.3665,0,"mejoramiento, construccion, plaza, reposicion"
1596-50-LP26,11.2672,7.169,19,"led, laser, pantalla, arriendo"
1655-36-LE26,14.4578,9.1159,-1,Sin tema
1663-137-LE26,13.7681,9.6136,23,"sistema, tecnico, sistemas, control"
1681-3-LE26,16.6235,4.6871,6,"alimentacion, break, alojamiento, com"
1747-56-L126,13.7118,3.8045,2,"ninos, provincial, rio, jose"
1947-163-LE26,13.8934,3.3538,2,"ninos, provincial, rio, jose"
2018-28-LE26,14.4889,9.5259,0,"mejoramiento, construccion, plaza, reposicion"
2069-135-LE26,13.3412,6.6597,-1,Sin tema
2069-176-LP26,17.7607,8.2508,0,"mejoramiento, construccion, plaza, reposicion"
2069-179-LP26,11.2933,5.127,-1,Sin tema
2102-24-LP26,14.2221,6.7792,-1,Sin tema
2111-284-LE26,15.6257,8.2444,0,"mejoramiento, construccion, plaza, reposicion"
2199-17-LP26,15.3951,8.3641,0,"mejoramiento, construccion, plaza, reposicion"
2274-51-L126,16.6399,8.6024,0,"mejoramiento, construccion, plaza, reposicion"
2295-95-LP26,13.9763,9.5027,-1,Sin tema
2322-85-L126,12.7824,8.798,31,"bombas, infusion, ventanas, combustible"
2332-108-LE26,13.4933,5.9603,-1,Sin tema
2333-53-LE26,14.643,7.7579,0,"mejoramiento, construccion, plaza, reposicion"
2335-61-LE26,14.4769,4.4971,7,"medicamentos, medicos, farmacos, insumos medicos"
2345-117-LP26,16.1172,10.0141,0,"mejoramiento, construccion, plaza, reposicion"
2345-141-LE26,11.3737,11.7425,14,"internet, fija, movil, satelital"
2345-143-LP26,11.1961,11.8973,14,"internet, fija, movil, satelital"
2402-93-LE26,14.3353,6.9877,15,"bmc, equipos, repuestos, chee"
2410-28-LE26,13.0715,9.0566,22,"aire, aire acondicionado, acondicionado, fuera"
2432-28-LE26,16.5579,10.0484,-1,Sin tema
2446-277-LE26,10.7365,11.7265,28,"televigilancia, sistema, instalacion sistema, instalacion"
2466-2-L126,16.2274,11.2265,1,"produccion, habitabilidad, navidad, juguetes"
2546-58-LE26,10.6418,9.6294,13,"electrico, electrica, electricos, sistema electrico"
2546-59-LE26,15.3736,7.3671,0,"mejoramiento, construccion, plaza, reposicion"
2562-16-LR26,14.2665,7.1832,-1,Sin tema
2582-60-LR26,13.5535,11.9587,10,"transporte, escolar, turismo, disposicion"
2658-326-L126,15.1531,12.1662,-1,Sin tema
2675-85-LE26,16.273,9.2022,-1,Sin tema
2680-27-LE26,13.6378,8.6188,-1,Sin tema
2686-131-LE26,16.3556,8.8853,0,"mejoramiento, construccion, plaza, reposicion"
2697-51-LE26,13.8526,6.5529,15,"bmc, equipos, repuestos, chee"
2765-55-LE26,16.145,10.7689,26,"municipales, salud solicitud, area salud, solicitud"
2770-109-LR26,16.1341,10.6323,26,"municipales, salud solicitud, area salud, solicitud"
2770-149-LP26,16.6814,9.7543,-1,Sin tema
2770-67-LE26,13.3831,10.1012,29,"mantencion preventiva, preventiva, preventiva correctiva, correctiva"
2790-57-L126,13.6677,13.233,4,"cursos, educacionales, establecimientos educacionales, chinchorro"
2831-40-LE26,10.7702,9.6237,13,"electrico, electrica, electricos, sistema electrico"
2920-40-B226,17.8143,8.65,0,"mejoramiento, construccion, plaza, reposicion"
2950-48-LE26,16.8824,11.3898,1,"produccion, habitabilidad, navidad, juguetes"
2952-19-LE26,15.7842,8.6645,0,"mejoramiento, construccion, plaza, reposicion"
2974-78-LE26,14.8611,11.6497,16,"social, fiscal, fiscales, sede social"
299-24-LE26,9.9746,11.7114,25,"audiovisual, instrumentos, musica, audiovisuales"
3017-47-LE26,10.9585,7.8743,3,"materiales, material, materiales construccion, proyecto"
3017-48-LE26,10.9803,7.8852,3,"materiales, material, materiales construccion, proyecto"
3117-82-LR26,17.6834,10.186,21,"cultural, produccion, artes, culturales"
3138-19-LE26,14.861,7.9687,0,"mejoramiento, construccion, plaza, reposicion"
3160-4-LE26,13.9457,9.3176,23,"sistema, tecnico, sistemas, control"
3197-4-LE26,12.2145,6.968,11,"sol, solucion, solicitud, ecs"
3251-32-LE26,14.0082,5.6531,8,"odontologicos, insumos odontologicos, instrumental, anatomia"
3253-90-LE26,11.3381,8.6509,3,"materiales, material, materiales construccion, proyecto"
3325-9-L126,16.0603,9.764,0,"mejoramiento, construccion, plaza, reposicion"
3412-9-LE26,15.6306,8.3225,0,"mejoramiento, construccion, plaza, reposicion"
3416-72-LE26,14.009,8.6565,-1,Sin tema
3444-12-LE26,14.6964,7.9933,0,"mejoramiento, construccion, plaza, reposicion"
3477-79-LE26,16.3208,8.6098,-1,Sin tema
3545-31-L126,5.921,2.9523,20,"protesis, removibles, instrumental, destinado"
3588-52-LE26,13.5937,12.0495,10,"transporte, escolar, turismo, disposicion"
359-108-LE26,15.0746,9.3896,0,"mejoramiento, construccion, plaza, reposicion"
3606-19-LE26,14.8675,4.0981,-1,Sin tema
3671-70-LE26,12.4117,12.4878,12,"software, licencias, renovacion, renovacion licencias"
3693-163-LE26,14.5338,10.0246,0,"mejoramiento, construccion, plaza, reposicion"
3695-31-LE26,16.7322,8.3432,0,"mejoramiento, construccion, plaza, reposicion"
3695-33-LE26,11.2336,8.4873,3,"materiales, material, materiales construccion, proyecto"
3764-50-LE26,16.4336,12.3058,1,"produccion, habitabilidad, navidad, juguetes"
3791-60-LR26,16.9228,8.7015,0,"mejoramiento, construccion, plaza, reposicion"
3838-88-LP26,17.3637,8.5571,0,"mejoramiento, construccion, plaza, reposicion"
3880-73-LE26,16.9073,10.9231,1,"produccion, habitabilidad, navidad, juguetes"
3934-32-L126,14.3436,9.1269,23,"sistema, tecnico, sistemas, control"
3934-45-L126,14.2708,8.6389,0,"mejoramiento, construccion, plaza, reposicion"
3958-55-L126,11.1143,8.5918,3,"materiales, material, materiales construccion, proyecto"
4006-27-LP26,16.5918,7.3757,-1,Sin tema
4025-22-LE26,14.7314,9.6207,0,"mejoramiento, construccion, plaza, reposicion"
4044-53-LE26,14.2519,4.686,7,"medicamentos, medicos, farmacos, insumos medicos"
4055-78-LE26,13.7396,13.0736,4,"cursos, educacionales, establecimientos educacionales, chinchorro"
4055-86-LE26,16.4341,9.162,-1,Sin tema
407-154-LP26,13.0477,7.256,9,"insumos clinicos, upla, solicitud, clinicos"
4075-28-L126,14.9753,8.7212,0,"mejoramiento, construccion, plaza, reposicion"
4190-29-LE26,15.588,11.3322,1,"produccion, habitabilidad, navidad, juguetes"
4290-63-LE26,11.3159,8.9027,3,"materiales, material, materiales construccion, proyecto"
4377-53-LE26,16.5576,12.3291,1,"produccion, habitabilidad, navidad, juguetes"
4776-54-LE26,15.3621,10.627,0,"mejoramiento, construccion, plaza, reposicion"
4906-38-LE26,12.0174,9.6097,30,"agua, agua purificada, purificada, aguas"
5054-26-LE26,13.8345,5.4145,-1,Sin tema
5056-112-LP26,13.5859,3.434,2,"ninos, provincial, rio, jose"
514862-126-LE26,16.8253,8.9097,-1,Sin tema
5215-33-LE26,10.6042,8.4388,3,"materiales, material, materiales construccion, proyecto"
5268-41-O126,13.0827,7.3886,9,"insumos clinicos, upla, solicitud, clinicos"
557639-79-LE26,11.0346,8.1813,3,"materiales, material, materiales construccion, proyecto"
5586-156-LE26,13.6098,7.327,9,"insumos clinicos, upla, solicitud, clinicos"
5617-6-LE26,13.2891,8.8723,-1,Sin tema
564162-111-LE26,10.0501,11.6622,25,"audiovisual, instrumentos, musica, audiovisuales"
5690-14-L126,12.1099,8.0012,-1,Sin tema
585-8-LE26,12.353,12.5745,12,"software, licencias, renovacion, renovacion licencias"
5908-33-LR26,14.8476,11.6106,16,"social, fiscal, fiscales, sede social"
612-22-LE26,13.7199,13.0958,4,"cursos, educacionales, establecimientos educacionales, chinchorro"
617807-78-CO26,13.8225,3.1565,2,"ninos, provincial, rio, jose"
621-783-LR26,12.08,6.6101,11,"sol, solucion, solicitud, ecs"
633-60-L126,10.9197,8.248,3,"materiales, material, materiales construccion, proyecto"
673663-30-LE26,15.6388,7.1224,0,"mejoramiento, construccion, plaza, reposicion"
673663-40-LP26,13.3878,7.9171,-1,Sin tema
680474-2-LE26,13.5211,11.8299,10,"transporte, escolar, turismo, disposicion"
680504-2-L126,15.7362,10.6962,-1,Sin tema
697-32-LE26,12.4042,8.9352,-1,Sin tema
699866-105-LP26,14.7804,9.5639,0,"mejoramiento, construccion, plaza, reposicion"
699866-135-LP26,14.8229,9.3001,0,"mejoramiento, construccion, plaza, reposicion"
699866-98-LE26,10.7917,10.9355,-1,Sin tema
702988-31-LE26,10.9013,9.4064,13,"electrico, electrica, electricos, sistema electrico"
704093-111-CO26,9.9994,6.9239,-1,Sin tema
707420-28-LE26,10.9999,9.8266,13,"electrico, electrica, electricos, sistema electrico"
707423-66-LP26,15.5325,8.4786,0,"mejoramiento, construccion, plaza, reposicion"
727202-81-LE26,14.3496,7.7912,-1,Sin tema
734-56-LE26,13.4905,11.8249,10,"transporte, escolar, turismo, disposicion"
808-5-LE26,17.9034,10.4361,21,"cultural, produccion, artes, culturales"
872-38-LE26,13.1614,6.2036,-1,Sin tema
948354-104-LP26,14.5305,9.5119,0,"mejoramiento, construccion, plaza, reposicion"
956-65-LE26,13.5814,4.265,-1,Sin tema
985737-16-LE26,15.6741,4.6337,-1,Sin tema
1029-16-LP26,11.1733,7.9975,3,"materiales, material, materiales construccion, proyecto"
1037-11-LR26,15.5869,7.9708,-1,Sin tema
1053139-6-LE26,12.4214,8.6132,-1,Sin tema
1057049-328-LR26,14.2432,9.0914,23,"sistema, tecnico, sistemas, control"
1057049-332-LR26,13.5071,3.1968,2,"ninos, provincial, rio, jose"
1057049-346-LE26,14.0476,5.5934,8,"odontologicos, insumos odontologicos, instrumental, anatomia"
1057049-366-LP26,15.0524,6.3564,-1,Sin tema
1057429-92-LE26,15.5563,8.7041,0,"mejoramiento, construccion, plaza, reposicion"
1057429-93-LE26,15.0829,7.3504,0,"mejoramiento, construccion, plaza, reposicion"
1057429-99-LE26,13.5333,9.5067,23,"sistema, tecnico, sistemas, control"
1057491-184-LE26,15.8217,9.106,0,"mejoramiento, construccion, plaza, reposicion"
1057500-76-L126,12.3532,12.5798,12,"software, licencias, renovacion, renovacion licencias"
1057509-259-LP26,15.4952,7.7742,-1,Sin tema
1057509-302-LE26,10.7549,11.618,28,"televigilancia, sistema, instalacion sistema, instalacion"
1057509-333-LE26,12.9161,10.8685,5,"seguridad, guardias, proteccion, proteccion personal"
1057539-156-LE26,13.38,3.1249,2,"ninos, provincial, rio, jose"
1057540-77-LE26,17.0929,9.9099,-1,Sin tema
1057541-43-L126,13.3333,10.1361,29,"mantencion preventiva, preventiva, preventiva correctiva, correctiva"
1057544-253-R126,13.2653,4.1036,-1,Sin tema
1057544-313-LP26,12.0692,9.464,30,"agua, agua purificada, purificada, aguas"
1057937-18-LP26,10.6563,11.6084,28,"televigilancia, sistema, instalacion sistema, instalacion"
1058085-130-LE26,13.4677,2.812,2,"ninos, provincial, rio, jose"
1058085-96-LR26,15.5567,8.5819,0,"mejoramiento, construccion, plaza, reposicion"
1058086-23-R126,14.5164,7.9166,0,"mejoramiento, construccion, plaza, reposicion"
1070620-112-LE26,15.6849,9.1061,0,"mejoramiento, construccion, plaza, reposicion"
1075963-397-LE26,11.1062,8.7274,3,"materiales, material, materiales construccion, proyecto"
1079454-16-LE26,16.2521,8.0413,-1,Sin tema
1079563-32-LE26,13.9342,6.7003,15,"bmc, equipos, repuestos, chee"
1106-26-LE26,12.8926,9.0801,22,"aire, aire acondicionado, acondicionado, fuera"
1108338-49-L126,15.9978,8.0127,-1,Sin tema
1110404-215-L126,13.0903,13.4213,4,"cursos, educacionales, establecimientos educacionales, chinchorro"
1113403-33-LP26,17.0354,9.0159,0,"mejoramiento, construccion, plaza, reposicion"
1129-11-L126,13.1067,10.1215,-1,Sin tema
1153624-23-LP26,11.2519,11.9683,14,"internet, fija, movil, satelital"
1195104-20-LE26,15.5912,10.0538,-1,Sin tema
1218393-45-LE26,13.7228,5.3147,-1,Sin tema
1261592-49-LE26,14.0937,5.6659,8,"odontologicos, insumos odontologicos, instrumental, anatomia"
1271178-44-LE26,13.7356,5.5471,-1,Sin tema
1271359-131-LE26,15.485,9.4265,0,"mejoramiento, construccion, plaza, reposicion"
1292-36-LE26,13.5427,11.9387,10,"transporte, escolar, turismo, disposicion"
1375761-54-LE26,16.8675,11.7996,1,"produccion, habitabilidad, navidad, juguetes"
1380-120-LP26,13.4291,7.2498,9,"insumos clinicos, upla, solicitud, clinicos"
1415863-3-LE26,12.8465,10.8135,5,"seguridad, guardias, proteccion, proteccion personal"
1417913-126-LE26,11.3074,11.9708,14,"internet, fija, movil, satelital"
1417913-130-LE26,16.5244,7.8958,-1,Sin tema
1421-10-LP26,12.5693,9.3818,22,"aire, aire acondicionado, acondicionado, fuera"
1483330-1-LP26,14.0596,10.3948,0,"mejoramiento, construccion, plaza, reposicion"
1514-116-LP26,14.7635,7.4971,-1,Sin tema
1515304-208-LE26,13.5356,6.837,15,"bmc, equipos, repuestos, chee"
1536771-6-LE26,13.9473,7.7121,-1,Sin tema
1550-4-LE26,13.0917,8.302,-1,Sin tema
1572-21-LP26,15.8497,8.2852,0,"mejoramiento, construccion, plaza, reposicion"
1596-51-LE26,16.153,9.367,0,"mejoramiento, construccion, plaza, reposicion"
1605-48-LP26,10.0375,6.9902,-1,Sin tema
1641-363-LP26,16.4334,12.4575,1,"produccion, habitabilidad, navidad, juguetes"
1655-24-LE26,14.9767,8.947,-1,Sin tema
1658-124-LE26,16.4361,8.3079,0,"mejoramiento, construccion, plaza, reposicion"
1658-243-LE26,16.6286,11.9559,1,"produccion, habitabilidad, navidad, juguetes"
1660-150-L126,5.9016,2.9947,20,"protesis, removibles, instrumental, destinado"
1743-71-LP26,14.3024,10.3208,0,"mejoramiento, construccion, plaza, reposicion"
1754-52-L126,11.0138,8.6079,3,"materiales, material, materiales construccion, proyecto"
1976-20-CO26,12.8093,9.6192,-1,Sin tema
2019-13-L126,12.2513,8.2587,-1,Sin tema
2069-180-LP26,11.2894,5.1252,-1,Sin tema
2069-184-LP26,15.3336,7.9825,0,"mejoramiento, construccion, plaza, reposicion"
2080-290-LE26,10.715,10.8907,-1,Sin tema
2099-49-LE26,14.6282,6.3618,-1,Sin tema
2126-73-LR26,14.4893,4.5306,7,"medicamentos, medicos, farmacos, insumos medicos"
2145-68-LE26,13.357,3.1916,2,"ninos, provincial, rio, jose"
2145-69-LE26,13.9912,4.3833,7,"medicamentos, medicos, farmacos, insumos medicos"
2271-76-LE26,11.9931,9.6271,30,"agua, agua purificada, purificada, aguas"
2277-37-LP26,16.7251,12.0787,1,"produccion, habitabilidad, navidad, juguetes"
2277-73-LR26,12.6521,10.8119,5,"seguridad, guardias, proteccion, proteccion personal"
2281-9-L126,10.7192,10.9715,-1,Sin tema
2295-96-LP26,10.6777,9.7162,13,"electrico, electrica, electricos, sistema electrico"
2305-11-LE26,12.3573,12.5912,12,"software, licencias, renovacion, renovacion licencias"
2306-32-LE26,16.6517,8.285,0,"mejoramiento, construccion, plaza, reposicion"
2308-88-LE26,15.9093,8.4011,0,"mejoramiento, construccion, plaza, reposicion"
2310-20-LE26,13.6331,12.0185,10,"transporte, escolar, turismo, disposicion"
2322-77-LE26,14.5066,9.5581,0,"mejoramiento, construccion, plaza, reposicion"
2348-33-LE26,12.8894,10.7813,5,"seguridad, guardias, proteccion, proteccion personal"
2385-56-LE26,12.8179,12.3026,12,"software, licencias, renovacion, renovacion licencias"
2408-218-L126,15.3098,5.0408,27,"biobio, zona, carabineros, compatible"
2422-157-L126,13.2945,7.3422,-1,Sin tema
2422-159-L126,16.177,10.8066,26,"municipales, salud solicitud, area salud, solicitud"
2422-161-L126,13.4438,7.2432,-1,Sin tema
2423-60-LP26,17.2621,8.9101,0,"mejoramiento, construccion, plaza, reposicion"
2423-66-LE26,17.7738,9.0289,-1,Sin tema
2424-87-LE26,14.4424,4.6203,7,"medicamentos, medicos, farmacos, insumos medicos"
2427-71-LE26,16.1991,10.9857,0,"mejoramiento, construccion, plaza, reposicion"
2445-123-LE26,10.8039,11.7364,28,"televigilancia, sistema, instalacion sistema, instalacion"
2462-38-LE26,14.0764,11.8486,10,"transporte, escolar, turismo, disposicion"
2467-44-L126,14.5661,8.0444,0,"mejoramiento, construccion, plaza, reposicion"
2483-96-LP26,16.9616,7.5588,-1,Sin tema
2585-155-LE26,13.573,7.0112,-1,Sin tema
2597-23-LP26,17.8292,8.6523,0,"mejoramiento, construccion, plaza, reposicion"
2658-340-L126,11.4522,12.0541,14,"internet, fija, movil, satelital"
2684-50-LR26,17.3526,8.1982,0,"mejoramiento, construccion, plaza, reposicion"
2710-84-LR26,14.9438,8.5041,0,"mejoramiento, construccion, plaza, reposicion"
2713-173-LP26,15.7466,7.5946,-1,Sin tema
2734-20-LE26,15.8366,4.9184,-1,Sin tema
2735-116-LE26,15.2713,8.1527,0,"mejoramiento, construccion, plaza, reposicion"
2771-43-LP26,11.1698,11.8015,14,"internet, fija, movil, satelital"
2775-116-LP26,16.2023,9.8646,0,"mejoramiento, construccion, plaza, reposicion"
2974-77-LE26,15.4401,9.5927,-1,Sin tema
2997-58-LE26,17.3313,8.7916,-1,Sin tema
3076-9-LE26,14.7571,7.8024,0,"mejoramiento, construccion, plaza, reposicion"
3085-74-L126,15.0332,12.6164,16,"social, fiscal, fiscales, sede social"
3132-36-LE26,13.8361,6.7179,15,"bmc, equipos, repuestos, chee"
3175-5-LE26,16.1339,9.2238,0,"mejoramiento, construccion, plaza, reposicion"
3191-100-LE26,16.5835,6.6611,24,"farmacia, planta, farmacos, plantas"
3191-91-LE26,14.0632,6.7974,-1,Sin tema
3436-102-LE26,12.2185,7.261,11,"sol, solucion, solicitud, ecs"
3453-89-LE26,15.234,8.12,-1,Sin tema
3459-29-LE26,15.7155,9.0206,-1,Sin tema
3486-24-LE26,14.0562,4.419,7,"medicamentos, medicos, farmacos, insumos medicos"
3537-61-L126,15.5809,10.6215,-1,Sin tema
355-27-LP26,14.1537,5.5967,8,"odontologicos, insumos odontologicos, instrumental, anatomia"
3562-37-LE26,15.0799,7.1232,-1,Sin tema
3623-35-LE26,14.317,9.0642,0,"mejoramiento, construccion, plaza, reposicion"
3634-25-LP26,17.5873,8.4299,0,"mejoramiento, construccion, plaza, reposicion"
3654-30-LP26,11.2287,11.8434,14,"internet, fija, movil, satelital"
3676-25-B226,17.1169,8.8099,0,"mejoramiento, construccion, plaza, reposicion"
3711-20-LP26,10.5448,6.3285,19,"led, laser, pantalla, arriendo"
3730-93-L126,15.6469,7.1486,0,"mejoramiento, construccion, plaza, reposicion"
3737-11-LE26,5.9613,2.9039,20,"protesis, removibles, instrumental, destinado"
3794-76-LE26,15.5465,9.7606,0,"mejoramiento, construccion, plaza, reposicion"
3833-55-LR26,16.9006,8.9101,0,"mejoramiento, construccion, plaza, reposicion"
3858-35-LE26,13.149,10.1721,-1,Sin tema
3866-11-LE26,15.1931,11.3624,-1,Sin tema
3866-8-LE26,16.7266,9.815,-1,Sin tema
3885-60-LE26,16.4935,12.0205,1,"produccion, habitabilidad, navidad, juguetes"
3885-62-L126,15.1428,8.2563,-1,Sin tema
3890-181-L126,16.5591,8.4474,0,"mejoramiento, construccion, plaza, reposicion"
3934-49-L126,16.7901,11.3598,1,"produccion, habitabilidad, navidad, juguetes"
3934-51-E226,13.5932,12.0165,10,"transporte, escolar, turismo, disposicion"
3960-70-LE26,15.6391,8.4776,0,"mejoramiento, construccion, plaza, reposicion"
3997-62-LE26,16.5405,11.4498,1,"produccion, habitabilidad, navidad, juguetes"
4044-54-LE26,15.4917,9.324,0,"mejoramiento, construccion, plaza, reposicion"
4085-51-LP26,17.6898,8.0776,0,"mejoramiento, construccion, plaza, reposicion"
4162-26-L126,13.3449,9.8758,23,"sistema, tecnico, sistemas, control"
4164-44-LP26,15.7106,8.4801,0,"mejoramiento, construccion, plaza, reposicion"
4195-18-LE26,16.5746,9.1534,-1,Sin tema
4205-14-LE26,10.6487,9.7088,13,"electrico, electrica, electricos, sistema electrico"
4281-17-LE26,16.0724,8.4887,-1,Sin tema
4309-235-LP26,15.2769,7.4772,-1,Sin tema
4309-239-LP26,15.5084,7.4641,-1,Sin tema
4469-180-L126,11.1755,7.7869,3,"materiales, material, materiales construccion, proyecto"
4475-21-LE26,13.5492,13.4441,4,"cursos, educacionales, establecimientos educacionales, chinchorro"
4486-37-LE26,15.0295,9.4563,0,"mejoramiento, construccion, plaza, reposicion"
4590-17-LE26,11.5024,8.0335,3,"materiales, material, materiales construccion, proyecto"
4623-4-L126,15.0608,12.648,16,"social, fiscal, fiscales, sede social"
4735-20-LE26,14.1567,4.5357,7,"medicamentos, medicos, farmacos, insumos medicos"
4776-55-LE26,12.7085,3.4446,-1,Sin tema
4885-22-L126,14.3736,11.1061,-1,Sin tema
4968-53-LP26,15.76,9.6838,0,"mejoramiento, construccion, plaza, reposicion"
5124-21-LE26,15.4068,11.6283,1,"produccion, habitabilidad, navidad, juguetes"
5240-104-LE26,13.9142,6.677,15,"bmc, equipos, repuestos, chee"
5268-9-O126,14.776,8.3642,-1,Sin tema
528208-46-LP26,17.6492,8.8071,0,"mejoramiento, construccion, plaza, reposicion"
528208-6-LR26,16.8336,9.6319,-1,Sin tema
539119-83-B226,16.1071,10.0122,0,"mejoramiento, construccion, plaza, reposicion"
5413-66-LR26,15.6172,10.1471,-1,Sin tema
5418-13-LE26,11.6492,11.4614,-1,Sin tema
547640-16-L126,14.7945,7.1664,-1,Sin tema
5514-4-LP26,14.6046,9.9249,0,"mejoramiento, construccion, plaza, reposicion"
564162-144-L126,12.9939,6.9819,9,"insumos clinicos, upla, solicitud, clinicos"
5663-15-O126,17.0046,9.8967,-1,Sin tema
5663-16-O126,17.069,9.9675,-1,Sin tema
5908-34-LE26,16.8579,8.3747,0,"mejoramiento, construccion, plaza, reposicion"
598-23-LE26,15.7649,9.8102,0,"mejoramiento, construccion, plaza, reposicion"
617807-71-LP26,13.6939,3.0626,2,"ninos, provincial, rio, jose"
619133-111-LP26,13.5873,3.2981,2,"ninos, provincial, rio, jose"
622847-15-LE26,17.5627,8.1605,0,"mejoramiento, construccion, plaza, reposicion"
634-44-LP26,14.6661,4.9182,-1,Sin tema
644-4-LE26,15.9632,8.9542,0,"mejoramiento, construccion, plaza, reposicion"
654-13-LE26,15.6596,11.3108,-1,Sin tema
673663-16-LP26,17.6993,8.1269,0,"mejoramiento, construccion, plaza, reposicion"
673663-24-LE26,9.8241,11.696,25,"audiovisual, instrumentos, musica, audiovisuales"
699866-136-LP26,15.8396,8.6463,0,"mejoramiento, construccion, plaza, reposicion"
699-9-L126,10.7399,10.911,-1,Sin tema
707415-38-LE26,16.571,9.7979,-1,Sin tema
707425-49-LE26,16.9296,6.8708,-1,Sin tema
741-31-L126,11.0569,8.493,3,"materiales, material, materiales construccion, proyecto"
758-36-LE26,11.0224,7.8323,3,"materiales, material, materiales construccion, proyecto"
812799-45-LR26,16.1115,10.1188,0,"mejoramiento, construccion, plaza, reposicion"
812799-54-L126,15.3184,8.7721,0,"mejoramiento, construccion, plaza, reposicion"
816696-18-LE26,16.4289,12.4777,1,"produccion, habitabilidad, navidad, juguetes"
817-46-O126,17.762,8.0466,0,"mejoramiento, construccion, plaza, reposicion"
845-9-LR26,16.6736,8.4937,0,"mejoramiento, construccion, plaza, reposicion"
874750-25-L126,15.191,7.78,0,"mejoramiento, construccion, plaza, reposicion"
885-87-LE26,11.4836,12.0389,14,"internet, fija, movil, satelital"
889473-56-LE26,12.3814,7.8994,-1,Sin tema
898-182-LE26,12.3213,8.9503,17,"laboratorio, cen, automotriz, panel"
898-189-LE26,14.9826,7.6171,0,"mejoramiento, construccion, plaza, reposicion"
920802-22-LE26,13.7576,7.3613,-1,Sin tema
948354-142-LE26,13.5381,3.3157,2,"ninos, provincial, rio, jose"
972845-5-LE26,15.9443,11.5354,1,"produccion, habitabilidad, navidad, juguetes"
1002772-99-LE26,16.1736,7.6374,0,"mejoramiento, construccion, plaza, reposicion"
1019-118-LE26,17.8887,9.0659,-1,Sin tema
1049242-33-LP26,14.8171,11.1331,18,"produccion, produccion integral, integral, produccion eventos"
1057049-297-LE26,14.7061,8.1486,0,"mejoramiento, construccion, plaza, reposicion"
1057049-342-LE26,14.6432,8.033,0,"mejoramiento, construccion, plaza, reposicion"
1057049-347-LE26,14.1747,5.7867,8,"odontologicos, insumos odontologicos, instrumental, anatomia"
1057049-365-LE26,14.1662,6.562,-1,Sin tema
1057049-368-LP26,13.7488,3.2284,2,"ninos, provincial, rio, jose"
1057385-45-LE26,14.1193,4.6762,7,"medicamentos, medicos, farmacos, insumos medicos"
1057402-166-LE26,16.6783,11.9899,1,"produccion, habitabilidad, navidad, juguetes"
1057420-40-LE26,5.917,2.965,20,"protesis, removibles, instrumental, destinado"
1057430-61-LE26,13.7319,5.5598,8,"odontologicos, insumos odontologicos, instrumental, anatomia"
1057432-91-LE26,14.8259,5.7903,-1,Sin tema
1057491-179-LP26,14.8174,8.0643,-1,Sin tema
1057491-189-LE26,14.2198,5.4103,8,"odontologicos, insumos odontologicos, instrumental, anatomia"
1057491-191-LE26,16.1911,7.7473,0,"mejoramiento, construccion, plaza, reposicion"
1057494-65-LE26,13.9287,3.7576,-1,Sin tema
1057501-395-LR26,13.8527,4.3663,7,"medicamentos, medicos, farmacos, insumos medicos"
1057501-591-LE26,13.9779,4.2226,-1,Sin tema
1057503-147-LE26,13.6032,4.4492,-1,Sin tema
1057508-121-LP26,15.3674,9.4679,0,"mejoramiento, construccion, plaza, reposicion"
1057509-239-LP26,15.458,9.4057,0,"mejoramiento, construccion, plaza, reposicion"
1057536-133-LE26,5.9295,2.9443,20,"protesis, removibles, instrumental, destinado"
1057544-325-LE26,15.3283,8.3438,0,"mejoramiento, construccion, plaza, reposicion"
1058078-56-LE26,14.217,5.192,8,"odontologicos, insumos odontologicos, instrumental, anatomia"
1058134-43-LR26,15.4923,6.8292,0,"mejoramiento, construccion, plaza, reposicion"
1070620-113-LP26,14.4216,7.4288,-1,Sin tema
1075963-200-LR26,13.8594,9.478,-1,Sin tema
1084148-18-LE26,12.9485,13.1572,4,"cursos, educacionales, establecimientos educacionales, chinchorro"
1085111-23-O126,13.8578,9.2335,23,"sistema, tecnico, sistemas, control"
1092-9-LE26,13.267,7.5153,-1,Sin tema
1110404-201-LE26,13.1974,13.6633,4,"cursos, educacionales, establecimientos educacionales, chinchorro"
1171142-109-LE26,12.0224,6.6291,11,"sol, solucion, solicitud, ecs"
1171317-83-LP26,16.4422,11.3514,1,"produccion, habitabilidad, navidad, juguetes"
1175-91-LE26,13.3527,7.1606,9,"insumos clinicos, upla, solicitud, clinicos"
1180703-30-LP26,13.3722,7.9199,-1,Sin tema
1180919-21-LE26,13.5572,5.3593,-1,Sin tema
1211-18-L126,12.9156,7.8827,9,"insumos clinicos, upla, solicitud, clinicos"
1224953-28-LE26,15.2115,9.4403,0,"mejoramiento, construccion, plaza, reposicion"
1230848-57-L126,16.8012,12.0183,1,"produccion, habitabilidad, navidad, juguetes"
1250623-7-LE26,16.8345,8.74,0,"mejoramiento, construccion, plaza, reposicion"
1261-32-LE26,11.6867,11.4241,-1,Sin tema
1278-9-LP26,11.0675,8.0401,3,"materiales, material, materiales construccion, proyecto"
1288-36-LE26,5.9249,2.9508,20,"protesis, removibles, instrumental, destinado"
1288-38-LP26,14.2851,5.5059,8,"odontologicos, insumos odontologicos, instrumental, anatomia"
1331-9-LE26,15.2809,7.5514,0,"mejoramiento, construccion, plaza, reposicion"
1335444-5-L126,17.3324,10.6483,21,"cultural, produccion, artes, culturales"
1359575-14-LE26,11.4557,7.1214,19,"led, laser, pantalla, arriendo"
1375761-55-LE26,13.7452,7.9944,-1,Sin tema
1392-32-LE26,11.6406,11.7054,14,"internet, fija, movil, satelital"
1395865-16-LE26,16.6148,9.6695,-1,Sin tema
1410-27-LE26,14.0709,10.3972,0,"mejoramiento, construccion, plaza, reposicion"
1422417-1-LE26,5.9196,2.9686,20,"protesis, removibles, instrumental, destinado"
14-26-LE26,13.0838,8.1247,-1,Sin tema
1464-59-LE26,12.5277,6.7712,-1,Sin tema
1488-38-LE26,13.5019,7.3736,9,"insumos clinicos, upla, solicitud, clinicos"
1488587-25-LE26,15.4077,10.0906,-1,Sin tema
1488587-43-LS26,10.517,8.5156,3,"materiales, material, materiales construccion, proyecto"
1499-195-LE26,13.6908,5.3654,-1,Sin tema
1511-54-LE26,14.8681,11.6486,16,"social, fiscal, fiscales, sede social"
1515304-209-LP26,13.3025,6.9958,15,"bmc, equipos, repuestos, chee"
1523-127-LP26,13.1316,6.7265,-1,Sin tema
1530393-32-LP26,13.9938,5.5849,8,"odontologicos, insumos odontologicos, instrumental, anatomia"
1540667-6-LR26,13.7162,4.4132,-1,Sin tema
1546-8-LE26,13.3874,7.8741,-1,Sin tema
1593-25-LE26,12.0587,9.0655,-1,Sin tema
1627-113-LP26,16.4808,4.6608,6,"alimentacion, break, alojamiento, com"
1638-83-LE26,12.8795,10.769,5,"seguridad, guardias, proteccion, proteccion personal"
1641-327-LP26,11.5758,10.722,-1,Sin tema
1643-86-LP26,10.6063,8.4563,3,"materiales, material, materiales construccion, proyecto"
1660-149-L126,15.8017,7.0332,0,"mejoramiento, construccion, plaza, reposicion"
1660-151-L126,14.9881,6.5829,-1,Sin tema
1947-162-LE26,13.9196,3.3966,2,"ninos, provincial, rio, jose"
1954-4-LE26,16.528,4.9398,6,"alimentacion, break, alojamiento, com"
1979-203-LE26,13.8201,3.1896,2,"ninos, provincial, rio, jose"
2021-10-LE26,14.6916,8.3649,-1,Sin tema
2069-166-LP26,14.8757,8.4075,0,"mejoramiento, construccion, plaza, reposicion"
2069-170-LP26,13.627,7.4414,-1,Sin tema
2078-47-LE26,11.5694,11.4908,-1,Sin tema
2101-151-L126,14.4397,4.4512,7,"medicamentos, medicos, farmacos, insumos medicos"
2111-268-LP26,15.4917,8.7227,0,"mejoramiento, construccion, plaza, reposicion"
2202-48-L126,13.9633,3.4043,2,"ninos, provincial, rio, jose"
2258-191-LE26,13.5281,5.4198,-1,Sin tema
2263-37-LP26,11.6531,8.7481,3,"materiales, material, materiales construccion, proyecto"
2274-41-LP26,17.2138,8.5679,0,"mejoramiento, construccion, plaza, reposicion"
2284-37-L126,16.2982,10.4947,26,"municipales, salud solicitud, area salud, solicitud"
2297-31-LE26,16.196,10.6638,26,"municipales, salud solicitud, area salud, solicitud"
2366-27-LE26,13.351,7.9932,-1,Sin tema
2440-61-LE26,13.4013,13.5691,4,"cursos, educacionales, establecimientos educacionales, chinchorro"
2490-92-LE26,15.9971,8.4388,-1,Sin tema
2565-17-LE26,15.7318,9.4241,0,"mejoramiento, construccion, plaza, reposicion"
2582-67-LR26,13.9976,8.857,-1,Sin tema
2595-105-L126,11.4939,9.6056,3,"materiales, material, materiales construccion, proyecto"
2704-81-LE26,13.1522,7.6649,-1,Sin tema
2757-16-LE26,13.9848,7.2494,15,"bmc, equipos, repuestos, chee"
2831-41-LE26,12.5961,10.8615,5,"seguridad, guardias, proteccion, proteccion personal"
2852-57-LE26,12.0486,9.722,30,"agua, agua purificada, purificada, aguas"
2974-76-LE26,16.2428,9.9515,0,"mejoramiento, construccion, plaza, reposicion"
3017-49-LE26,10.9816,7.8084,3,"materiales, material, materiales construccion, proyecto"
3117-94-L126,13.9485,7.728,-1,Sin tema
3191-96-LE26,16.6081,6.6323,24,"farmacia, planta, farmacos, plantas"
3340-17-LE26,16.649,4.689,6,"alimentacion, break, alojamiento, com"
3453-87-LE26,15.8181,9.0223,-1,Sin tema
3453-88-LE26,15.7568,8.8257,-1,Sin tema
3474-60-LE26,16.0113,7.431,0,"mejoramiento, construccion, plaza, reposicion"
3477-85-LE26,16.4113,12.3235,1,"produccion, habitabilidad, navidad, juguetes"
3510-24-LE26,12.5175,11.5699,12,"software, licencias, renovacion, renovacion licencias"
3545-30-LE26,14.291,5.402,8,"odontologicos, insumos odontologicos, instrumental, anatomia"
3611-13-LE26,12.3821,12.5862,12,"software, licencias, renovacion, renovacion licencias"
3656-165-L126,15.9124,10.1212,0,"mejoramiento, construccion, plaza, reposicion"
3734-34-LE26,13.8832,6.5366,15,"bmc, equipos, repuestos, chee"
3785-23-LE26,16.4425,8.6438,-1,Sin tema
3794-74-LE26,15.5347,9.8322,0,"mejoramiento, construccion, plaza, reposicion"
3861-1-LE26,16.8726,12.0676,1,"produccion, habitabilidad, navidad, juguetes"
3882-77-LR26,16.558,8.8886,0,"mejoramiento, construccion, plaza, reposicion"
3890-176-E226,16.5147,8.3432,0,"mejoramiento, construccion, plaza, reposicion"
3908-44-LE26,16.5369,8.7593,0,"mejoramiento, construccion, plaza, reposicion"
3934-48-L126,16.8815,11.76,1,"produccion, habitabilidad, navidad, juguetes"
3951-52-LE26,13.2945,10.0186,29,"mantencion preventiva, preventiva, preventiva correctiva, correctiva"
3958-56-L126,11.4533,8.7424,3,"materiales, material, materiales construccion, proyecto"
3994-25-LP26,16.4208,9.5277,-1,Sin tema
4134-42-CO26,12.8299,9.9829,-1,Sin tema
4160-19-LR26,15.8513,7.9587,0,"mejoramiento, construccion, plaza, reposicion"
418-69-LP26,14.6561,9.3911,-1,Sin tema
4190-24-LE26,15.4542,8.2874,0,"mejoramiento, construccion, plaza, reposicion"
4190-28-LE26,14.4921,8.6104,-1,Sin tema
4190-30-LE26,14.8477,4.1319,-1,Sin tema
4309-245-LP26,15.4036,7.3622,-1,Sin tema
4309-253-LE26,14.6531,5.1769,-1,Sin tema
4309-259-LP26,12.0386,6.6194,11,"sol, solucion, solicitud, ecs"
4374-8-LP26,10.5642,11.594,28,"televigilancia, sistema, instalacion sistema, instalacion"
4429-100-LE26,9.9768,11.3745,17,"laboratorio, cen, automotriz, panel"
4451-108-LE26,16.6331,11.5578,1,"produccion, habitabilidad, navidad, juguetes"
4469-189-L126,13.3533,7.6796,-1,Sin tema
4610-81-LE26,15.4794,9.3056,0,"mejoramiento, construccion, plaza, reposicion"
4735-21-L126,14.6053,8.0347,0,"mejoramiento, construccion, plaza, reposicion"
4803-29-LP26,14.2277,10.3976,0,"mejoramiento, construccion, plaza, reposicion"
4809-28-LE26,10.9358,8.0006,3,"materiales, material, materiales construccion, proyecto"
4829-50-LE26,14.977,6.928,-1,Sin tema
48-44-LP26,13.1779,10.9199,5,"seguridad, guardias, proteccion, proteccion personal"
4889-36-LE26,13.9622,10.6882,-1,Sin tema
4890-20-LE26,14.9132,11.0938,18,"produccion, produccion integral, integral, produccion eventos"
5053-89-LE26,15.2628,7.3168,0,"mejoramiento, construccion, plaza, reposicion"
5056-119-LP26,15.4153,9.7099,0,"mejoramiento, construccion, plaza, reposicion"
5060-36-L126,16.326,9.0068,0,"mejoramiento, construccion, plaza, reposicion"
5060-43-L126,16.6435,8.8664,0,"mejoramiento, construccion, plaza, reposicion"
5067-147-L126,11.887,9.3462,30,"agua, agua purificada, purificada, aguas"
5190-21-LE26,12.5254,12.3094,12,"software, licencias, renovacion, renovacion licencias"
520149-44-LE26,12.1566,7.2066,11,"sol, solucion, solicitud, ecs"
5349-104-LP26,13.3894,3.5334,-1,Sin tema
5441-11-LE26,15.928,4.7064,-1,Sin tema
5520-78-LR26,13.531,10.6409,-1,Sin tema
5520-79-CO26,15.622,8.1015,0,"mejoramiento, construccion, plaza, reposicion"
553368-8-LE26,16.719,12.1019,1,"produccion, habitabilidad, navidad, juguetes"
558257-10-LP26,11.4615,12.0357,14,"internet, fija, movil, satelital"
568963-23-LE26,15.1676,10.9893,18,"produccion, produccion integral, integral, produccion eventos"
577289-1-LE26,16.507,12.1557,1,"produccion, habitabilidad, navidad, juguetes"
5890-11-LP26,12.9765,7.1216,9,"insumos clinicos, upla, solicitud, clinicos"
605-20-LE26,12.8322,4.4922,-1,Sin tema
617807-80-LE26,13.712,3.0334,2,"ninos, provincial, rio, jose"
619133-112-LP26,13.6306,3.2499,-1,Sin tema
630-29-LE26,15.2633,9.9724,-1,Sin tema
652-49-LE26,13.6687,10.7908,-1,Sin tema
673663-33-LE26,17.1135,7.3516,-1,Sin tema
685103-6-LE26,14.7664,8.3947,-1,Sin tema
699866-117-LP26,14.1694,5.2986,8,"odontologicos, insumos odontologicos, instrumental, anatomia"
699866-134-LP26,14.3838,5.6956,-1,Sin tema
704093-138-LP26,9.9244,6.9003,-1,Sin tema
707429-35-LE26,15.0727,8.7749,0,"mejoramiento, construccion, plaza, reposicion"
740-18-LE26,15.256,8.4481,0,"mejoramiento, construccion, plaza, reposicion"
745712-20-LE26,12.4483,8.1021,-1,Sin tema
788110-54-LE26,11.7804,11.7631,-1,Sin tema
799512-52-LE26,5.9247,2.9576,20,"protesis, removibles, instrumental, destinado"
800-5-LR26,14.7384,5.7864,8,"odontologicos, insumos odontologicos, instrumental, anatomia"
823-4-O125,17.2349,8.0949,-1,Sin tema
855-17-LE26,12.8792,10.8918,5,"seguridad, guardias, proteccion, proteccion personal"
867990-93-LE26,12.5763,7.1899,-1,Sin tema
889473-51-LP26,12.874,7.7733,9,"insumos clinicos, upla, solicitud, clinicos"
898-200-LE26,16.7707,7.2963,24,"farmacia, planta, farmacos, plantas"
966131-58-LE26,10.7417,11.7246,28,"televigilancia, sistema, instalacion sistema, instalacion"
979-60-LE26,15.786,11.2748,1,"produccion, habitabilidad, navidad, juguetes"
1002-86-LP26,15.2444,9.7662,-1,Sin tema
1013353-33-LP26,15.0722,9.3724,0,"mejoramiento, construccion, plaza, reposicion"
1019-117-LP26,14.1298,10.2489,0,"mejoramiento, construccion, plaza, reposicion"
1035-23-LE26,10.9685,8.381,3,"materiales, material, materiales construccion, proyecto"
1048-60-LE26,16.7951,11.6052,1,"produccion, habitabilidad, navidad, juguetes"
1049-76-LE26,15.069,10.8768,18,"produccion, produccion integral, integral, produccion eventos"
1051425-42-LE26,15.864,7.0457,0,"mejoramiento, construccion, plaza, reposicion"
1057049-345-LE26,13.779,6.7259,15,"bmc, equipos, repuestos, chee"
1057387-55-LE26,13.3331,3.2383,2,"ninos, provincial, rio, jose"
1057402-117-LE26,12.45,10.4443,5,"seguridad, guardias, proteccion, proteccion personal"
1057402-168-LE26,14.4264,9.114,-1,Sin tema
1057415-51-LP26,14.394,5.065,-1,Sin tema
1057419-26-LR26,15.4007,8.4312,0,"mejoramiento, construccion, plaza, reposicion"
1057429-100-LE26,15.6178,8.1922,0,"mejoramiento, construccion, plaza, reposicion"
1057500-79-LE26,10.9766,11.6092,-1,Sin tema
1057503-125-LE26,13.4822,3.5443,2,"ninos, provincial, rio, jose"
1057509-305-LE26,15.241,8.1986,-1,Sin tema
1057539-144-LP26,13.329,3.135,2,"ninos, provincial, rio, jose"
1057545-107-LE26,16.8928,5.2026,6,"alimentacion, break, alojamiento, com"
1057858-3-LP26,14.721,5.8146,8,"odontologicos, insumos odontologicos, instrumental, anatomia"
1057866-1-LE26,14.4596,7.0554,-1,Sin tema
1057882-9-LE26,13.6915,6.463,-1,Sin tema
1057898-38-LP26,13.4058,3.5409,-1,Sin tema
1058078-60-LP26,13.5356,3.045,2,"ninos, provincial, rio, jose"
1058078-62-LP26,13.5726,3.0367,2,"ninos, provincial, rio, jose"
1058085-143-LP26,14.42,4.4123,7,"medicamentos, medicos, farmacos, insumos medicos"
1058134-58-LP26,16.7555,4.4006,6,"alimentacion, break, alojamiento, com"
1058339-8-LE26,16.5595,4.6692,6,"alimentacion, break, alojamiento, com"
1058339-9-LE26,13.628,12.0218,10,"transporte, escolar, turismo, disposicion"
1075963-331-LE26,14.0292,10.1915,0,"mejoramiento, construccion, plaza, reposicion"
1075963-396-LE26,15.5104,9.0777,-1,Sin tema
1076403-13-LE26,12.8471,10.8393,5,"seguridad, guardias, proteccion, proteccion personal"
1078634-4-LE26,13.6289,3.8959,-1,Sin tema
1079505-29-LE26,14.7515,7.648,-1,Sin tema
1079967-26-LE26,16.6438,4.5702,6,"alimentacion, break, alojamiento, com"
1098710-27-LE26,15.1779,10.9021,18,"produccion, produccion integral, integral, produccion eventos"
1110404-203-LE26,15.7582,9.3478,0,"mejoramiento, construccion, plaza, reposicion"
1171317-58-LP26,15.177,8.4051,0,"mejoramiento, construccion, plaza, reposicion"
1175-74-LP26,13.4914,7.9869,-1,Sin tema
1200-28-LE26,16.8749,11.7166,1,"produccion, habitabilidad, navidad, juguetes"
1209-9-L126,16.8384,5.2889,6,"alimentacion, break, alojamiento, com"
1233615-60-LP26,11.8685,10.8559,-1,Sin tema
1233616-60-LP26,15.8824,9.2681,0,"mejoramiento, construccion, plaza, reposicion"
1239966-12-LE26,12.7548,10.692,5,"seguridad, guardias, proteccion, proteccion personal"
1252675-2-LP26,15.9296,10.062,-1,Sin tema
1288-27-LE26,14.7835,7.6008,-1,Sin tema
1305532-8-LE26,16.5775,12.0002,1,"produccion, habitabilidad, navidad, juguetes"
1346279-10-LE26,13.7559,7.159,-1,Sin tema
1350296-86-LE26,13.8172,3.21,2,"ninos, provincial, rio, jose"
1359575-13-LE26,11.447,7.1122,19,"led, laser, pantalla, arriendo"
1375735-15-LE26,10.652,11.7532,28,"televigilancia, sistema, instalacion sistema, instalacion"
1389183-51-LP26,13.0402,7.2652,-1,Sin tema
1391-12-LE26,16.7006,4.4797,6,"alimentacion, break, alojamiento, com"
1395852-5-LP26,15.9684,4.9294,-1,Sin tema
1404452-15-LE26,16.7564,4.5294,6,"alimentacion, break, alojamiento, com"
1417913-136-L126,16.4948,7.8423,-1,Sin tema
1423921-20-LP26,11.0444,7.8135,3,"materiales, material, materiales construccion, proyecto"
1431841-65-L126,10.7946,9.7617,13,"electrico, electrica, electricos, sistema electrico"
1456836-4-LP26,12.7875,12.1485,12,"software, licencias, renovacion, renovacion licencias"
1469-255-L126,14.2077,5.853,-1,Sin tema
1499684-9-L126,16.7764,11.7178,1,"produccion, habitabilidad, navidad, juguetes"
1537592-20-LE26,12.8002,8.168,-1,Sin tema
1558-19-L126,11.4538,7.0015,19,"led, laser, pantalla, arriendo"
1561-20-LE26,14.1726,10.6205,0,"mejoramiento, construccion, plaza, reposicion"
1562-61-LP26,12.6804,10.8334,5,"seguridad, guardias, proteccion, proteccion personal"
1562-64-LE26,15.8148,7.1683,0,"mejoramiento, construccion, plaza, reposicion"
1574-35-LP26,15.5625,8.5541,0,"mejoramiento, construccion, plaza, reposicion"
1596-49-LE26,13.735,13.0814,4,"cursos, educacionales, establecimientos educacionales, chinchorro"
1621-24-LE26,13.3125,3.1638,2,"ninos, provincial, rio, jose"
1638-77-LE26,16.2352,7.7286,0,"mejoramiento, construccion, plaza, reposicion"
1660-146-L126,11.4483,12.029,14,"internet, fija, movil, satelital"
1736-108-LE26,12.2319,11.7246,12,"software, licencias, renovacion, renovacion licencias"
1743-74-LE26,14.5356,7.9721,0,"mejoramiento, construccion, plaza, reposicion"
1868-3-LE26,13.7248,10.6741,0,"mejoramiento, construccion, plaza, reposicion"
1947-158-LP26,13.9086,3.2332,2,"ninos, provincial, rio, jose"
2042-18-LE26,13.4564,5.6939,-1,Sin tema
2101-136-L126,11.3593,8.6293,3,"materiales, material, materiales construccion, proyecto"
2111-242-LP26,15.9785,9.3082,0,"mejoramiento, construccion, plaza, reposicion"
2115-35-L126,13.1657,5.4974,-1,Sin tema
2153-63-LE26,14.8591,6.5235,-1,Sin tema
2157-157-LP26,14.1145,7.5235,-1,Sin tema
218-51-LP26,16.9174,9.0354,0,"mejoramiento, construccion, plaza, reposicion"
2271-74-LE26,10.6801,9.6737,13,"electrico, electrica, electricos, sistema electrico"
2289-44-LE26,15.6788,7.184,0,"mejoramiento, construccion, plaza, reposicion"
2324-117-LE26,16.0764,10.2273,0,"mejoramiento, construccion, plaza, reposicion"
2345-165-LE26,14.5308,8.2265,0,"mejoramiento, construccion, plaza, reposicion"
2366-38-LE26,13.8669,7.7872,-1,Sin tema
2409-35-LE26,14.8759,9.6615,0,"mejoramiento, construccion, plaza, reposicion"
2409-58-LE26,13.3588,13.6036,4,"cursos, educacionales, establecimientos educacionales, chinchorro"
2409-62-LE26,13.431,13.5353,4,"cursos, educacionales, establecimientos educacionales, chinchorro"
2413-25-LE26,16.4676,11.6119,1,"produccion, habitabilidad, navidad, juguetes"
2415-20-LE26,14.2295,11.1919,-1,Sin tema
2428-72-LP26,12.7168,9.5383,22,"aire, aire acondicionado, acondicionado, fuera"
2428-80-LE26,14.8651,11.0747,18,"produccion, produccion integral, integral, produccion eventos"
2446-282-LE26,13.4964,7.4397,9,"insumos clinicos, upla, solicitud, clinicos"
2446-297-LP26,17.2605,8.5114,0,"mejoramiento, construccion, plaza, reposicion"
2448-89-LE26,15.784,9.6,-1,Sin tema
2452-17-LE26,14.2032,4.4209,7,"medicamentos, medicos, farmacos, insumos medicos"
2483-257-LE26,16.2081,10.1427,0,"mejoramiento, construccion, plaza, reposicion"
2658-296-L126,10.5639,8.5208,3,"materiales, material, materiales construccion, proyecto"
2658-341-L126,16.2635,10.5626,26,"municipales, salud solicitud, area salud, solicitud"
2674-46-LE26,16.7912,6.9501,24,"farmacia, planta, farmacos, plantas"
2680-28-LE26,11.3694,8.6824,3,"materiales, material, materiales construccion, proyecto"
2688-27-LE26,14.9866,4.1753,-1,Sin tema
2711-29-LP26,13.2766,13.5666,4,"cursos, educacionales, establecimientos educacionales, chinchorro"
2724-44-LE26,16.014,11.7132,1,"produccion, habitabilidad, navidad, juguetes"
2727-18-LE26,14.0921,8.8498,-1,Sin tema
2732-32-LP26,17.3638,8.3086,0,"mejoramiento, construccion, plaza, reposicion"
2736-39-LE26,14.7036,7.9915,-1,Sin tema
2766-130-L126,16.1372,10.6174,26,"municipales, salud solicitud, area salud, solicitud"
2766-137-L126,15.2062,7.8587,0,"mejoramiento, construccion, plaza, reposicion"
2775-117-CO26,16.3435,10.2895,-1,Sin tema
2775-89-LE26,16.3736,10.4423,-1,Sin tema
2817-59-LP26,17.7719,8.705,0,"mejoramiento, construccion, plaza, reposicion"
2914-18-LE26,12.9084,7.7854,9,"insumos clinicos, upla, solicitud, clinicos"
2945-38-I226,17.108,8.605,0,"mejoramiento, construccion, plaza, reposicion"
2961-72-L126,15.118,8.3943,0,"mejoramiento, construccion, plaza, reposicion"
2963-35-LE26,12.9619,10.412,5,"seguridad, guardias, proteccion, proteccion personal"
2981-257-LE26,16.076,7.7943,0,"mejoramiento, construccion, plaza, reposicion"
2981-264-LE26,15.061,9.4112,-1,Sin tema
2981-282-LE26,14.9233,8.2499,-1,Sin tema
3017-44-LE26,10.9396,7.8356,3,"materiales, material, materiales construccion, proyecto"
3065-60-LE26,12.8501,7.5937,-1,Sin tema
3073-47-LE26,10.9484,9.7332,13,"electrico, electrica, electricos, sistema electrico"
3129-4-LE26,14.4958,9.9678,0,"mejoramiento, construccion, plaza, reposicion"
3191-105-LE26,13.8024,6.8468,-1,Sin tema
3453-85-LE26,16.6595,8.4569,0,"mejoramiento, construccion, plaza, reposicion"
3474-67-LE26,15.0164,8.9085,0,"mejoramiento, construccion, plaza, reposicion"
3479-94-L126,15.8558,8.7094,-1,Sin tema
3512-36-LE26,15.0631,8.1917,-1,Sin tema
3520-25-LE26,17.6981,8.4275,0,"mejoramiento, construccion, plaza, reposicion"
3545-29-LE26,14.7474,10.1111,0,"mejoramiento, construccion, plaza, reposicion"
3567-35-LE26,12.7051,3.4435,-1,Sin tema
3603-36-LE26,15.0531,9.5515,0,"mejoramiento, construccion, plaza, reposicion"
3614-44-CO26,16.732,12.078,1,"produccion, habitabilidad, navidad, juguetes"
3663-32-LE26,14.9264,4.1319,-1,Sin tema
3693-164-LE26,16.8883,11.8127,1,"produccion, habitabilidad, navidad, juguetes"
3693-166-CO26,15.9909,9.9376,0,"mejoramiento, construccion, plaza, reposicion"
3704-36-LP26,12.1029,8.9509,-1,Sin tema
387-56-LE26,16.7774,4.4379,6,"alimentacion, break, alojamiento, com"
3887-44-L126,16.5894,12.1793,1,"produccion, habitabilidad, navidad, juguetes"
3908-46-L126,15.7733,9.6127,0,"mejoramiento, construccion, plaza, reposicion"
3997-53-LP26,16.4227,9.1431,-1,Sin tema
4072-37-L126,14.1185,10.4887,0,"mejoramiento, construccion, plaza, reposicion"
4127-51-LR26,13.6115,13.1787,4,"cursos, educacionales, establecimientos educacionales, chinchorro"
4290-62-LE26,16.1835,8.7345,-1,Sin tema
4306-30-LR26,14.3138,10.1058,0,"mejoramiento, construccion, plaza, reposicion"
438-42-LP26,17.6163,8.2302,0,"mejoramiento, construccion, plaza, reposicion"
4429-99-LE26,13.6125,5.2141,-1,Sin tema
4469-203-L126,13.3626,7.8543,-1,Sin tema
4592-17-LP26,11.8303,7.7083,-1,Sin tema
4728-33-LE26,16.6505,9.8999,-1,Sin tema
4809-46-LE26,13.5789,11.9202,10,"transporte, escolar, turismo, disposicion"
4885-20-L126,17.8093,10.5065,21,"cultural, produccion, artes, culturales"
5019-13-LE26,13.9747,4.4497,7,"medicamentos, medicos, farmacos, insumos medicos"
5060-44-L126,16.7509,8.9168,0,"mejoramiento, construccion, plaza, reposicion"
5212-4-LE26,16.5374,12.0583,1,"produccion, habitabilidad, navidad, juguetes"
5268-33-O126,15.2071,5.1219,27,"biobio, zona, carabineros, compatible"
5520-62-LE26,15.5882,8.1981,0,"mejoramiento, construccion, plaza, reposicion"
552975-76-LE26,14.6232,9.6939,0,"mejoramiento, construccion, plaza, reposicion"
5558-10-L126,13.2485,10.6837,5,"seguridad, guardias, proteccion, proteccion personal"
5761-2-LP26,12.6047,8.6665,-1,Sin tema
584146-13-L126,12.8973,10.6147,5,"seguridad, guardias, proteccion, proteccion personal"
592-25-LP26,13.5356,13.222,4,"cursos, educacionales, establecimientos educacionales, chinchorro"
607-66-LP26,15.5477,8.491,0,"mejoramiento, construccion, plaza, reposicion"
617807-81-CO26,13.7573,3.0249,2,"ninos, provincial, rio, jose"
623-10-CO26,11.6231,11.5718,-1,Sin tema
633-54-LP26,15.3737,9.3754,0,"mejoramiento, construccion, plaza, reposicion"
642-20-O126,13.4312,6.9462,9,"insumos clinicos, upla, solicitud, clinicos"
643-34-LE26,14.7235,10.1148,0,"mejoramiento, construccion, plaza, reposicion"
650-41-LE26,12.6114,7.2908,9,"insumos clinicos, upla, solicitud, clinicos"
652-52-LE26,10.7612,11.023,-1,Sin tema
701-24-LP26,14.4828,10.0237,0,"mejoramiento, construccion, plaza, reposicion"
707409-25-E226,15.1097,6.5458,-1,Sin tema
711841-13-LP26,11.1859,11.8912,14,"internet, fija, movil, satelital"
721703-27-LP26,16.8126,12.0612,1,"produccion, habitabilidad, navidad, juguetes"
740-16-LE26,14.3079,10.1312,0,"mejoramiento, construccion, plaza, reposicion"
757-89-LE26,12.4094,7.9948,-1,Sin tema
771555-14-LE26,10.6599,11.7401,28,"televigilancia, sistema, instalacion sistema, instalacion"
776-24-LE26,12.4275,9.2366,17,"laboratorio, cen, automotriz, panel"
813-137-LP25,13.0535,7.9053,-1,Sin tema
823-10-LR26,16.5898,8.6123,0,"mejoramiento, construccion, plaza, reposicion"
847-55-LE26,12.7343,7.2999,9,"insumos clinicos, upla, solicitud, clinicos"
847-56-LE26,12.5635,7.5304,9,"insumos clinicos, upla, solicitud, clinicos"
85-30-LP26,15.2896,8.2207,0,"mejoramiento, construccion, plaza, reposicion"
872-42-LE26,12.3958,8.7281,17,"laboratorio, cen, automotriz, panel"
872-48-LE26,10.7073,10.9294,-1,Sin tema
873-2-LE26,15.2429,9.3584,0,"mejoramiento, construccion, plaza, reposicion"
885-88-L126,12.4549,8.1574,-1,Sin tema
898-135-LR26,13.3512,3.365,2,"ninos, provincial, rio, jose"
900-37-CO26,13.5632,10.4826,-1,Sin tema
905-32-LE26,14.5269,5.3452,-1,Sin tema
948355-77-LE26,13.65,3.4614,2,"ninos, provincial, rio, jose"
980313-39-LE26,15.6626,7.1836,0,"mejoramiento, construccion, plaza, reposicion"
1000-22-LE26,12.6522,8.1512,-1,Sin tema
1002588-100-LE26,13.5826,10.6906,17,"laboratorio, cen, automotriz, panel"
1002588-101-LE26,12.8418,11.8168,-1,Sin tema
1005498-23-LE26,11.9704,11.8359,-1,Sin tema
1049-74-LP26,16.1768,8.0316,0,"mejoramiento, construccion, plaza, reposicion"
1051765-23-LE26,13.7168,13.1209,4,"cursos, educacionales, establecimientos educacionales, chinchorro"
1057387-54-LE26,14.4673,8.7824,-1,Sin tema
1057417-240-CO26,14.4659,6.8858,-1,Sin tema
1057420-39-L126,13.5851,3.2909,2,"ninos, provincial, rio, jose"
1057422-35-LP26,14.0822,4.4287,7,"medicamentos, medicos, farmacos, insumos medicos"
1057492-131-LE26,15.2352,8.8223,0,"mejoramiento, construccion, plaza, reposicion"
1057492-132-LE26,15.2334,7.2889,-1,Sin tema
1057499-36-LR26,15.1831,9.0282,-1,Sin tema
1057499-54-LE26,13.5599,7.8821,-1,Sin tema
1057509-282-LP26,14.3336,10.3834,0,"mejoramiento, construccion, plaza, reposicion"
1057536-116-LP26,14.0809,4.1752,-1,Sin tema
1057536-130-LE26,13.6188,9.2344,23,"sistema, tecnico, sistemas, control"
1057539-101-LP26,12.3109,9.5926,17,"laboratorio, cen, automotriz, panel"
1057539-41-LP26,14.4911,7.8016,-1,Sin tema
1057545-64-LP26,14.3515,4.9651,-1,Sin tema
1057547-238-LP26,15.3198,7.1223,-1,Sin tema
1057547-405-LE26,14.7228,5.8079,8,"odontologicos, insumos odontologicos, instrumental, anatomia"
1057547-408-LE26,14.7539,6.0863,8,"odontologicos, insumos odontologicos, instrumental, anatomia"
1057577-1-CO26,15.8548,8.1063,0,"mejoramiento, construccion, plaza, reposicion"
1057774-13-L126,10.6816,9.569,13,"electrico, electrica, electricos, sistema electrico"
1057851-3-L126,13.6564,3.5688,2,"ninos, provincial, rio, jose"
1058043-39-LE26,12.3306,6.8249,11,"sol, solucion, solicitud, ecs"
1058095-31-LE26,14.4587,4.5092,7,"medicamentos, medicos, farmacos, insumos medicos"
1063538-201-LP26,15.6098,7.7366,-1,Sin tema
1063538-229-LE26,14.2892,5.343,8,"odontologicos, insumos odontologicos, instrumental, anatomia"
1069417-20-LP26,14.3816,5.7301,8,"odontologicos, insumos odontologicos, instrumental, anatomia"
1079445-47-LE26,16.5845,9.1008,0,"mejoramiento, construccion, plaza, reposicion"
1079967-23-LE26,14.6617,7.9399,0,"mejoramiento, construccion, plaza, reposicion"
1079967-25-LE26,16.6037,4.5398,6,"alimentacion, break, alojamiento, com"
1080303-12-L126,16.535,12.0128,1,"produccion, habitabilidad, navidad, juguetes"
1107281-4-LE26,13.9805,7.9264,-1,Sin tema
1126922-38-LE26,15.7875,8.6079,0,"mejoramiento, construccion, plaza, reposicion"
1180830-24-LR26,16.7159,11.2408,1,"produccion, habitabilidad, navidad, juguetes"
1195104-17-LR26,13.3148,9.0058,-1,Sin tema
1202333-86-LE26,17.2696,9.2798,-1,Sin tema
1208105-5-LE26,13.7595,13.0747,4,"cursos, educacionales, establecimientos educacionales, chinchorro"
1233822-23-LP26,12.6027,10.8688,5,"seguridad, guardias, proteccion, proteccion personal"
1261-33-LE26,11.9956,9.1891,17,"laboratorio, cen, automotriz, panel"
1288-25-LP26,15.1142,8.0351,0,"mejoramiento, construccion, plaza, reposicion"
1300-45-LE26,14.1736,10.5803,0,"mejoramiento, construccion, plaza, reposicion"
1312459-31-LE26,16.1371,8.9851,-1,Sin tema
1374899-41-LP26,13.6503,3.5601,2,"ninos, provincial, rio, jose"
1375746-15-LE26,16.2688,9.3377,0,"mejoramiento, construccion, plaza, reposicion"
1375753-32-LE26,9.8362,11.6911,25,"audiovisual, instrumentos, musica, audiovisuales"
1375757-31-LE26,14.5709,9.6814,0,"mejoramiento, construccion, plaza, reposicion"
1375761-51-LP26,13.6153,13.3205,4,"cursos, educacionales, establecimientos educacionales, chinchorro"
1383-1-LE26,15.01,8.2848,0,"mejoramiento, construccion, plaza, reposicion"
1389183-73-LE26,13.5709,11.9517,10,"transporte, escolar, turismo, disposicion"
1422035-34-LE26,14.6185,9.2103,0,"mejoramiento, construccion, plaza, reposicion"
1426039-9-LE26,14.6249,9.3791,0,"mejoramiento, construccion, plaza, reposicion"
1426098-17-LE26,10.7688,11.5866,28,"televigilancia, sistema, instalacion sistema, instalacion"
1426100-13-LE26,11.2236,12.0396,14,"internet, fija, movil, satelital"
1426103-5-LE26,15.5219,9.1194,-1,Sin tema
1461054-44-LE26,13.6775,12.5489,10,"transporte, escolar, turismo, disposicion"
1469-228-L126,15.3756,10.1024,-1,Sin tema
1501513-11-LP26,14.9561,9.4757,0,"mejoramiento, construccion, plaza, reposicion"
1537592-21-LE26,11.8744,7.2186,-1,Sin tema
1562-75-LE26,12.5169,12.4154,12,"software, licencias, renovacion, renovacion licencias"
1602-18-LE26,12.0814,9.69,30,"agua, agua purificada, purificada, aguas"
1626-33-L126,13.4105,4.1034,-1,Sin tema
1658-205-LP26,16.9418,7.498,-1,Sin tema
1663-148-LE26,15.0435,7.8124,-1,Sin tema
1795-6-LE26,15.0303,10.6086,-1,Sin tema
2069-181-LP26,11.2839,5.1273,-1,Sin tema
2098-144-LE26,17.0162,10.9113,1,"produccion, habitabilidad, navidad, juguetes"
2098-149-LE26,14.1381,8.9995,23,"sistema, tecnico, sistemas, control"
2101-153-LP26,14.737,8.212,0,"mejoramiento, construccion, plaza, reposicion"
2111-266-LP26,12.5602,7.3104,-1,Sin tema
2173-27-LE26,16.8059,9.6194,-1,Sin tema
2175-13-LP26,15.3483,9.3328,0,"mejoramiento, construccion, plaza, reposicion"
2289-45-LE26,16.2838,8.6232,0,"mejoramiento, construccion, plaza, reposicion"
2292-45-L126,15.9121,11.5737,1,"produccion, habitabilidad, navidad, juguetes"
2308-84-LE26,13.7574,13.1442,4,"cursos, educacionales, establecimientos educacionales, chinchorro"
2387-29-LE26,15.0829,8.0336,-1,Sin tema
2393-20-L126,13.5903,11.9289,10,"transporte, escolar, turismo, disposicion"
2395-50-L126,14.7968,7.1598,-1,Sin tema
2410-60-LE26,5.9357,2.9275,20,"protesis, removibles, instrumental, destinado"
2411-8-LE25,11.5253,11.9256,14,"internet, fija, movil, satelital"
2430-78-LP26,14.8651,11.5944,16,"social, fiscal, fiscales, sede social"
2446-267-LP26,13.5097,7.8436,-1,Sin tema
2446-296-LE26,15.4702,7.3473,-1,Sin tema
2448-90-LE26,15.6346,8.8881,0,"mejoramiento, construccion, plaza, reposicion"
2490-86-LE26,10.6386,9.7052,13,"electrico, electrica, electricos, sistema electrico"
2598-17-LE26,15.7549,11.5252,1,"produccion, habitabilidad, navidad, juguetes"
2658-277-L126,11.0375,9.5242,13,"electrico, electrica, electricos, sistema electrico"
2658-325-L126,13.8031,4.7155,-1,Sin tema
2665-34-CO26,13.6986,12.7275,10,"transporte, escolar, turismo, disposicion"
2710-49-LE26,13.3191,9.6495,29,"mantencion preventiva, preventiva, preventiva correctiva, correctiva"
2741-64-LE26,16.6802,11.4524,1,"produccion, habitabilidad, navidad, juguetes"
2766-144-L126,14.6317,8.345,0,"mejoramiento, construccion, plaza, reposicion"
2831-28-LP26,10.9932,8.7831,3,"materiales, material, materiales construccion, proyecto"
2905-48-LP26,16.9657,8.3992,0,"mejoramiento, construccion, plaza, reposicion"
2943-16-LE26,13.3315,9.3508,-1,Sin tema
2945-30-LP26,17.5511,9.1771,-1,Sin tema
2963-30-LP26,16.6693,8.6782,0,"mejoramiento, construccion, plaza, reposicion"
2963-36-LR26,16.7644,7.8048,-1,Sin tema
2981-227-LE26,17.667,10.205,21,"cultural, produccion, artes, culturales"
2981-280-LP26,16.2746,7.7935,0,"mejoramiento, construccion, plaza, reposicion"
3016-51-LE26,15.92,10.8609,26,"municipales, salud solicitud, area salud, solicitud"
3092-21-L126,16.6467,6.8195,24,"farmacia, planta, farmacos, plantas"
3156-40-LP26,10.6634,9.6973,13,"electrico, electrica, electricos, sistema electrico"
3191-77-LP26,16.5537,6.6019,24,"farmacia, planta, farmacos, plantas"
3326-39-LE26,15.8091,10.4587,0,"mejoramiento, construccion, plaza, reposicion"
3366-10-LE26,15.9012,4.7069,-1,Sin tema
3413-12-LE26,12.5113,11.7614,12,"software, licencias, renovacion, renovacion licencias"
3447-149-L126,17.7182,8.7225,0,"mejoramiento, construccion, plaza, reposicion"
3453-84-LE26,16.553,8.9064,0,"mejoramiento, construccion, plaza, reposicion"
3459-30-LE26,14.5758,7.9436,0,"mejoramiento, construccion, plaza, reposicion"
3474-66-LP26,15.6706,9.262,0,"mejoramiento, construccion, plaza, reposicion"
3477-87-LE26,15.9936,9.0971,0,"mejoramiento, construccion, plaza, reposicion"
3512-37-LE26,11.0596,8.4724,3,"materiales, material, materiales construccion, proyecto"
3559-14-LP26,15.8778,7.6685,-1,Sin tema
3671-68-LE26,16.2095,9.4483,0,"mejoramiento, construccion, plaza, reposicion"
3691-28-LE26,12.973,11.356,-1,Sin tema
3708-41-LE26,16.4284,12.4733,1,"produccion, habitabilidad, navidad, juguetes"
3709-58-LE26,13.6731,12.3879,10,"transporte, escolar, turismo, disposicion"
3838-82-LE26,16.028,10.401,-1,Sin tema
3853-18-LE26,5.9301,2.9464,20,"protesis, removibles, instrumental, destinado"
3887-45-LE26,16.4755,12.4357,1,"produccion, habitabilidad, navidad, juguetes"
3934-43-L126,16.0711,9.8941,0,"mejoramiento, construccion, plaza, reposicion"
3934-44-L126,14.0376,7.8046,19,"led, laser, pantalla, arriendo"
3934-47-L126,16.5619,11.4012,1,"produccion, habitabilidad, navidad, juguetes"
3938-39-L126,14.5924,9.5476,0,"mejoramiento, construccion, plaza, reposicion"
4024-30-LE26,17.5774,8.1849,0,"mejoramiento, construccion, plaza, reposicion"
4192-55-LP26,15.6657,7.2215,0,"mejoramiento, construccion, plaza, reposicion"
4284-158-LE26,14.8163,10.3806,0,"mejoramiento, construccion, plaza, reposicion"
4284-159-LE26,13.5308,10.6564,-1,Sin tema
4309-251-LE26,15.9601,7.9702,0,"mejoramiento, construccion, plaza, reposicion"
4337-27-L126,15.1708,12.215,16,"social, fiscal, fiscales, sede social"
4375-132-LP26,16.5744,4.6485,6,"alimentacion, break, alojamiento, com"
4401-64-LE26,13.5611,8.1497,-1,Sin tema
4469-202-L126,14.9071,10.6385,-1,Sin tema
4476-23-LE26,15.9539,8.2446,0,"mejoramiento, construccion, plaza, reposicion"
4494-69-LE26,14.2724,10.9705,-1,Sin tema
4809-50-LE26,17.4996,8.2678,0,"mejoramiento, construccion, plaza, reposicion"
4887-32-LE26,15.7076,11.9187,-1,Sin tema
4890-26-LE26,14.1354,8.7129,-1,Sin tema
4993-81-LP26,11.1067,8.4884,3,"materiales, material, materiales construccion, proyecto"
5048-6-O126,16.2185,7.9884,0,"mejoramiento, construccion, plaza, reposicion"
5055-39-LP26,15.6587,7.2051,0,"mejoramiento, construccion, plaza, reposicion"
5055-41-LP26,14.8426,7.7467,0,"mejoramiento, construccion, plaza, reposicion"
514862-134-LR26,11.1807,11.8472,14,"internet, fija, movil, satelital"
5184-35-LR26,14.1901,4.9764,-1,Sin tema
5196-25-LE26,12.9649,8.6333,31,"bombas, infusion, ventanas, combustible"
539119-87-CO26,15.8503,9.9302,0,"mejoramiento, construccion, plaza, reposicion"
548874-84-LE26,14.5352,8.9491,-1,Sin tema
554734-7-LE26,15.0252,7.5129,0,"mejoramiento, construccion, plaza, reposicion"
5626-8-R126,11.9194,11.8152,-1,Sin tema
5688-5-LE26,12.1928,10.6397,5,"seguridad, guardias, proteccion, proteccion personal"
584105-33-LE26,12.3935,12.5511,12,"software, licencias, renovacion, renovacion licencias"
584105-41-LE26,13.6005,11.9603,10,"transporte, escolar, turismo, disposicion"
587-49-LE26,11.5642,11.4612,-1,Sin tema
591-28-LE26,11.1768,11.8047,14,"internet, fija, movil, satelital"
5946-1-O124,13.1578,8.6404,31,"bombas, infusion, ventanas, combustible"
594965-28-L126,14.0004,9.2689,-1,Sin tema
607-80-LE26,14.9389,8.4021,0,"mejoramiento, construccion, plaza, reposicion"
608-152-LR26,12.992,10.7009,5,"seguridad, guardias, proteccion, proteccion personal"
618641-30-B226,16.3352,8.9405,-1,Sin tema
621-832-LP26,12.1056,6.9014,11,"sol, solucion, solicitud, ecs"
621-910-LP26,12.2018,6.8038,11,"sol, solucion, solicitud, ecs"
650-48-LP26,17.0982,9.5883,1,"produccion, habitabilidad, navidad, juguetes"
656-28-LP26,12.4579,7.362,11,"sol, solucion, solicitud, ecs"
661-8-L126,13.7101,12.6121,10,"transporte, escolar, turismo, disposicion"
699866-87-LP26,15.0997,9.7352,-1,Sin tema
707416-24-LE26,15.8563,7.5564,0,"mejoramiento, construccion, plaza, reposicion"
740-22-LP26,16.4728,9.6044,-1,Sin tema
761391-138-LE26,12.6413,7.7484,9,"insumos clinicos, upla, solicitud, clinicos"
799512-11-LE26,15.6163,8.5728,0,"mejoramiento, construccion, plaza, reposicion"
812261-77-LE26,15.4244,8.0229,0,"mejoramiento, construccion, plaza, reposicion"
845-18-LE26,11.4368,8.5753,3,"materiales, material, materiales construccion, proyecto"
889473-57-LE26,13.3245,7.7922,-1,Sin tema
895-18-LP26,16.3777,8.7527,0,"mejoramiento, construccion, plaza, reposicion"
896-15-LE26,17.8517,9.0889,-1,Sin tema
926-12-LR26,15.6699,8.8617,0,"mejoramiento, construccion, plaza, reposicion"
948-31-LE26,14.7675,11.1593,18,"produccion, produccion integral, integral, produccion eventos"
948354-129-LE26,13.7288,3.5772,2,"ninos, provincial, rio, jose"
948354-149-LE26,13.6933,3.5102,2,"ninos, provincial, rio, jose"
948806-127-LE26,13.7506,3.5584,2,"ninos, provincial, rio, jose"
1030-18-LE26,16.3306,8.5795,0,"mejoramiento, construccion, plaza, reposicion"
1033449-18-B226,13.6163,9.104,-1,Sin tema
1035180-3-LP26,13.6354,10.9929,0,"mejoramiento, construccion, plaza, reposicion"
1048-74-LE26,16.5564,7.5607,-1,Sin tema
1057404-91-L126,13.3549,3.2768,2,"ninos, provincial, rio, jose"
1057421-31-LP26,12.4522,9.1287,-1,Sin tema
1057429-102-LE26,14.3808,5.7682,8,"odontologicos, insumos odontologicos, instrumental, anatomia"
1057430-67-LE26,12.7734,8.7513,-1,Sin tema
1057432-66-LE26,13.4828,9.3225,-1,Sin tema
1057439-131-LE26,13.6497,4.413,-1,Sin tema
1057494-22-LE26,15.5533,8.1446,0,"mejoramiento, construccion, plaza, reposicion"
1057501-523-LE26,16.5437,8.1712,0,"mejoramiento, construccion, plaza, reposicion"
1057509-320-LR26,13.8874,3.3434,2,"ninos, provincial, rio, jose"
1057510-69-LE26,13.7176,3.0816,2,"ninos, provincial, rio, jose"
1057540-78-LE26,15.5258,9.0246,-1,Sin tema
1057543-56-L126,16.6136,4.738,6,"alimentacion, break, alojamiento, com"
1057545-110-LE26,17.808,8.4194,0,"mejoramiento, construccion, plaza, reposicion"
1057547-428-LE26,13.3191,3.2321,2,"ninos, provincial, rio, jose"
1058085-148-LP26,12.0936,6.6707,11,"sol, solucion, solicitud, ecs"
1058090-21-LP26,14.8557,9.7861,0,"mejoramiento, construccion, plaza, reposicion"
1062448-12-LE26,13.6027,10.5191,-1,Sin tema
1063538-225-LE26,13.0748,8.5195,31,"bombas, infusion, ventanas, combustible"
1069417-13-LR26,14.2284,8.2809,-1,Sin tema
1079650-36-R126,14.4932,9.1368,0,"mejoramiento, construccion, plaza, reposicion"
1079650-41-L126,13.2095,3.3041,2,"ninos, provincial, rio, jose"
1079650-63-LE26,16.7227,7.3907,24,"farmacia, planta, farmacos, plantas"
1173933-13-LE26,16.7746,8.1568,-1,Sin tema
1177296-23-LP26,16.1276,12.0679,1,"produccion, habitabilidad, navidad, juguetes"
1202333-94-LE26,16.9452,8.3421,0,"mejoramiento, construccion, plaza, reposicion"
1211839-69-L126,15.4862,7.4091,-1,Sin tema
1212413-17-L126,11.3018,6.9992,19,"led, laser, pantalla, arriendo"
1223542-10-LR26,13.3175,9.4235,-1,Sin tema
1250669-2-LE26,15.4003,9.7542,0,"mejoramiento, construccion, plaza, reposicion"
1276-1-LE26,16.3621,9.5925,-1,Sin tema
1316747-19-L126,10.1172,11.6962,25,"audiovisual, instrumentos, musica, audiovisuales"
1316747-20-L126,17.9124,10.4816,21,"cultural, produccion, artes, culturales"
1337-21-LE26,14.7197,10.3517,0,"mejoramiento, construccion, plaza, reposicion"
1371-4-LP26,15.8799,4.9876,-1,Sin tema
1376-19-LE26,15.686,5.0782,-1,Sin tema
1380-158-LE26,16.7678,8.8631,-1,Sin tema
1407-19-LR26,11.2004,11.803,14,"internet, fija, movil, satelital"
1422051-29-LE26,12.845,11.4687,-1,Sin tema
1426037-26-LP26,13.4178,13.5394,4,"cursos, educacionales, establecimientos educacionales, chinchorro"
1029-15-LP26,11.0693,8.0086,3,"materiales, material, materiales construccion, proyecto"
1049-79-LE26,12.6471,10.8543,5,"seguridad, guardias, proteccion, proteccion personal"
1051173-13-LP26,15.7062,9.402,0,"mejoramiento, construccion, plaza, reposicion"
1057434-33-LE26,14.3179,9.6262,-1,Sin tema
1057489-266-LE26,11.4924,9.641,3,"materiales, material, materiales construccion, proyecto"
1057496-35-LE26,13.6423,9.2362,29,"mantencion preventiva, preventiva, preventiva correctiva, correctiva"
1057501-620-LE26,16.5799,12.041,1,"produccion, habitabilidad, navidad, juguetes"
1057541-30-L126,11.4854,11.5315,-1,Sin tema
1057547-429-LE26,13.9515,5.6209,8,"odontologicos, insumos odontologicos, instrumental, anatomia"
1057550-38-LE26,13.9106,10.7956,0,"mejoramiento, construccion, plaza, reposicion"
1057609-7-L126,13.4038,13.5402,4,"cursos, educacionales, establecimientos educacionales, chinchorro"
1057935-19-L126,13.3947,5.1526,-1,Sin tema
1057937-5-LE26,13.447,7.6259,-1,Sin tema
1063487-31-O126,16.5843,8.6745,0,"mejoramiento, construccion, plaza, reposicion"
1063538-233-LP26,13.4187,9.7305,23,"sistema, tecnico, sistemas, control"
1077204-8-L126,13.465,3.572,2,"ninos, provincial, rio, jose"
1077920-7-LP26,14.5838,4.7367,-1,Sin tema
1078333-21-LE26,15.7029,4.9585,-1,Sin tema
1087-2-LE26,14.1068,10.5315,0,"mejoramiento, construccion, plaza, reposicion"
1096-14-O126,13.4667,8.4929,-1,Sin tema
1108338-50-LE26,16.3479,6.5087,24,"farmacia, planta, farmacos, plantas"
1126920-31-LE26,13.417,13.5241,4,"cursos, educacionales, establecimientos educacionales, chinchorro"
1233600-55-LP26,15.8365,7.7754,0,"mejoramiento, construccion, plaza, reposicion"
1233616-63-LP26,14.0713,10.0974,0,"mejoramiento, construccion, plaza, reposicion"
1271359-92-R126,14.7756,7.8651,0,"mejoramiento, construccion, plaza, reposicion"
1305525-42-LE26,10.9913,8.4806,3,"materiales, material, materiales construccion, proyecto"
1337-18-LP26,11.0628,8.2564,3,"materiales, material, materiales construccion, proyecto"
1375757-34-LE26,14.5101,7.9571,0,"mejoramiento, construccion, plaza, reposicion"
1426098-14-LE26,11.0138,8.5505,3,"materiales, material, materiales construccion, proyecto"
1480972-33-LE26,10.7175,11.7137,28,"televigilancia, sistema, instalacion sistema, instalacion"
1488587-20-LP26,13.5855,11.0052,-1,Sin tema
1490160-48-LE26,13.3648,13.619,4,"cursos, educacionales, establecimientos educacionales, chinchorro"
1505-25-LE26,14.0775,7.7831,-1,Sin tema
1540-113-LE26,15.241,9.3875,0,"mejoramiento, construccion, plaza, reposicion"
1549-91-LE26,13.5207,5.5603,-1,Sin tema
1607-12-LE26,12.2869,8.4886,-1,Sin tema
1624-24-L126,12.9391,4.3978,-1,Sin tema
1641-261-LE26,15.6489,6.8665,0,"mejoramiento, construccion, plaza, reposicion"
1743-79-LP26,16.43,11.6835,1,"produccion, habitabilidad, navidad, juguetes"
1757-12-LE26,16.7701,12.1186,1,"produccion, habitabilidad, navidad, juguetes"
1978-127-L126,10.7103,11.0391,-1,Sin tema
2020-17-LE26,14.2224,10.528,0,"mejoramiento, construccion, plaza, reposicion"
1000-24-LE26,15.2717,8.063,-1,Sin tema
1003-27-LP26,15.191,7.5426,0,"mejoramiento, construccion, plaza, reposicion"
1057496-38-LE26,16.0069,8.4993,0,"mejoramiento, construccion, plaza, reposicion"
1057508-124-LE26,15.1816,9.5202,0,"mejoramiento, construccion, plaza, reposicion"
1057536-112-LE26,14.1513,8.6265,-1,Sin tema
1057543-59-LP26,13.3569,4.055,-1,Sin tema
1057898-100-LE26,13.4079,3.4543,2,"ninos, provincial, rio, jose"
1058078-54-LP26,10.6487,11.116,-1,Sin tema
1063538-224-LP26,6.0178,2.8476,20,"protesis, removibles, instrumental, destinado"
1077676-2-LR26,13.8897,6.78,15,"bmc, equipos, repuestos, chee"
1079576-45-LP26,15.2503,5.1473,27,"biobio, zona, carabineros, compatible"
1079596-37-LE26,13.3213,7.1987,9,"insumos clinicos, upla, solicitud, clinicos"
1095439-28-LP26,13.2585,7.9426,-1,Sin tema
1108338-51-LE26,13.553,6.0603,-1,Sin tema
1110404-172-LE26,13.3337,13.5761,4,"cursos, educacionales, establecimientos educacionales, chinchorro"
1110404-223-LP26,13.3124,13.5609,4,"cursos, educacionales, establecimientos educacionales, chinchorro"
1153624-20-L126,13.5061,11.8324,10,"transporte, escolar, turismo, disposicion"
1180922-21-L126,13.6492,4.3953,-1,Sin tema
1216058-9-LE26,16.1914,8.2985,-1,Sin tema
1305525-43-LE26,9.8254,11.7008,25,"audiovisual, instrumentos, musica, audiovisuales"
1344402-10-L126,11.3119,8.3418,3,"materiales, material, materiales construccion, proyecto"
1359575-12-LP26,14.6942,5.7569,8,"odontologicos, insumos odontologicos, instrumental, anatomia"
1366597-4-LE26,14.0851,10.5668,0,"mejoramiento, construccion, plaza, reposicion"
1380-132-LP26,13.1959,7.1614,9,"insumos clinicos, upla, solicitud, clinicos"
1428275-10-L126,17.8752,10.5009,21,"cultural, produccion, artes, culturales"
1491-19-LE26,13.5384,6.7697,15,"bmc, equipos, repuestos, chee"
1540-105-LP26,15.3653,8.3098,0,"mejoramiento, construccion, plaza, reposicion"
1641-199-LR26,15.9586,8.7806,0,"mejoramiento, construccion, plaza, reposicion"
1658-225-B226,11.0837,9.6433,13,"electrico, electrica, electricos, sistema electrico"
1660-141-LE26,12.8807,8.6632,31,"bombas, infusion, ventanas, combustible"
1671-35-LE26,13.7038,4.0822,7,"medicamentos, medicos, farmacos, insumos medicos"
1700-14-LE26,10.672,9.6497,13,"electrico, electrica, electricos, sistema electrico"
1704-31-LP26,13.1266,10.1311,-1,Sin tema
1705-23-LE26,13.3241,9.7984,29,"mantencion preventiva, preventiva, preventiva correctiva, correctiva"
1725-213-LE26,15.1966,11.1748,-1,Sin tema
1757-11-LE26,16.8008,12.0936,1,"produccion, habitabilidad, navidad, juguetes"
1851-31-LE26,11.5956,7.8688,-1,Sin tema
2018-34-L126,16.9691,9.6622,-1,Sin tema
2101-167-L126,13.0657,8.5279,-1,Sin tema
1459-20-CO26,14.9486,7.3563,0,"mejoramiento, construccion, plaza, reposicion"
1469-256-L126,16.9851,9.5278,-1,Sin tema
1469-258-L126,15.3607,10.0127,-1,Sin tema
1469-85-LP26,15.1311,10.8204,18,"produccion, produccion integral, integral, produccion eventos"
1480074-14-L126,13.3411,13.6117,4,"cursos, educacionales, establecimientos educacionales, chinchorro"
1495205-5-LE26,14.56,5.3408,-1,Sin tema
1515304-186-LP26,14.7905,9.7735,0,"mejoramiento, construccion, plaza, reposicion"
1561-17-LP26,12.2622,10.7518,5,"seguridad, guardias, proteccion, proteccion personal"
1562-76-LE26,12.4154,12.4948,12,"software, licencias, renovacion, renovacion licencias"
1641-122-LP26,10.8211,11.3436,-1,Sin tema
1660-152-L126,13.5989,2.9278,2,"ninos, provincial, rio, jose"
1870-9-CO25,15.2022,9.46,0,"mejoramiento, construccion, plaza, reposicion"
188-65-LE26,15.9861,9.933,0,"mejoramiento, construccion, plaza, reposicion"
2009-6-LE26,17.1769,8.8362,0,"mejoramiento, construccion, plaza, reposicion"
2062-7-L126,16.5664,4.6576,6,"alimentacion, break, alojamiento, com"
2101-161-L126,15.8174,7.0351,-1,Sin tema
2111-200-LP26,12.5565,6.851,11,"sol, solucion, solicitud, ecs"
2111-224-LP26,14.9081,8.4466,-1,Sin tema
2111-272-LE26,15.4327,8.7942,0,"mejoramiento, construccion, plaza, reposicion"
2126-138-LR26,14.214,7.2495,-1,Sin tema
2216-23-O126,16.8409,6.9777,24,"farmacia, planta, farmacos, plantas"
2263-72-LP26,16.0319,9.8582,0,"mejoramiento, construccion, plaza, reposicion"
2274-52-LE26,16.1691,11.3465,1,"produccion, habitabilidad, navidad, juguetes"
2424-89-L126,12.1716,10.6586,5,"seguridad, guardias, proteccion, proteccion personal"
2446-258-LR26,16.793,12.0863,1,"produccion, habitabilidad, navidad, juguetes"
2455-101-LP25,17.1096,8.3195,0,"mejoramiento, construccion, plaza, reposicion"
2591-179-LP26,17.5981,8.1668,0,"mejoramiento, construccion, plaza, reposicion"
2595-109-LE26,16.0596,10.8018,26,"municipales, salud solicitud, area salud, solicitud"
2686-122-LE26,14.7791,9.2042,0,"mejoramiento, construccion, plaza, reposicion"
2693-42-LE26,16.4876,12.3738,1,"produccion, habitabilidad, navidad, juguetes"
2702-46-LE26,16.8195,10.9677,1,"produccion, habitabilidad, navidad, juguetes"
2710-53-LE26,16.4516,9.1182,-1,Sin tema
2741-66-LE26,14.7827,8.2132,-1,Sin tema
2766-127-L126,12.4055,7.831,-1,Sin tema
2766-138-L126,15.1803,8.1433,-1,Sin tema
2793-111-LE26,14.6152,9.857,0,"mejoramiento, construccion, plaza, reposicion"
2794-19-LE26,11.9935,9.6148,30,"agua, agua purificada, purificada, aguas"
2817-67-LE26,15.8459,8.7531,0,"mejoramiento, construccion, plaza, reposicion"
2852-64-LE26,13.0216,9.0919,22,"aire, aire acondicionado, acondicionado, fuera"
2958-6-LP26,13.8001,10.188,-1,Sin tema
2981-285-LE26,12.9139,10.8695,5,"seguridad, guardias, proteccion, proteccion personal"
2042-15-LP26,17.6664,8.3461,0,"mejoramiento, construccion, plaza, reposicion"
2069-186-LR26,13.2817,6.705,-1,Sin tema
2111-175-LE26,13.9448,7.2138,-1,Sin tema
2133-86-LP26,15.1755,5.1624,27,"biobio, zona, carabineros, compatible"
2277-20-LP26,10.6842,11.7259,28,"televigilancia, sistema, instalacion sistema, instalacion"
2288-30-LE26,12.2167,11.6945,12,"software, licencias, renovacion, renovacion licencias"
2306-35-LE26,15.1683,7.726,-1,Sin tema
2322-96-LP26,17.0225,7.8052,-1,Sin tema
2324-119-LE26,15.9222,11.0048,-1,Sin tema
2328-58-L126,15.7672,9.0318,0,"mejoramiento, construccion, plaza, reposicion"
2342-39-LR26,15.8884,10.0284,0,"mejoramiento, construccion, plaza, reposicion"
2369-92-LE26,16.7023,11.2623,1,"produccion, habitabilidad, navidad, juguetes"
2427-95-LE26,14.8571,11.1036,18,"produccion, produccion integral, integral, produccion eventos"
2445-120-L126,12.9495,8.54,31,"bombas, infusion, ventanas, combustible"
2446-284-LE26,16.068,7.4775,0,"mejoramiento, construccion, plaza, reposicion"
2446-299-LE26,15.9687,8.1243,-1,Sin tema
2448-137-L126,15.5311,8.9452,0,"mejoramiento, construccion, plaza, reposicion"
2455-54-LE26,16.6072,11.4877,1,"produccion, habitabilidad, navidad, juguetes"
2460-121-LE26,16.048,10.7484,26,"municipales, salud solicitud, area salud, solicitud"
2547-13-LE26,11.0718,8.4305,3,"materiales, material, materiales construccion, proyecto"
2658-335-L126,15.1205,7.777,0,"mejoramiento, construccion, plaza, reposicion"
2674-45-LE26,17.7049,10.2341,21,"cultural, produccion, artes, culturales"
2686-109-LE26,15.4819,9.2106,0,"mejoramiento, construccion, plaza, reposicion"
2713-186-LE26,13.6687,9.0377,-1,Sin tema
2723-72-LE26,11.4562,9.1698,3,"materiales, material, materiales construccion, proyecto"
2770-93-LR26,15.9907,10.7564,26,"municipales, salud solicitud, area salud, solicitud"
2777-11-LE26,12.043,8.6592,-1,Sin tema
2794-21-LP26,17.121,8.7415,0,"mejoramiento, construccion, plaza, reposicion"
2981-228-LE26,16.6594,9.5231,-1,Sin tema
29-83-LP26,13.2755,7.4431,-1,Sin tema
299-16-LP26,13.4371,9.8119,-1,Sin tema
299-27-LE26,10.5674,6.37,19,"led, laser, pantalla, arriendo"
3017-68-LE26,12.9317,10.7444,5,"seguridad, guardias, proteccion, proteccion personal"
3033-10-LR26,14.9277,8.0412,0,"mejoramiento, construccion, plaza, reposicion"
3082-9-LE26,16.4906,12.3942,1,"produccion, habitabilidad, navidad, juguetes"
3100-6-LE26,14.7701,9.84,0,"mejoramiento, construccion, plaza, reposicion"
3100-9-L126,15.6273,9.2714,0,"mejoramiento, construccion, plaza, reposicion"
3134-78-LE26,15.9698,10.3911,0,"mejoramiento, construccion, plaza, reposicion"
3138-14-LE26,12.5933,9.2737,22,"aire, aire acondicionado, acondicionado, fuera"
3206-31-L126,15.7609,8.2002,0,"mejoramiento, construccion, plaza, reposicion"
3480-20-LE26,10.8909,8.2371,3,"materiales, material, materiales construccion, proyecto"
3530-21-L126,13.6094,10.4958,-1,Sin tema
3588-44-LE26,17.337,8.0779,-1,Sin tema
3621-62-LE26,15.4733,9.8281,0,"mejoramiento, construccion, plaza, reposicion"
3634-22-LP26,17.592,8.5173,0,"mejoramiento, construccion, plaza, reposicion"
3686-30-LP26,16.9208,10.9435,1,"produccion, habitabilidad, navidad, juguetes"
2107-156-LE26,14.1229,7.7532,-1,Sin tema
2157-144-LP26,14.9941,7.8055,-1,Sin tema
2189-9-LE26,17.07,9.9316,-1,Sin tema
2239-6-LR25,12.4477,9.4027,22,"aire, aire acondicionado, acondicionado, fuera"
2263-83-LE26,13.0685,9.1788,-1,Sin tema
2282-104-LP26,17.75,8.3746,0,"mejoramiento, construccion, plaza, reposicion"
2306-33-LE26,14.8629,12.1961,16,"social, fiscal, fiscales, sede social"
2311-41-L126,11.2273,11.9059,14,"internet, fija, movil, satelital"
2385-57-LE26,12.7986,10.743,5,"seguridad, guardias, proteccion, proteccion personal"
2402-91-L126,16.6311,4.6012,6,"alimentacion, break, alojamiento, com"
2421-32-LP26,15.5536,6.9084,0,"mejoramiento, construccion, plaza, reposicion"
2423-68-LR26,15.0283,8.4568,-1,Sin tema
2427-94-LE26,17.7171,10.2546,21,"cultural, produccion, artes, culturales"
2445-129-L126,13.7046,7.7167,-1,Sin tema
2448-139-L126,10.641,11.7853,28,"televigilancia, sistema, instalacion sistema, instalacion"
2462-34-LE26,16.4651,8.9127,-1,Sin tema
2483-220-LE26,15.9616,9.7619,0,"mejoramiento, construccion, plaza, reposicion"
2490-94-LR26,10.9634,11.814,14,"internet, fija, movil, satelital"
2494-87-LE26,10.7809,8.2864,3,"materiales, material, materiales construccion, proyecto"
2600-29-LE26,15.9831,10.8135,26,"municipales, salud solicitud, area salud, solicitud"
2663-80-LE26,16.6669,8.0603,-1,Sin tema
2667-113-LE26,14.3744,9.7026,-1,Sin tema
2667-80-LE26,12.2657,8.2236,-1,Sin tema
2713-176-LE26,12.7495,7.2052,9,"insumos clinicos, upla, solicitud, clinicos"
2713-187-LP26,12.5035,9.4752,10,"transporte, escolar, turismo, disposicion"
2741-67-LP26,16.3729,7.9974,0,"mejoramiento, construccion, plaza, reposicion"
2785-84-LE26,12.479,11.5046,12,"software, licencias, renovacion, renovacion licencias"
2791-22-LE26,14.6154,7.9079,0,"mejoramiento, construccion, plaza, reposicion"
2859-42-LE26,16.2439,11.6966,1,"produccion, habitabilidad, navidad, juguetes"
3138-15-LE26,15.4996,7.3554,0,"mejoramiento, construccion, plaza, reposicion"
3138-20-LE26,15.0963,7.9444,0,"mejoramiento, construccion, plaza, reposicion"
3153-13-LE26,16.6522,10.0347,-1,Sin tema
316-60-LE26,16.4436,11.8695,1,"produccion, habitabilidad, navidad, juguetes"
3206-30-L126,15.5087,8.0108,0,"mejoramiento, construccion, plaza, reposicion"
3240-17-LE26,15.8977,10.5196,0,"mejoramiento, construccion, plaza, reposicion"
3265-55-LE26,17.6708,10.2175,21,"cultural, produccion, artes, culturales"
3375-14-LE26,10.7459,7.9309,3,"materiales, material, materiales construccion, proyecto"
3453-67-LE26,16.0546,8.0738,0,"mejoramiento, construccion, plaza, reposicion"
3459-28-L126,16.4816,11.4899,1,"produccion, habitabilidad, navidad, juguetes"
3015-52-LE26,15.3298,8.0815,0,"mejoramiento, construccion, plaza, reposicion"
3086-73-LE26,16.1615,9.944,0,"mejoramiento, construccion, plaza, reposicion"
3134-92-LE26,13.5834,8.3578,-1,Sin tema
3172-67-LP26,16.8448,6.9918,24,"farmacia, planta, farmacos, plantas"
3179-59-LE26,16.4646,8.6112,0,"mejoramiento, construccion, plaza, reposicion"
3179-68-LE26,16.776,8.4587,0,"mejoramiento, construccion, plaza, reposicion"
3179-70-LE26,14.9457,7.7314,0,"mejoramiento, construccion, plaza, reposicion"
3179-71-LE26,14.1909,8.6225,0,"mejoramiento, construccion, plaza, reposicion"
3179-74-LE26,14.3923,9.0364,-1,Sin tema
3287-26-LE26,15.8354,8.8104,0,"mejoramiento, construccion, plaza, reposicion"
331-19-O126,14.5883,7.9921,-1,Sin tema
3328-67-LE26,12.4623,7.1754,-1,Sin tema
3416-75-LE26,11.3822,8.5329,-1,Sin tema
3416-77-LE26,15.1559,7.837,0,"mejoramiento, construccion, plaza, reposicion"
3516-50-LR26,11.3924,12.0496,14,"internet, fija, movil, satelital"
3540-66-L126,15.6363,7.9285,-1,Sin tema
355-29-LP26,15.5697,8.1034,0,"mejoramiento, construccion, plaza, reposicion"
3661-23-LE26,16.3927,12.4157,1,"produccion, habitabilidad, navidad, juguetes"
3710-95-L126,16.6031,4.5843,6,"alimentacion, break, alojamiento, com"
3890-208-L126,13.7168,6.75,15,"bmc, equipos, repuestos, chee"
3929-59-LP26,10.559,6.3393,19,"led, laser, pantalla, arriendo"
3935-59-LE26,13.6378,12.0354,10,"transporte, escolar, turismo, disposicion"
3935-98-LE26,13.6712,12.4023,10,"transporte, escolar, turismo, disposicion"
4023-27-LE26,15.7848,10.9296,1,"produccion, habitabilidad, navidad, juguetes"
4053-45-LE26,16.1647,8.0035,-1,Sin tema
4055-87-LE26,10.5288,8.454,3,"materiales, material, materiales construccion, proyecto"
4099-27-LE26,16.8898,6.805,17,"laboratorio, cen, automotriz, panel"
4229-18-LE26,15.879,8.3794,0,"mejoramiento, construccion, plaza, reposicion"
4284-152-E226,12.0079,7.4263,-1,Sin tema
4290-65-LE26,11.3147,11.6797,14,"internet, fija, movil, satelital"
4295-41-LP26,17.0891,8.5859,0,"mejoramiento, construccion, plaza, reposicion"
4295-82-LP26,16.9345,10.7865,1,"produccion, habitabilidad, navidad, juguetes"
4644-7-LE26,10.9531,11.6885,-1,Sin tema
4809-60-LE26,15.6406,7.9385,0,"mejoramiento, construccion, plaza, reposicion"
4867-9-LE26,14.4543,8.0595,0,"mejoramiento, construccion, plaza, reposicion"
4881-47-L126,17.9315,10.4417,21,"cultural, produccion, artes, culturales"
5060-38-L126,14.4169,9.4841,-1,Sin tema
5067-119-L126,12.1065,7.9976,-1,Sin tema
507428-129-LE26,13.833,3.4185,2,"ninos, provincial, rio, jose"
5282-41-LP26,16.9065,6.8722,-1,Sin tema
548850-4-LE26,16.502,4.8882,6,"alimentacion, break, alojamiento, com"
552975-47-R126,15.33,8.3266,0,"mejoramiento, construccion, plaza, reposicion"
584105-10-LE26,14.2778,10.6912,0,"mejoramiento, construccion, plaza, reposicion"
1002588-99-L126,13.364,13.5897,4,"cursos, educacionales, establecimientos educacionales, chinchorro"
1049-71-LE26,16.9163,11.1366,1,"produccion, habitabilidad, navidad, juguetes"
1052642-1-LP26,12.8367,10.5745,5,"seguridad, guardias, proteccion, proteccion personal"
1057379-24-CO26,14.9758,10.0789,0,"mejoramiento, construccion, plaza, reposicion"
1057430-53-LE26,13.8755,5.5582,-1,Sin tema
1057430-55-LE26,14.1979,5.3681,8,"odontologicos, insumos odontologicos, instrumental, anatomia"
1057438-20-LE26,13.4959,3.1658,2,"ninos, provincial, rio, jose"
1057439-127-LE26,17.799,8.711,0,"mejoramiento, construccion, plaza, reposicion"
1057492-136-LE26,14.8097,9.5696,0,"mejoramiento, construccion, plaza, reposicion"
1057496-32-LE26,13.773,3.0691,2,"ninos, provincial, rio, jose"
1057500-69-LE26,14.2516,10.6728,0,"mejoramiento, construccion, plaza, reposicion"
1057503-138-LE26,13.8947,4.711,-1,Sin tema
1057545-109-LP26,14.5321,9.9553,0,"mejoramiento, construccion, plaza, reposicion"
1058012-33-LP26,14.4443,4.4765,7,"medicamentos, medicos, farmacos, insumos medicos"
1058078-63-LE26,14.2193,5.2096,8,"odontologicos, insumos odontologicos, instrumental, anatomia"
1058134-59-LP26,14.4202,4.5987,7,"medicamentos, medicos, farmacos, insumos medicos"
1063487-40-O126,16.3835,8.9139,0,"mejoramiento, construccion, plaza, reposicion"
1063538-235-LR26,14.8695,10.3281,0,"mejoramiento, construccion, plaza, reposicion"
1067476-40-L126,12.6771,10.9467,5,"seguridad, guardias, proteccion, proteccion personal"
1070620-114-LE26,13.8236,7.8393,-1,Sin tema
1072229-42-E226,13.5711,13.2996,4,"cursos, educacionales, establecimientos educacionales, chinchorro"
1078333-19-LE26,15.9528,4.8991,-1,Sin tema
1078333-22-LE26,15.6908,4.9767,-1,Sin tema
1079639-24-LE26,16.7474,7.9964,0,"mejoramiento, construccion, plaza, reposicion"
1081988-4-L126,13.3541,3.4818,2,"ninos, provincial, rio, jose"
1111432-70-LE26,16.6645,4.5927,6,"alimentacion, break, alojamiento, com"
1175-92-LE26,12.0659,7.5149,-1,Sin tema
1209-10-L126,16.4601,9.3525,-1,Sin tema
1230848-51-LP26,14.3038,4.6791,7,"medicamentos, medicos, farmacos, insumos medicos"
1284073-6-LE26,15.2207,8.925,0,"mejoramiento, construccion, plaza, reposicion"
1305525-39-LE26,14.9727,9.7651,0,"mejoramiento, construccion, plaza, reposicion"
1375758-7-LE26,13.3766,13.5707,4,"cursos, educacionales, establecimientos educacionales, chinchorro"
1398-109-L126,14.4311,5.8314,8,"odontologicos, insumos odontologicos, instrumental, anatomia"
1413007-6-LE26,15.2267,7.2942,-1,Sin tema
1469-209-L126,17.6473,10.2352,21,"cultural, produccion, artes, culturales"
1469-259-L126,15.3831,10.0834,-1,Sin tema
3495-23-LE26,14.6848,4.9365,-1,Sin tema
3524-7-LP26,15.1013,10.6903,-1,Sin tema
3588-55-LE26,14.8133,8.118,-1,Sin tema
3708-42-LE26,11.8691,7.8605,-1,Sin tema
3709-59-LE26,13.64,11.968,10,"transporte, escolar, turismo, disposicion"
3712-70-LE26,17.1642,9.4147,0,"mejoramiento, construccion, plaza, reposicion"
3729-93-LE26,16.1693,4.7947,-1,Sin tema
3784-71-LE26,16.3819,12.0011,1,"produccion, habitabilidad, navidad, juguetes"
3843-36-L126,16.1477,9.3149,0,"mejoramiento, construccion, plaza, reposicion"
3934-40-CO26,15.6675,9.3488,0,"mejoramiento, construccion, plaza, reposicion"
4232-6-LE26,10.5886,9.7695,13,"electrico, electrica, electricos, sistema electrico"
4238-78-L126,16.7798,11.9515,1,"produccion, habitabilidad, navidad, juguetes"
4281-14-LE26,14.5583,7.9873,0,"mejoramiento, construccion, plaza, reposicion"
4284-151-E226,15.4476,11.308,-1,Sin tema
4295-78-LP26,11.0509,8.5754,3,"materiales, material, materiales construccion, proyecto"
4295-87-LE26,16.6197,8.2387,0,"mejoramiento, construccion, plaza, reposicion"
4371-5-LP26,17.5403,8.6585,0,"mejoramiento, construccion, plaza, reposicion"
4465-16-LE26,15.1956,6.9346,0,"mejoramiento, construccion, plaza, reposicion"
4469-154-LE26,12.5635,7.1425,-1,Sin tema
4469-191-L126,12.5638,7.6817,9,"insumos clinicos, upla, solicitud, clinicos"
4469-192-L126,12.5393,7.5613,9,"insumos clinicos, upla, solicitud, clinicos"
4642-93-LP26,5.956,2.9473,20,"protesis, removibles, instrumental, destinado"
4809-58-LE26,14.3885,6.7094,-1,Sin tema
4809-61-LP26,17.0167,8.084,0,"mejoramiento, construccion, plaza, reposicion"
4809-62-LE26,15.73,7.956,0,"mejoramiento, construccion, plaza, reposicion"
483-49-LE26,5.9289,2.9515,20,"protesis, removibles, instrumental, destinado"
48-34-LP26,14.1543,11.0738,-1,Sin tema
4858-60-LP26,17.4149,8.7532,0,"mejoramiento, construccion, plaza, reposicion"
4886-31-LE26,14.8177,11.2019,18,"produccion, produccion integral, integral, produccion eventos"
4928-26-LE26,11.3936,12.0048,14,"internet, fija, movil, satelital"
4928-9-LP26,14.5746,7.9313,0,"mejoramiento, construccion, plaza, reposicion"
4963-14-LE26,16.8411,11.7427,1,"produccion, habitabilidad, navidad, juguetes"
5061-33-L126,13.2471,3.4016,2,"ninos, provincial, rio, jose"
5067-153-L126,12.1707,8.1748,-1,Sin tema
507428-128-LP26,15.471,9.3252,0,"mejoramiento, construccion, plaza, reposicion"
5153-11-LE26,14.1754,8.3221,-1,Sin tema
5349-90-LR26,13.3455,3.2968,2,"ninos, provincial, rio, jose"
548864-8-L126,12.5064,10.388,5,"seguridad, guardias, proteccion, proteccion personal"
552975-41-LE26,12.9011,10.7389,5,"seguridad, guardias, proteccion, proteccion personal"
5586-157-LE26,11.4784,8.5325,-1,Sin tema
1002588-104-LE26,12.0356,9.1423,17,"laboratorio, cen, automotriz, panel"
1051425-45-LP26,11.0551,7.8083,3,"materiales, material, materiales construccion, proyecto"
1056854-9-L126,13.0978,13.4141,4,"cursos, educacionales, establecimientos educacionales, chinchorro"
1057049-349-LE26,13.1923,7.2537,-1,Sin tema
1057417-263-CO26,14.23,5.3018,8,"odontologicos, insumos odontologicos, instrumental, anatomia"
1057421-34-LE26,15.7469,8.5365,0,"mejoramiento, construccion, plaza, reposicion"
1057421-36-LE26,13.6613,3.2363,2,"ninos, provincial, rio, jose"
1057429-95-LE26,10.712,10.9503,-1,Sin tema
1057430-54-LE26,11.3552,6.8375,19,"led, laser, pantalla, arriendo"
1057432-94-L126,14.522,9.6236,-1,Sin tema
1057439-94-LE26,11.529,10.9933,-1,Sin tema
1057448-42-LE26,12.8377,10.8297,5,"seguridad, guardias, proteccion, proteccion personal"
1057489-312-LP26,13.7908,4.8769,-1,Sin tema
1057509-255-LE26,15.8977,8.1934,0,"mejoramiento, construccion, plaza, reposicion"
1057539-157-LR26,14.4156,5.7645,8,"odontologicos, insumos odontologicos, instrumental, anatomia"
1057540-76-LP26,14.1387,4.745,7,"medicamentos, medicos, farmacos, insumos medicos"
1057545-108-LE26,15.1576,7.1577,0,"mejoramiento, construccion, plaza, reposicion"
1058023-2-LE26,14.3745,4.5717,7,"medicamentos, medicos, farmacos, insumos medicos"
1058085-108-LP26,13.8458,7.7163,-1,Sin tema
1071775-16-LE26,16.8416,11.983,1,"produccion, habitabilidad, navidad, juguetes"
1077241-10-L126,16.7351,4.5511,6,"alimentacion, break, alojamiento, com"
1079445-42-LE26,16.6905,8.6152,0,"mejoramiento, construccion, plaza, reposicion"
1080089-33-LR26,15.125,11.2459,1,"produccion, habitabilidad, navidad, juguetes"
1080289-14-L126,12.2721,8.4554,17,"laboratorio, cen, automotriz, panel"
1086094-2-LE26,13.1712,8.0139,-1,Sin tema
1108338-47-LE26,14.1609,8.9942,0,"mejoramiento, construccion, plaza, reposicion"
1126920-32-LE26,15.8606,10.5051,-1,Sin tema
1216085-61-LE26,14.9413,7.7442,0,"mejoramiento, construccion, plaza, reposicion"
1217466-28-LE26,13.102,10.3775,5,"seguridad, guardias, proteccion, proteccion personal"
1233616-62-LE26,14.2111,9.298,-1,Sin tema
1237328-67-L126,15.4752,9.9841,-1,Sin tema
1238167-6-LE26,15.9151,7.5902,0,"mejoramiento, construccion, plaza, reposicion"
1242121-18-LE26,16.8509,11.7036,1,"produccion, habitabilidad, navidad, juguetes"
1247197-70-LE26,15.0585,7.5494,0,"mejoramiento, construccion, plaza, reposicion"
1265-6-O126,16.579,7.1529,-1,Sin tema
1288-37-LE26,16.9953,8.4257,0,"mejoramiento, construccion, plaza, reposicion"
1298354-26-LE26,15.0967,7.9317,-1,Sin tema
1305525-44-LP26,13.461,13.4825,4,"cursos, educacionales, establecimientos educacionales, chinchorro"
1331-7-LP26,13.8087,9.8505,-1,Sin tema
1340-52-LP26,11.8798,8.5541,-1,Sin tema
1351-6-LP26,14.8126,9.6036,-1,Sin tema
1375757-32-LP26,12.4433,12.4655,12,"software, licencias, renovacion, renovacion licencias"
1481-18-L126,14.1388,10.5321,0,"mejoramiento, construccion, plaza, reposicion"
1488-41-LP26,13.435,9.928,29,"mantencion preventiva, preventiva, preventiva correctiva, correctiva"
1506-25-LP26,15.2269,9.0661,0,"mejoramiento, construccion, plaza, reposicion"
1515304-185-LE26,14.2518,6.838,15,"bmc, equipos, repuestos, chee"
1536771-9-LE26,15.0723,12.6553,16,"social, fiscal, fiscales, sede social"
1540667-10-B226,16.6096,4.6192,6,"alimentacion, break, alojamiento, com"
1549-101-LE26,14.0677,6.4758,15,"bmc, equipos, repuestos, chee"
1552-74-LP26,15.6325,8.573,0,"mejoramiento, construccion, plaza, reposicion"
1592-12-LP26,15.2389,10.877,18,"produccion, produccion integral, integral, produccion eventos"
1606-5-LP26,15.784,9.6595,0,"mejoramiento, construccion, plaza, reposicion"
1638-94-LE26,12.3604,12.5796,12,"software, licencias, renovacion, renovacion licencias"
1655-38-LE26,13.823,7.3566,-1,Sin tema
1735-54-LR26,17.2167,8.4688,0,"mejoramiento, construccion, plaza, reposicion"
2012-6-LP26,13.3394,9.5239,23,"sistema, tecnico, sistemas, control"
2099-52-L126,15.8486,9.7959,0,"mejoramiento, construccion, plaza, reposicion"
2111-278-LE26,15.0322,8.8973,0,"mejoramiento, construccion, plaza, reposicion"
2126-119-LE26,16.7617,12.0519,1,"produccion, habitabilidad, navidad, juguetes"
2258-111-LR26,13.9233,9.7901,-1,Sin tema
2263-73-LE26,13.0966,9.207,-1,Sin tema
2263-85-LE26,12.9988,9.2007,-1,Sin tema
2273-53-LE26,13.5477,11.8312,10,"transporte, escolar, turismo, disposicion"
2287-20-L126,15.4677,9.9005,-1,Sin tema
2322-97-LP26,17.157,7.9058,-1,Sin tema
2402-95-LE26,16.5417,8.5682,0,"mejoramiento, construccion, plaza, reposicion"
2410-127-L126,13.6772,4.8326,-1,Sin tema
2423-62-LP26,17.1062,9.2321,0,"mejoramiento, construccion, plaza, reposicion"
2445-108-LP26,11.4444,12.0627,14,"internet, fija, movil, satelital"
2450-87-LE26,12.8727,10.8017,5,"seguridad, guardias, proteccion, proteccion personal"
2490-93-LE26,13.801,9.2081,23,"sistema, tecnico, sistemas, control"
2563-32-LP26,10.694,11.6578,28,"televigilancia, sistema, instalacion sistema, instalacion"
2658-342-L126,16.4006,8.3373,-1,Sin tema
2663-82-LE26,16.4272,12.4896,1,"produccion, habitabilidad, navidad, juguetes"
2664-35-LE26,12.4409,6.925,11,"sol, solucion, solicitud, ecs"
2675-102-CO26,14.886,9.8497,0,"mejoramiento, construccion, plaza, reposicion"
2710-68-LE26,10.6833,9.642,13,"electrico, electrica, electricos, sistema electrico"
2730-126-LE26,12.6513,10.9073,5,"seguridad, guardias, proteccion, proteccion personal"
2765-61-L126,16.2938,6.9131,-1,Sin tema
2770-133-I226,16.0412,10.1901,0,"mejoramiento, construccion, plaza, reposicion"
3688-3-LE26,11.4825,12.0356,14,"internet, fija, movil, satelital"
3755-6-LP26,11.7043,11.6505,14,"internet, fija, movil, satelital"
3838-81-CO26,16.4814,11.2952,1,"produccion, habitabilidad, navidad, juguetes"
3890-171-L126,11.0421,8.3306,3,"materiales, material, materiales construccion, proyecto"
3890-188-L126,11.4372,8.7486,3,"materiales, material, materiales construccion, proyecto"
3928-60-LE26,16.1909,7.1248,-1,Sin tema
3996-42-L126,13.6721,4.0022,7,"medicamentos, medicos, farmacos, insumos medicos"
418-60-LE26,14.3891,10.4404,0,"mejoramiento, construccion, plaza, reposicion"
4469-167-L126,12.48,7.6996,9,"insumos clinicos, upla, solicitud, clinicos"
4642-94-LE26,5.8768,3.0023,20,"protesis, removibles, instrumental, destinado"
4689-23-LE26,15.1261,6.6612,-1,Sin tema
4732-25-LP26,16.193,10.6547,26,"municipales, salud solicitud, area salud, solicitud"
5040-12-LE26,12.2278,9.6128,17,"laboratorio, cen, automotriz, panel"
5061-34-L126,14.2039,4.1809,7,"medicamentos, medicos, farmacos, insumos medicos"
509876-7-LP26,12.8434,10.805,5,"seguridad, guardias, proteccion, proteccion personal"
523059-12-LE26,12.8375,8.5827,13,"electrico, electrica, electricos, sistema electrico"
527666-12-LE26,13.7655,10.8057,0,"mejoramiento, construccion, plaza, reposicion"
548874-77-LR26,10.9561,9.8832,13,"electrico, electrica, electricos, sistema electrico"
552975-75-CO26,13.4115,9.6253,29,"mantencion preventiva, preventiva, preventiva correctiva, correctiva"
558869-62-LE26,12.8132,12.2046,12,"software, licencias, renovacion, renovacion licencias"
5752-15-LR26,16.3946,8.1167,-1,Sin tema
5752-21-LE26,16.4946,12.3758,1,"produccion, habitabilidad, navidad, juguetes"
584146-11-LP26,15.8295,7.696,0,"mejoramiento, construccion, plaza, reposicion"
5858-10-LP26,17.0675,9.9311,-1,Sin tema
5908-30-LP26,17.577,8.1637,0,"mejoramiento, construccion, plaza, reposicion"
598-29-LE26,16.0483,9.6052,-1,Sin tema
608-146-LP26,15.6123,8.1767,0,"mejoramiento, construccion, plaza, reposicion"
608-174-LP26,15.3409,6.7703,0,"mejoramiento, construccion, plaza, reposicion"
608-185-LP26,14.5305,5.7134,8,"odontologicos, insumos odontologicos, instrumental, anatomia"
621-538-LP26,12.0281,6.5922,11,"sol, solucion, solicitud, ecs"
621-585-LR26,12.0641,6.6193,11,"sol, solucion, solicitud, ecs"
621-656-LP26,12.0609,6.6872,11,"sol, solucion, solicitud, ecs"
621-805-LP26,12.095,6.6321,11,"sol, solucion, solicitud, ecs"
621-913-LE26,13.5192,7.8058,-1,Sin tema
704093-137-LP26,9.9466,6.9167,-1,Sin tema
733913-15-LP26,16.0665,7.687,0,"mejoramiento, construccion, plaza, reposicion"
812799-58-LP26,14.0855,11.839,10,"transporte, escolar, turismo, disposicion"
838100-8-LE26,12.29,9.5473,17,"laboratorio, cen, automotriz, panel"
867990-86-L126,12.0501,7.5659,-1,Sin tema
870-11-LE26,15.2156,8.4906,0,"mejoramiento, construccion, plaza, reposicion"
979-46-LE26,13.8099,10.8449,0,"mejoramiento, construccion, plaza, reposicion"
584105-39-LE26,10.6922,9.7901,13,"electrico, electrica, electricos, sistema electrico"
608-117-LP26,5.9413,2.931,20,"protesis, removibles, instrumental, destinado"
608-134-LR26,13.5222,5.3881,-1,Sin tema
608-151-LP26,15.5733,6.9264,0,"mejoramiento, construccion, plaza, reposicion"
621-577-LR26,13.1624,7.1243,9,"insumos clinicos, upla, solicitud, clinicos"
621-607-LR26,12.0629,6.719,11,"sol, solucion, solicitud, ecs"
621-810-LP26,12.5724,6.86,11,"sol, solucion, solicitud, ecs"
621-911-LR26,12.8883,7.0298,9,"insumos clinicos, upla, solicitud, clinicos"
622-65-LE26,10.6955,11.7,28,"televigilancia, sistema, instalacion sistema, instalacion"
704093-72-O126,9.9258,6.9125,-1,Sin tema
707415-36-LE26,15.9491,7.1936,0,"mejoramiento, construccion, plaza, reposicion"
707419-46-L126,15.2466,9.5597,-1,Sin tema
707419-47-L126,11.0655,9.742,13,"electrico, electrica, electricos, sistema electrico"
707426-37-L126,11.1289,9.5669,13,"electrico, electrica, electricos, sistema electrico"
707428-32-LE26,15.9488,8.3972,0,"mejoramiento, construccion, plaza, reposicion"
707429-31-LP26,16.7058,9.0107,0,"mejoramiento, construccion, plaza, reposicion"
707429-36-LE26,16.1325,8.5648,-1,Sin tema
711841-17-LE26,10.8515,7.8335,3,"materiales, material, materiales construccion, proyecto"
728-12-LE26,10.8478,8.2794,3,"materiales, material, materiales construccion, proyecto"
733913-13-LP26,16.0765,7.6068,0,"mejoramiento, construccion, plaza, reposicion"
734-49-LE26,13.5482,9.1687,23,"sistema, tecnico, sistemas, control"
769-88-LE26,14.61,6.3028,-1,Sin tema
777304-66-LE26,15.7356,8.2257,0,"mejoramiento, construccion, plaza, reposicion"
788110-39-LP26,16.5969,6.7667,24,"farmacia, planta, farmacos, plantas"
816696-10-LR26,17.2551,8.8272,0,"mejoramiento, construccion, plaza, reposicion"
838108-12-L126,11.3351,8.9581,3,"materiales, material, materiales construccion, proyecto"
845-19-LR26,16.5948,8.4481,0,"mejoramiento, construccion, plaza, reposicion"
85-25-LR26,16.547,11.7874,1,"produccion, habitabilidad, navidad, juguetes"
898-155-LE26,14.6017,6.6322,-1,Sin tema
907562-7-LE26,14.9751,9.1918,-1,Sin tema
948-27-L126,13.5114,13.394,4,"cursos, educacionales, establecimientos educacionales, chinchorro"
948356-155-LE26,16.2306,7.8635,0,"mejoramiento, construccion, plaza, reposicion"
996-29-LP26,12.8175,10.7313,5,"seguridad, guardias, proteccion, proteccion personal"
577290-4-LP26,12.3879,12.5286,12,"software, licencias, renovacion, renovacion licencias"
584264-43-LP26,14.3096,6.7433,-1,Sin tema
605-16-LE26,13.152,9.1252,22,"aire, aire acondicionado, acondicionado, fuera"
608897-58-CO26,16.4249,7.3929,-1,Sin tema
608-97-LP26,14.253,6.1582,-1,Sin tema
621-491-LE26,13.2462,7.5862,-1,Sin tema
621-593-LR26,12.0855,6.7359,11,"sol, solucion, solicitud, ecs"
621-651-LP26,12.0489,6.5894,11,"sol, solucion, solicitud, ecs"
621-791-LR26,5.9239,2.9519,20,"protesis, removibles, instrumental, destinado"
621-792-LR26,5.9236,2.9488,20,"protesis, removibles, instrumental, destinado"
634-85-LE26,16.6627,4.5872,6,"alimentacion, break, alojamiento, com"
642-28-LP26,10.5599,6.3466,19,"led, laser, pantalla, arriendo"
707423-67-LP26,10.6638,9.779,13,"electrico, electrica, electricos, sistema electrico"
707425-47-E226,15.3891,9.1047,0,"mejoramiento, construccion, plaza, reposicion"
728-14-LE26,10.5648,8.5236,3,"materiales, material, materiales construccion, proyecto"
729-185-LE26,12.7226,8.2505,-1,Sin tema
769-95-LE26,16.0879,10.725,1,"produccion, habitabilidad, navidad, juguetes"
799512-56-LE26,15.3886,8.526,0,"mejoramiento, construccion, plaza, reposicion"
812030-20-LP26,13.6935,9.0386,23,"sistema, tecnico, sistemas, control"
852-34-LE26,16.9033,11.2708,1,"produccion, habitabilidad, navidad, juguetes"
869591-9-LR26,14.5171,10.505,0,"mejoramiento, construccion, plaza, reposicion"
889473-62-LE26,12.8036,7.7058,9,"insumos clinicos, upla, solicitud, clinicos"
929-29-LE26,15.7479,11.3414,1,"produccion, habitabilidad, navidad, juguetes"
937232-88-LE26,15.2288,9.3666,0,"mejoramiento, construccion, plaza, reposicion"
945256-5-LE26,14.4363,7.4859,-1,Sin tema
948354-93-LP26,13.653,3.6904,2,"ninos, provincial, rio, jose"
952751-15-LE26,13.9851,13.0464,4,"cursos, educacionales, establecimientos educacionales, chinchorro"
966131-55-LE26,16.9492,8.6556,0,"mejoramiento, construccion, plaza, reposicion"
1024-50-LE26,16.2785,8.4216,-1,Sin tema
1048-73-LE26,16.8719,9.7197,-1,Sin tema
1049-73-LP26,15.9044,7.5211,0,"mejoramiento, construccion, plaza, reposicion"
1057421-35-LE26,16.631,4.5902,6,"alimentacion, break, alojamiento, com"
1057432-96-B226,14.492,9.8617,0,"mejoramiento, construccion, plaza, reposicion"
1057492-107-LP26,13.9172,9.4043,23,"sistema, tecnico, sistemas, control"
1057501-257-LR26,16.1764,7.6749,0,"mejoramiento, construccion, plaza, reposicion"
1057503-148-LP26,14.1282,3.8979,-1,Sin tema
1057508-125-LP26,12.9689,10.5574,5,"seguridad, guardias, proteccion, proteccion personal"
1057513-25-L126,13.9962,10.7938,0,"mejoramiento, construccion, plaza, reposicion"
1057535-4-LE26,13.593,5.7641,-1,Sin tema
1057539-88-LR26,13.9432,3.4138,2,"ninos, provincial, rio, jose"
1057547-208-LE26,14.2543,7.6637,-1,Sin tema
1057547-426-LE26,14.413,5.8697,8,"odontologicos, insumos odontologicos, instrumental, anatomia"
1057727-15-E226,11.1749,7.0839,19,"led, laser, pantalla, arriendo"
1057858-1-LP26,14.8324,5.9485,-1,Sin tema
1057891-20-LE26,13.9561,3.6247,2,"ninos, provincial, rio, jose"
1057962-9-LE26,13.4196,8.4654,-1,Sin tema
1058900-14-LE26,13.7097,5.5054,-1,Sin tema
1079580-29-LE26,16.7558,7.7436,-1,Sin tema
1079639-26-LE26,14.732,8.1383,0,"mejoramiento, construccion, plaza, reposicion"
1079650-46-L126,13.1677,3.288,2,"ninos, provincial, rio, jose"
1079694-47-LE26,15.0399,7.9498,0,"mejoramiento, construccion, plaza, reposicion"
1079969-22-LE26,11.1886,6.9593,19,"led, laser, pantalla, arriendo"
1110404-222-LE26,13.2887,13.5636,4,"cursos, educacionales, establecimientos educacionales, chinchorro"
1172239-23-LE26,13.3889,13.5816,4,"cursos, educacionales, establecimientos educacionales, chinchorro"
1180730-32-R126,13.8786,8.2289,-1,Sin tema
1193663-3-LP26,14.4911,8.7661,-1,Sin tema
1193663-4-LP26,15.5883,9.7112,0,"mejoramiento, construccion, plaza, reposicion"
1213301-15-LE26,15.5472,11.6356,1,"produccion, habitabilidad, navidad, juguetes"
1224957-57-LE26,14.8463,9.6416,0,"mejoramiento, construccion, plaza, reposicion"
1237328-66-LE26,15.9893,8.1272,0,"mejoramiento, construccion, plaza, reposicion"
1260058-4-LE26,15.5475,8.5047,0,"mejoramiento, construccion, plaza, reposicion"
1289649-12-LP26,16.9623,7.4984,-1,Sin tema
1316692-11-LE26,14.1747,5.9769,8,"odontologicos, insumos odontologicos, instrumental, anatomia"
1336-19-LE26,16.0202,10.0376,-1,Sin tema
1340-53-LP26,11.8982,8.569,-1,Sin tema
1366597-1-LE26,13.4644,3.5236,2,"ninos, provincial, rio, jose"
1388961-54-LE26,15.525,11.5478,1,"produccion, habitabilidad, navidad, juguetes"
1422035-32-LE26,16.8234,11.9562,1,"produccion, habitabilidad, navidad, juguetes"
1426103-3-LR26,11.282,12.0354,14,"internet, fija, movil, satelital"
1469-195-L126,14.4757,5.6637,8,"odontologicos, insumos odontologicos, instrumental, anatomia"
1506-38-LP26,16.4589,11.4577,1,"produccion, habitabilidad, navidad, juguetes"
1506668-15-LP26,16.895,8.7427,0,"mejoramiento, construccion, plaza, reposicion"
1536-8-LP26,15.5194,9.2792,0,"mejoramiento, construccion, plaza, reposicion"
1540667-11-CO26,15.1375,8.1508,0,"mejoramiento, construccion, plaza, reposicion"
1641-371-LP26,14.7173,7.2654,-1,Sin tema
1641-387-LR26,13.2496,8.8703,-1,Sin tema
1641-389-LP26,14.1263,4.5517,7,"medicamentos, medicos, farmacos, insumos medicos"
1641-59-LR26,15.1697,8.8447,0,"mejoramiento, construccion, plaza, reposicion"
1658-247-L126,13.3456,8.0991,-1,Sin tema
1725-194-LE26,14.4146,9.307,-1,Sin tema
1736-104-LP26,14.5278,8.7461,0,"mejoramiento, construccion, plaza, reposicion"
1774-17-LE26,10.7252,11.6976,28,"televigilancia, sistema, instalacion sistema, instalacion"
1851-27-LP26,11.1928,7.7692,3,"materiales, material, materiales construccion, proyecto"
2126-145-LP26,15.2398,5.0778,27,"biobio, zona, carabineros, compatible"
2172-13-LE26,13.7548,7.7926,-1,Sin tema
2289-54-LE26,16.4933,7.972,0,"mejoramiento, construccion, plaza, reposicion"
2332-100-L126,15.4382,9.0296,0,"mejoramiento, construccion, plaza, reposicion"
2332-117-L126,11.6145,11.7572,-1,Sin tema
2332-122-L126,15.9428,9.0843,0,"mejoramiento, construccion, plaza, reposicion"
2426-36-LP26,17.4501,8.8724,0,"mejoramiento, construccion, plaza, reposicion"
2429-35-LE26,16.4074,11.3958,1,"produccion, habitabilidad, navidad, juguetes"
2446-268-LP26,16.8545,11.988,1,"produccion, habitabilidad, navidad, juguetes"
2446-298-LP26,12.8195,9.4853,22,"aire, aire acondicionado, acondicionado, fuera"
2564-29-LE26,17.0057,7.9274,-1,Sin tema
2656-58-LE26,15.8014,12.468,-1,Sin tema
2658-294-L126,15.5178,8.9419,0,"mejoramiento, construccion, plaza, reposicion"
2675-122-LE26,16.2152,11.0028,1,"produccion, habitabilidad, navidad, juguetes"
2709-70-LR26,15.718,8.7053,0,"mejoramiento, construccion, plaza, reposicion"
2765-45-LE26,12.3803,12.5594,12,"software, licencias, renovacion, renovacion licencias"
2788-52-LR26,17.4174,9.0385,0,"mejoramiento, construccion, plaza, reposicion"
2832-36-LE26,11.4903,12.0189,14,"internet, fija, movil, satelital"
2963-29-LE26,13.6328,3.5619,2,"ninos, provincial, rio, jose"
2981-270-LE26,17.4894,9.4446,-1,Sin tema
2997-60-LP26,11.3337,7.1206,19,"led, laser, pantalla, arriendo"
3047-25-LE26,14.8896,10.407,0,"mejoramiento, construccion, plaza, reposicion"
3100-5-LE26,14.8816,9.7539,0,"mejoramiento, construccion, plaza, reposicion"
3109-6-LE26,10.9906,8.5057,3,"materiales, material, materiales construccion, proyecto"
3179-72-LE26,15.6707,7.1568,0,"mejoramiento, construccion, plaza, reposicion"
3179-75-LE26,15.7828,8.3122,0,"mejoramiento, construccion, plaza, reposicion"
3191-104-LE26,16.6028,6.6599,24,"farmacia, planta, farmacos, plantas"
3537-63-LE26,12.1057,9.5864,30,"agua, agua purificada, purificada, aguas"
3540-67-L126,16.8809,6.9275,24,"farmacia, planta, farmacos, plantas"
3542-23-LE26,14.0372,7.7598,-1,Sin tema
3568-27-L126,15.4839,10.3142,-1,Sin tema
3654-34-LE26,13.627,11.9114,10,"transporte, escolar, turismo, disposicion"
3710-86-L126,14.0308,7.0204,-1,Sin tema
3712-69-LE26,15.03,9.1471,-1,Sin tema
3738-20-LE26,17.0581,8.5735,0,"mejoramiento, construccion, plaza, reposicion"
3868-11-LE26,11.223,8.6358,3,"materiales, material, materiales construccion, proyecto"
3868-13-LE26,14.3968,7.0189,15,"bmc, equipos, repuestos, chee"
3890-195-L126,13.7978,6.7473,15,"bmc, equipos, repuestos, chee"
3928-59-LE26,16.216,7.1648,-1,Sin tema
3935-86-LE26,13.704,12.3475,10,"transporte, escolar, turismo, disposicion"
4074-33-L126,14.3284,10.3778,0,"mejoramiento, construccion, plaza, reposicion"
4134-39-LE26,15.5932,8.8516,0,"mejoramiento, construccion, plaza, reposicion"
418-55-LE26,13.5282,3.2016,2,"ninos, provincial, rio, jose"
4192-56-LE26,13.9496,9.4789,-1,Sin tema
4295-72-LP26,15.2433,8.2708,-1,Sin tema
4295-73-LP26,13.7015,11.9582,10,"transporte, escolar, turismo, disposicion"
4560-33-CO26,14.3185,10.4345,0,"mejoramiento, construccion, plaza, reposicion"
4707-22-L126,13.5532,9.3483,-1,Sin tema
4737-9-LE26,9.8042,11.6975,25,"audiovisual, instrumentos, musica, audiovisuales"
4768-49-LP26,17.2026,8.7474,0,"mejoramiento, construccion, plaza, reposicion"
4881-46-L126,17.8618,10.3432,21,"cultural, produccion, artes, culturales"
4882-27-LE26,15.963,11.7376,1,"produccion, habitabilidad, navidad, juguetes"
4937-5-L126,12.6437,9.7087,22,"aire, aire acondicionado, acondicionado, fuera"
4993-82-LP26,14.3028,8.3323,-1,Sin tema
514862-124-LP26,13.6462,7.2409,-1,Sin tema
5240-102-LR26,17.2284,9.5955,0,"mejoramiento, construccion, plaza, reposicion"
5251-84-LE26,12.5871,8.7547,-1,Sin tema
5293-18-CO26,17.5764,8.0719,0,"mejoramiento, construccion, plaza, reposicion"
5360-8-LP26,15.0813,7.3253,-1,Sin tema
539778-8-LE26,12.7012,9.2875,22,"aire, aire acondicionado, acondicionado, fuera"
5413-49-LR26,17.6467,8.2384,0,"mejoramiento, construccion, plaza, reposicion"
5416-42-LE26,10.7029,9.4807,13,"electrico, electrica, electricos, sistema electrico"
5482-111-LE26,15.9422,9.3989,-1,Sin tema
552578-52-LE26,16.0931,10.7993,26,"municipales, salud solicitud, area salud, solicitud"
557639-83-CO26,15.7591,8.0812,0,"mejoramiento, construccion, plaza, reposicion"
5586-137-LE26,16.6203,4.814,6,"alimentacion, break, alojamiento, com"
5702-17-LE26,15.0686,12.6714,16,"social, fiscal, fiscales, sede social"
5722-3-O126,17.0734,8.7315,0,"mejoramiento, construccion, plaza, reposicion"
5807-3-LE26,10.1233,11.583,25,"audiovisual, instrumentos, musica, audiovisuales"
608-101-LP26,14.688,6.4442,-1,Sin tema
609-26-LE26,15.1644,9.2675,0,"mejoramiento, construccion, plaza, reposicion"
621-574-LR26,12.1958,6.5413,11,"sol, solucion, solicitud, ecs"
2770-91-LE26,11.1263,8.5141,3,"materiales, material, materiales construccion, proyecto"
2785-88-LE26,14.6707,11.0739,18,"produccion, produccion integral, integral, produccion eventos"
2794-17-LR26,11.0906,11.7446,-1,Sin tema
2852-48-LE26,14.8517,10.2926,-1,Sin tema
2981-246-L126,15.2325,5.0606,27,"biobio, zona, carabineros, compatible"
29-96-LR26,13.1893,9.5315,23,"sistema, tecnico, sistemas, control"
3015-54-LE26,17.0753,8.7457,0,"mejoramiento, construccion, plaza, reposicion"
3113-9-LE26,11.0766,8.546,3,"materiales, material, materiales construccion, proyecto"
3122-7-LE26,13.9066,9.2411,-1,Sin tema
3130-24-LE26,16.0103,8.9409,0,"mejoramiento, construccion, plaza, reposicion"
3232-44-LE26,14.8421,11.571,16,"social, fiscal, fiscales, sede social"
3316-13-LE26,13.7653,10.6373,-1,Sin tema
3320-32-LE26,12.4791,6.9772,11,"sol, solucion, solicitud, ecs"
3486-22-LE26,14.6608,7.8217,0,"mejoramiento, construccion, plaza, reposicion"
3516-48-L126,15.5642,8.1529,-1,Sin tema
3540-69-LE26,16.0506,4.7415,-1,Sin tema
3567-39-LE26,17.6795,10.2103,21,"cultural, produccion, artes, culturales"
3595-34-LE26,16.9334,11.0922,1,"produccion, habitabilidad, navidad, juguetes"
3614-19-LE26,10.7844,9.6584,13,"electrico, electrica, electricos, sistema electrico"
3656-159-L126,10.9257,8.3145,3,"materiales, material, materiales construccion, proyecto"
3697-46-LE26,17.9888,10.4893,21,"cultural, produccion, artes, culturales"
3710-97-L126,14.0431,7.0352,-1,Sin tema
3712-71-LE26,12.8467,10.8202,5,"seguridad, guardias, proteccion, proteccion personal"
3836-38-LE26,15.6072,8.8327,0,"mejoramiento, construccion, plaza, reposicion"
3838-61-LR26,13.6637,11.9326,10,"transporte, escolar, turismo, disposicion"
3843-35-L126,15.8446,9.4134,0,"mejoramiento, construccion, plaza, reposicion"
3868-7-LE26,15.3599,5.0686,27,"biobio, zona, carabineros, compatible"
387-53-LP26,11.2979,7.1259,19,"led, laser, pantalla, arriendo"
3889-49-LE26,16.576,12.3386,1,"produccion, habitabilidad, navidad, juguetes"
3945-24-LE26,15.6432,9.8927,0,"mejoramiento, construccion, plaza, reposicion"
3953-25-LE26,16.4191,12.5003,1,"produccion, habitabilidad, navidad, juguetes"
4066-19-LE26,16.2193,11.3971,1,"produccion, habitabilidad, navidad, juguetes"
4112-28-L126,14.2589,10.7211,0,"mejoramiento, construccion, plaza, reposicion"
4309-195-LP26,15.6077,6.7398,0,"mejoramiento, construccion, plaza, reposicion"
4314-36-LE26,12.9883,9.5416,-1,Sin tema
4414-66-LE26,16.5726,11.5022,1,"produccion, habitabilidad, navidad, juguetes"
4686-27-LP26,13.3838,9.699,23,"sistema, tecnico, sistemas, control"
4707-21-L126,14.168,8.5844,0,"mejoramiento, construccion, plaza, reposicion"
4768-50-LP26,17.1981,8.8486,0,"mejoramiento, construccion, plaza, reposicion"
4964-22-L126,13.8136,12.7932,4,"cursos, educacionales, establecimientos educacionales, chinchorro"
5048-41-O126,16.1727,7.8171,0,"mejoramiento, construccion, plaza, reposicion"
5048-51-O126,13.0755,8.5619,31,"bombas, infusion, ventanas, combustible"
5184-65-LE26,11.3426,8.595,3,"materiales, material, materiales construccion, proyecto"
1388961-53-LE26,15.2438,8.4741,0,"mejoramiento, construccion, plaza, reposicion"
1388974-22-LE26,16.5724,12.0244,1,"produccion, habitabilidad, navidad, juguetes"
1417913-139-E226,16.7886,8.4866,0,"mejoramiento, construccion, plaza, reposicion"
1448380-4-LE26,13.7169,9.4333,23,"sistema, tecnico, sistemas, control"
1464-64-LE26,13.5518,3.2545,2,"ninos, provincial, rio, jose"
1476917-5-LE26,12.1878,9.1337,17,"laboratorio, cen, automotriz, panel"
1506-35-O126,17.0312,9.4061,0,"mejoramiento, construccion, plaza, reposicion"
1536-7-LE26,17.121,8.7248,0,"mejoramiento, construccion, plaza, reposicion"
1538639-2-LE26,16.6174,12.1462,1,"produccion, habitabilidad, navidad, juguetes"
1540-88-LE26,5.9492,2.9147,20,"protesis, removibles, instrumental, destinado"
1588-25-LR26,13.6879,10.803,-1,Sin tema
1606-33-LR26,15.099,10.7806,-1,Sin tema
1622-22-LP26,12.4973,11.6012,12,"software, licencias, renovacion, renovacion licencias"
1641-380-LP26,14.0285,9.7753,-1,Sin tema
1643-80-LE26,12.0939,9.0154,-1,Sin tema
1657-18-L126,15.9334,10.0671,0,"mejoramiento, construccion, plaza, reposicion"
1658-208-LP26,17.686,8.601,0,"mejoramiento, construccion, plaza, reposicion"
1709-25-LE26,13.7244,8.4075,-1,Sin tema
188-94-LE26,13.5736,13.3525,4,"cursos, educacionales, establecimientos educacionales, chinchorro"
1973-99-LP26,15.5936,8.5624,0,"mejoramiento, construccion, plaza, reposicion"
2107-155-LE26,12.8347,4.5235,-1,Sin tema
2111-253-LP26,13.5521,6.4497,-1,Sin tema
2189-11-L126,16.134,9.1155,0,"mejoramiento, construccion, plaza, reposicion"
2251-16-LE26,14.1533,9.738,-1,Sin tema
2263-91-LE26,13.0215,9.186,-1,Sin tema
2273-55-LE26,16.3372,10.0115,0,"mejoramiento, construccion, plaza, reposicion"
2274-53-L126,16.4399,9.0064,-1,Sin tema
2295-67-LP26,15.9655,10.0915,0,"mejoramiento, construccion, plaza, reposicion"
2343-34-LE26,11.4314,9.0427,3,"materiales, material, materiales construccion, proyecto"
2358-21-R126,16.6451,4.6517,6,"alimentacion, break, alojamiento, com"
2380-50-LP26,16.2098,11.2306,1,"produccion, habitabilidad, navidad, juguetes"
2401-114-L126,16.7956,11.6376,1,"produccion, habitabilidad, navidad, juguetes"
2402-94-L126,15.8708,9.8451,-1,Sin tema
2409-70-LE26,13.679,8.8885,-1,Sin tema
2424-88-LE26,14.9907,10.5236,-1,Sin tema
2445-119-L126,15.0206,8.6185,-1,Sin tema
2455-53-LP26,16.3892,8.3267,-1,Sin tema
2460-120-LE26,13.0398,9.0782,22,"aire, aire acondicionado, acondicionado, fuera"
2585-114-LE26,13.5491,6.7352,15,"bmc, equipos, repuestos, chee"
2664-43-L126,5.9072,2.9779,20,"protesis, removibles, instrumental, destinado"
2667-114-LE26,16.4764,11.4066,1,"produccion, habitabilidad, navidad, juguetes"
5512-10-LP26,12.8804,7.9939,-1,Sin tema
552578-46-LE26,10.9409,7.8629,3,"materiales, material, materiales construccion, proyecto"
5586-151-LE26,13.9606,8.1259,-1,Sin tema
5612-11-LE26,15.9405,8.9176,0,"mejoramiento, construccion, plaza, reposicion"
564162-124-L126,12.9408,7.0195,9,"insumos clinicos, upla, solicitud, clinicos"
5663-14-LP26,16.6075,11.3855,1,"produccion, habitabilidad, navidad, juguetes"
608-181-LP26,16.1215,7.74,0,"mejoramiento, construccion, plaza, reposicion"
621-580-LE26,12.1716,6.9131,11,"sol, solucion, solicitud, ecs"
621-766-LE26,13.3397,7.4911,-1,Sin tema
622-57-LE26,15.0224,9.0896,-1,Sin tema
627786-17-LE26,15.702,7.9243,-1,Sin tema
628-16-LE26,13.7564,13.1262,4,"cursos, educacionales, establecimientos educacionales, chinchorro"
691-8-LP26,13.4612,9.9336,23,"sistema, tecnico, sistemas, control"
697058-7-LE26,13.55,9.3878,29,"mantencion preventiva, preventiva, preventiva correctiva, correctiva"
721703-39-LE26,13.7524,11.0564,0,"mejoramiento, construccion, plaza, reposicion"
739231-21-LP26,17.0412,8.695,0,"mejoramiento, construccion, plaza, reposicion"
741-32-L126,16.8719,6.933,24,"farmacia, planta, farmacos, plantas"
761391-140-LE26,13.7674,13.13,4,"cursos, educacionales, establecimientos educacionales, chinchorro"
784642-4-LE26,14.7031,8.3622,-1,Sin tema
788110-43-LP26,14.2114,4.5323,7,"medicamentos, medicos, farmacos, insumos medicos"
788110-49-LE26,10.6858,9.6557,13,"electrico, electrica, electricos, sistema electrico"
800-9-LR26,13.5824,6.2267,-1,Sin tema
817-40-O126,17.7998,9.0681,-1,Sin tema
837-95-LE26,12.8987,10.7667,5,"seguridad, guardias, proteccion, proteccion personal"
848-23-LE26,13.6536,13.2287,4,"cursos, educacionales, establecimientos educacionales, chinchorro"
867990-88-L126,12.1621,6.5989,11,"sol, solucion, solicitud, ecs"
872-46-LE26,16.6857,4.6673,6,"alimentacion, break, alojamiento, com"
948354-151-LR26,13.6805,3.1696,2,"ninos, provincial, rio, jose"
951-6-L126,14.885,10.411,0,"mejoramiento, construccion, plaza, reposicion"
993-54-LE26,12.5726,9.3362,22,"aire, aire acondicionado, acondicionado, fuera"
621-583-LR26,12.0845,6.6494,11,"sol, solucion, solicitud, ecs"
621-591-LR26,12.0709,6.5964,11,"sol, solucion, solicitud, ecs"
621-592-LR26,12.0847,6.6217,11,"sol, solucion, solicitud, ecs"
621-621-LR26,12.1031,6.7426,11,"sol, solucion, solicitud, ecs"
621-625-LR26,12.2101,6.8643,11,"sol, solucion, solicitud, ecs"
621-794-LR26,12.9751,6.9912,9,"insumos clinicos, upla, solicitud, clinicos"
650-40-LE26,13.922,12.9534,4,"cursos, educacionales, establecimientos educacionales, chinchorro"
656-17-O126,13.2624,7.2284,-1,Sin tema
658-5-LE26,16.5482,9.1772,-1,Sin tema
670-9-LE26,14.8163,7.2504,-1,Sin tema
697202-12-L126,13.051,10.7325,5,"seguridad, guardias, proteccion, proteccion personal"
697202-13-LE26,10.7186,9.6645,13,"electrico, electrica, electricos, sistema electrico"
752615-1-LE26,14.4779,10.7304,0,"mejoramiento, construccion, plaza, reposicion"
760-9-LE26,13.0981,7.7447,9,"insumos clinicos, upla, solicitud, clinicos"
799595-5-LP26,11.8366,11.8919,14,"internet, fija, movil, satelital"
834259-54-LE26,14.5418,9.3404,0,"mejoramiento, construccion, plaza, reposicion"
834259-55-LE26,15.2853,6.9161,0,"mejoramiento, construccion, plaza, reposicion"
855-19-LE26,14.3148,7.0315,15,"bmc, equipos, repuestos, chee"
868-17-LE26,15.0968,10.6872,-1,Sin tema
893-13-LP26,16.1162,9.8998,-1,Sin tema
894-10-LE26,16.194,8.2714,-1,Sin tema
915-4-L126,12.2023,10.6498,5,"seguridad, guardias, proteccion, proteccion personal"
929-28-LE26,16.7726,4.4534,6,"alimentacion, break, alojamiento, com"
951-5-L126,15.0779,9.8068,0,"mejoramiento, construccion, plaza, reposicion"
966131-60-CO26,13.4458,10.1234,-1,Sin tema
975-48-LP26,16.888,10.7616,1,"produccion, habitabilidad, navidad, juguetes"
2667-97-LP26,14.6463,9.666,-1,Sin tema
2697-41-LE26,14.2316,8.1216,-1,Sin tema
2704-60-LP26,10.5653,6.3444,19,"led, laser, pantalla, arriendo"
2705-56-LE26,15.2628,5.1132,27,"biobio, zona, carabineros, compatible"
2705-57-L126,15.2859,10.3101,-1,Sin tema
2794-27-LE26,16.089,11.7745,1,"produccion, habitabilidad, navidad, juguetes"
2958-4-LE26,14.4412,8.2774,0,"mejoramiento, construccion, plaza, reposicion"
29-82-LE26,11.5566,12.0224,14,"internet, fija, movil, satelital"
3015-47-B226,15.4191,9.6541,0,"mejoramiento, construccion, plaza, reposicion"
3016-53-LE26,14.1547,11.1373,-1,Sin tema
3100-7-LE26,15.7253,9.2424,0,"mejoramiento, construccion, plaza, reposicion"
3134-97-LE26,14.1434,7.8159,-1,Sin tema
3146-3-LE26,13.213,10.7494,5,"seguridad, guardias, proteccion, proteccion personal"
3361-15-L126,10.7909,9.8139,13,"electrico, electrica, electricos, sistema electrico"
3375-15-LP26,11.4591,7.8884,3,"materiales, material, materiales construccion, proyecto"
3561-40-L126,13.3887,7.2742,-1,Sin tema
3686-31-LP26,16.6603,8.6884,0,"mejoramiento, construccion, plaza, reposicion"
3695-38-LE26,13.6842,12.461,10,"transporte, escolar, turismo, disposicion"
3813-27-LP26,17.1984,8.7074,0,"mejoramiento, construccion, plaza, reposicion"
3868-15-LE26,13.8468,6.8143,15,"bmc, equipos, repuestos, chee"
3882-84-L126,16.189,10.3246,-1,Sin tema
3890-209-L126,16.64,4.6886,6,"alimentacion, break, alojamiento, com"
3890-210-L126,16.7241,9.1125,-1,Sin tema
3929-49-LP26,17.7556,8.4171,0,"mejoramiento, construccion, plaza, reposicion"
3962-30-LE26,16.1987,11.3885,1,"produccion, habitabilidad, navidad, juguetes"
3963-17-LP26,17.6363,8.1512,0,"mejoramiento, construccion, plaza, reposicion"
3996-39-L126,10.2579,11.5787,25,"audiovisual, instrumentos, musica, audiovisuales"
4044-51-LE26,15.8,7.5912,0,"mejoramiento, construccion, plaza, reposicion"
4055-70-L126,14.3947,10.4274,0,"mejoramiento, construccion, plaza, reposicion"
4170-60-LE26,16.8114,12.0318,1,"produccion, habitabilidad, navidad, juguetes"
4281-15-LE26,10.979,8.5625,3,"materiales, material, materiales construccion, proyecto"
4867-8-LE26,14.1059,8.4563,0,"mejoramiento, construccion, plaza, reposicion"
4884-24-LE26,16.718,12.0103,1,"produccion, habitabilidad, navidad, juguetes"
4928-30-LR26,15.0586,10.7225,-1,Sin tema
525512-39-LE26,17.8728,8.3628,0,"mejoramiento, construccion, plaza, reposicion"
5261-12-O126,16.3565,7.8093,0,"mejoramiento, construccion, plaza, reposicion"
527093-4-LE26,13.6931,9.5849,-1,Sin tema
5282-42-LE26,14.0964,10.0428,-1,Sin tema
5360-9-LE26,12.628,10.8442,5,"seguridad, guardias, proteccion, proteccion personal"
5416-40-LE26,12.9898,8.6901,-1,Sin tema
5416-41-LE26,13.985,6.0745,-1,Sin tema
557639-84-LE26,15.6746,8.0173,0,"mejoramiento, construccion, plaza, reposicion"
5586-148-LE26,12.5028,12.0804,12,"software, licencias, renovacion, renovacion licencias"
5612-10-LE26,13.1433,7.6327,-1,Sin tema
564162-136-L126,12.0953,7.0432,11,"sol, solucion, solicitud, ecs"
598-17-LE26,12.9564,8.8505,31,"bombas, infusion, ventanas, combustible"
619133-117-LP26,13.5483,3.1981,2,"ninos, provincial, rio, jose"
621-564-LP26,12.1022,6.6532,11,"sol, solucion, solicitud, ecs"
621-604-LR26,12.012,6.7708,11,"sol, solucion, solicitud, ecs"
621-645-LE26,12.1974,6.6988,11,"sol, solucion, solicitud, ecs"
621-780-LR26,13.1372,7.2257,9,"insumos clinicos, upla, solicitud, clinicos"
621-912-LP26,12.2718,6.8876,11,"sol, solucion, solicitud, ecs"
628-18-L126,13.9051,12.8883,4,"cursos, educacionales, establecimientos educacionales, chinchorro"
635-159-L126,16.8784,10.8983,1,"produccion, habitabilidad, navidad, juguetes"
656-18-O126,13.2237,7.1899,-1,Sin tema
696961-5-LP26,10.6804,9.649,13,"electrico, electrica, electricos, sistema electrico"
704093-135-LE26,9.9309,6.9123,-1,Sin tema
707418-52-LE26,15.0714,9.2087,0,"mejoramiento, construccion, plaza, reposicion"
707426-38-L126,17.67,8.6567,-1,Sin tema
711841-18-LE26,10.7438,7.8568,3,"materiales, material, materiales construccion, proyecto"
729531-1-L126,12.3135,10.5823,5,"seguridad, guardias, proteccion, proteccion personal"
731159-3-L126,13.7086,11.9591,10,"transporte, escolar, turismo, disposicion"
735949-2-L126,14.9951,8.8952,-1,Sin tema
736812-12-L126,11.9294,9.3674,17,"laboratorio, cen, automotriz, panel"
741-28-L126,14.3125,7.6014,-1,Sin tema
752-38-LE26,15.1083,12.3806,16,"social, fiscal, fiscales, sede social"
813-114-LE26,16.6608,11.0186,1,"produccion, habitabilidad, navidad, juguetes"
831-24-LE26,13.7783,9.9163,-1,Sin tema
867990-109-L126,12.2155,7.242,-1,Sin tema
875646-58-LR26,14.956,7.7895,0,"mejoramiento, construccion, plaza, reposicion"
966539-28-LE26,17.1281,8.4637,0,"mejoramiento, construccion, plaza, reposicion"
1001-14-LE26,10.5812,6.3549,19,"led, laser, pantalla, arriendo"
1005-22-LE26,14.255,8.323,-1,Sin tema
1020-30-LR26,12.3866,8.4051,-1,Sin tema
1035206-11-LE26,15.9606,9.6222,0,"mejoramiento, construccion, plaza, reposicion"
1057404-101-LE26,13.7002,3.2518,2,"ninos, provincial, rio, jose"
1057472-130-B226,13.7711,9.3387,23,"sistema, tecnico, sistemas, control"
1057489-278-LP26,13.3129,2.975,2,"ninos, provincial, rio, jose"
1057490-67-LE26,13.9966,8.6937,-1,Sin tema
1057491-148-LP26,11.067,8.4479,3,"materiales, material, materiales construccion, proyecto"
1057491-167-LE26,16.1148,9.4172,-1,Sin tema
1057494-39-LE26,13.6595,3.1284,2,"ninos, provincial, rio, jose"
1057496-40-LE26,11.1931,8.4932,3,"materiales, material, materiales construccion, proyecto"
1057501-412-LR26,15.9235,8.3544,0,"mejoramiento, construccion, plaza, reposicion"
1057508-128-L126,17.7962,8.9364,-1,Sin tema
1057508-129-LE26,13.7592,12.0332,10,"transporte, escolar, turismo, disposicion"
1057509-339-LP26,10.7599,9.444,13,"electrico, electrica, electricos, sistema electrico"
1057534-46-LP26,16.0328,7.7974,0,"mejoramiento, construccion, plaza, reposicion"
1057547-245-LP26,15.5899,8.7184,0,"mejoramiento, construccion, plaza, reposicion"
1057891-24-LE26,10.6139,6.3916,19,"led, laser, pantalla, arriendo"
1058012-34-LE26,14.1298,7.9046,-1,Sin tema
1058090-22-LP26,14.837,5.0091,-1,Sin tema
1076710-10-LP26,15.5045,8.4431,0,"mejoramiento, construccion, plaza, reposicion"
1079639-27-LE26,15.0643,12.6184,16,"social, fiscal, fiscales, sede social"
1180885-17-LP26,14.7217,7.8982,-1,Sin tema
1200-23-LE26,16.672,8.4725,0,"mejoramiento, construccion, plaza, reposicion"
1209-12-L126,12.8167,12.2844,12,"software, licencias, renovacion, renovacion licencias"
1224957-60-LE26,13.4385,13.5453,4,"cursos, educacionales, establecimientos educacionales, chinchorro"
1232565-39-LE26,13.8242,6.8572,-1,Sin tema
1261592-55-LE26,14.1018,3.9288,2,"ninos, provincial, rio, jose"
1271359-108-LE26,16.0218,7.8693,0,"mejoramiento, construccion, plaza, reposicion"
1280-48-LE26,14.9237,8.061,-1,Sin tema
1292-32-LE26,16.7076,8.0117,0,"mejoramiento, construccion, plaza, reposicion"
1292-35-LE26,12.8701,10.8834,5,"seguridad, guardias, proteccion, proteccion personal"
1316747-18-L126,13.4521,11.761,10,"transporte, escolar, turismo, disposicion"
1388961-55-LP26,12.1843,7.4859,-1,Sin tema
1417913-123-L126,13.2098,4.1724,-1,Sin tema
1443-1-LE26,13.5185,10.6507,-1,Sin tema
1447790-8-LR26,16.6225,4.5631,6,"alimentacion, break, alojamiento, com"
1494906-7-LE26,12.7997,9.8072,-1,Sin tema
1494906-9-LE26,11.5999,11.4397,-1,Sin tema
1499900-4-L126,14.3502,9.8897,0,"mejoramiento, construccion, plaza, reposicion"
1536-9-LE26,16.4894,8.7613,0,"mejoramiento, construccion, plaza, reposicion"
1540-103-LE26,13.241,3.2153,-1,Sin tema
1543-9-LE26,16.2301,4.8697,6,"alimentacion, break, alojamiento, com"
1562-78-LE26,12.4684,12.3729,12,"software, licencias, renovacion, renovacion licencias"
1606-26-LE26,17.2436,9.6456,0,"mejoramiento, construccion, plaza, reposicion"
1609-16-LE26,13.9909,8.4777,-1,Sin tema
1626-28-L126,14.8661,7.8092,-1,Sin tema
1692-27-LE26,12.8193,4.5109,-1,Sin tema
1702-33-LE26,14.5775,8.8162,-1,Sin tema
1754-50-L126,13.6871,9.1936,29,"mantencion preventiva, preventiva, preventiva correctiva, correctiva"
2045-17-L126,16.7001,12.17,1,"produccion, habitabilidad, navidad, juguetes"
2080-289-LE26,14.7232,5.874,8,"odontologicos, insumos odontologicos, instrumental, anatomia"
2111-301-LR26,14.2626,8.0631,-1,Sin tema
2207-9-LE26,13.6698,13.1882,4,"cursos, educacionales, establecimientos educacionales, chinchorro"
2258-213-LP26,16.3329,6.5879,24,"farmacia, planta, farmacos, plantas"
2263-38-LP26,11.603,8.7722,3,"materiales, material, materiales construccion, proyecto"
2282-114-LE26,16.675,11.286,1,"produccion, habitabilidad, navidad, juguetes"
229-108-LE26,13.4416,7.9247,-1,Sin tema
2332-124-L126,15.9315,9.9391,0,"mejoramiento, construccion, plaza, reposicion"
2335-62-LE26,13.2314,6.8924,9,"insumos clinicos, upla, solicitud, clinicos"
2378-121-LP26,15.3173,9.1293,0,"mejoramiento, construccion, plaza, reposicion"
2402-89-L126,15.3773,9.6915,0,"mejoramiento, construccion, plaza, reposicion"
2422-158-LE26,13.4644,7.1933,-1,Sin tema
2446-205-LP26,15.4078,8.4877,0,"mejoramiento, construccion, plaza, reposicion"
2446-285-LE26,13.5419,7.5711,-1,Sin tema
2455-52-LE26,16.5738,12.3579,1,"produccion, habitabilidad, navidad, juguetes"
2656-62-LE26,14.1205,11.8702,10,"transporte, escolar, turismo, disposicion"
2658-304-L126,12.9079,8.6012,31,"bombas, infusion, ventanas, combustible"
2704-80-L126,15.2973,10.3017,-1,Sin tema
2705-60-LE26,14.0097,8.1622,-1,Sin tema
2713-112-LP26,12.8759,9.7889,-1,Sin tema
2730-116-LE26,9.8435,11.6702,25,"audiovisual, instrumentos, musica, audiovisuales"
2766-143-L126,14.3639,4.6442,7,"medicamentos, medicos, farmacos, insumos medicos"
2770-138-LE26,10.6601,11.6632,28,"televigilancia, sistema, instalacion sistema, instalacion"
2817-54-LP26,10.6964,11.7095,28,"televigilancia, sistema, instalacion sistema, instalacion"
2863-5-LE26,5.9188,2.9539,20,"protesis, removibles, instrumental, destinado"
2952-16-LE26,13.969,12.9911,4,"cursos, educacionales, establecimientos educacionales, chinchorro"
2963-27-LP26,13.948,5.619,8,"odontologicos, insumos odontologicos, instrumental, anatomia"
2981-223-LE26,14.3169,9.2321,-1,Sin tema
29-95-LE26,13.5577,7.7345,-1,Sin tema
3019-23-LE26,16.5107,4.7334,6,"alimentacion, break, alojamiento, com"
3086-76-LE26,13.9364,8.9944,-1,Sin tema
3179-67-LE26,15.0525,7.695,0,"mejoramiento, construccion, plaza, reposicion"
3387-4-LE26,11.1153,8.9437,3,"materiales, material, materiales construccion, proyecto"
3469-54-LE26,16.9121,10.819,1,"produccion, habitabilidad, navidad, juguetes"
3561-37-L126,14.8981,4.1435,-1,Sin tema
3561-38-L126,5.9279,2.9416,20,"protesis, removibles, instrumental, destinado"
3588-56-LE26,14.8323,8.7437,-1,Sin tema
3614-47-LE26,12.9771,10.6251,5,"seguridad, guardias, proteccion, proteccion personal"
3698-14-LR26,13.9448,9.3165,-1,Sin tema
3710-96-L126,14.8881,4.1083,-1,Sin tema
3710-98-L126,14.2035,4.5161,7,"medicamentos, medicos, farmacos, insumos medicos"
3841-31-L126,13.7906,11.6274,-1,Sin tema
3890-168-L126,15.7183,8.1479,-1,Sin tema
3935-77-LE26,16.6895,11.5198,1,"produccion, habitabilidad, navidad, juguetes"
418-51-LP26,15.2258,5.0643,27,"biobio, zona, carabineros, compatible"
4465-21-LE26,13.7762,3.2377,2,"ninos, provincial, rio, jose"
4469-165-L126,11.1162,7.7914,3,"materiales, material, materiales construccion, proyecto"
4469-204-L126,16.8599,9.0384,-1,Sin tema
4649-4-LE26,13.4914,10.4089,-1,Sin tema
4737-8-LE26,13.3776,13.5679,4,"cursos, educacionales, establecimientos educacionales, chinchorro"
4825-12-L126,13.4078,13.574,4,"cursos, educacionales, establecimientos educacionales, chinchorro"
4884-26-LE26,14.5916,9.6777,0,"mejoramiento, construccion, plaza, reposicion"
4884-27-LE26,9.8372,11.7007,25,"audiovisual, instrumentos, musica, audiovisuales"
5039-9-LP26,10.5601,6.3431,19,"led, laser, pantalla, arriendo"
5053-110-LE26,15.9929,8.1115,-1,Sin tema
5067-134-L126,12.212,7.6856,-1,Sin tema
5083-11-LE26,15.3007,8.2733,0,"mejoramiento, construccion, plaza, reposicion"
5148-13-LP26,15.9267,9.9618,0,"mejoramiento, construccion, plaza, reposicion"
539819-1-LE26,14.3153,10.7235,0,"mejoramiento, construccion, plaza, reposicion"
5423-15-LE26,14.5195,7.5864,-1,Sin tema
545598-34-LE26,13.7366,8.0802,-1,Sin tema
557639-90-LE26,15.611,6.7061,0,"mejoramiento, construccion, plaza, reposicion"
5596-5-LP26,17.8873,10.4901,21,"cultural, produccion, artes, culturales"
585893-10-LP26,17.351,8.2651,0,"mejoramiento, construccion, plaza, reposicion"
586-25-R126,11.2471,10.3365,-1,Sin tema
5895-22-O126,17.5364,7.8885,-1,Sin tema
608-1-LE26,14.8228,6.4532,-1,Sin tema
608-200-LP26,15.3477,6.8159,0,"mejoramiento, construccion, plaza, reposicion"
617807-77-LP26,13.7297,3.0388,2,"ninos, provincial, rio, jose"
621-568-LE26,12.4052,6.85,11,"sol, solucion, solicitud, ecs"
621-622-LE26,12.6936,7.0066,-1,Sin tema
621-649-LP26,12.2031,6.7633,11,"sol, solucion, solicitud, ecs"
621-663-LP26,12.0841,6.9028,11,"sol, solucion, solicitud, ecs"
635-158-L126,14.0578,13.0052,4,"cursos, educacionales, establecimientos educacionales, chinchorro"
660-7-LE26,12.641,10.8368,5,"seguridad, guardias, proteccion, proteccion personal"
682-4-LE26,17.2768,8.2005,0,"mejoramiento, construccion, plaza, reposicion"
707418-51-L126,16.8698,5.2958,6,"alimentacion, break, alojamiento, com"
707423-68-LP26,10.7367,9.78,13,"electrico, electrica, electricos, sistema electrico"
727202-70-LE26,17.9562,10.4997,21,"cultural, produccion, artes, culturales"
728-11-LE26,10.9931,8.7779,3,"materiales, material, materiales construccion, proyecto"
758-40-LE26,15.4538,10.3914,-1,Sin tema
765-15-LE26,13.9609,8.1013,-1,Sin tema
813685-15-LE26,15.898,10.0527,0,"mejoramiento, construccion, plaza, reposicion"
835727-27-LR26,14.1757,10.1792,0,"mejoramiento, construccion, plaza, reposicion"
837-115-LP26,13.0106,10.865,5,"seguridad, guardias, proteccion, proteccion personal"
838100-7-LE26,12.8121,9.8128,-1,Sin tema
846-33-L126,12.8978,7.5154,9,"insumos clinicos, upla, solicitud, clinicos"
854-31-LR26,15.631,9.2036,0,"mejoramiento, construccion, plaza, reposicion"
867990-67-L126,10.0633,11.6871,25,"audiovisual, instrumentos, musica, audiovisuales"
874750-24-L126,13.6529,9.2745,29,"mantencion preventiva, preventiva, preventiva correctiva, correctiva"
932163-21-LP26,17.0021,9.5829,-1,Sin tema
938-30-LE26,10.0561,11.6563,25,"audiovisual, instrumentos, musica, audiovisuales"
938-35-LE26,13.8262,6.6571,15,"bmc, equipos, repuestos, chee"
1057384-143-LE26,12.333,9.5205,17,"laboratorio, cen, automotriz, panel"
1057430-52-LP26,12.4937,8.8599,-1,Sin tema
1057430-66-LP26,14.2251,8.1914,-1,Sin tema
1057448-48-LE26,15.2527,9.7568,0,"mejoramiento, construccion, plaza, reposicion"
1057489-284-LE26,13.3723,2.9904,2,"ninos, provincial, rio, jose"
1057501-137-LR26,15.6182,7.4464,-1,Sin tema
1057501-482-LE26,14.1366,6.3113,-1,Sin tema
1057536-134-LE26,14.2607,8.1331,-1,Sin tema
1057547-425-LE26,14.4421,5.8057,8,"odontologicos, insumos odontologicos, instrumental, anatomia"
1057547-427-LR26,10.9654,9.6768,13,"electrico, electrica, electricos, sistema electrico"
1058045-13-LE26,12.5166,7.0348,-1,Sin tema
1078177-51-LE26,16.4825,8.7126,-1,Sin tema
1078333-17-LE26,15.9594,4.8149,-1,Sin tema
1078333-18-LE26,16.2773,4.8061,6,"alimentacion, break, alojamiento, com"
1078333-20-LE26,15.6472,5.0135,-1,Sin tema
1080303-13-L126,16.5642,11.9998,1,"produccion, habitabilidad, navidad, juguetes"
1091793-10-LE26,15.9683,9.9994,-1,Sin tema
1250669-1-LE26,14.5195,9.2177,-1,Sin tema
1251183-1-LE26,13.8782,12.8952,4,"cursos, educacionales, establecimientos educacionales, chinchorro"
1366597-3-LE26,13.4281,3.3946,2,"ninos, provincial, rio, jose"
1380-194-LP26,13.9912,7.5323,-1,Sin tema
1391828-7-LE26,15.6244,12.2992,16,"social, fiscal, fiscales, sede social"
1393093-117-LE26,13.6663,13.0806,4,"cursos, educacionales, establecimientos educacionales, chinchorro"
1393093-92-LE26,13.3108,13.4323,4,"cursos, educacionales, establecimientos educacionales, chinchorro"
1426397-28-LP26,13.5964,7.7512,-1,Sin tema
1431841-49-LE26,12.95,10.7557,5,"seguridad, guardias, proteccion, proteccion personal"
1434-25-LE26,10.6778,9.6946,13,"electrico, electrica, electricos, sistema electrico"
1437-16-LE26,13.0136,9.0809,22,"aire, aire acondicionado, acondicionado, fuera"
1464-61-LE26,13.8907,5.1898,8,"odontologicos, insumos odontologicos, instrumental, anatomia"
1469-98-R226,10.6923,11.7094,28,"televigilancia, sistema, instalacion sistema, instalacion"
1479098-27-L126,15.9539,10.2414,0,"mejoramiento, construccion, plaza, reposicion"
1538639-4-LE26,17.219,8.8551,0,"mejoramiento, construccion, plaza, reposicion"
1555-67-LP26,14.4676,5.2156,-1,Sin tema
162-32-LE26,13.7316,4.2015,7,"medicamentos, medicos, farmacos, insumos medicos"
1638-90-LE26,17.168,8.9193,0,"mejoramiento, construccion, plaza, reposicion"
1655-33-LE26,13.8099,7.7752,-1,Sin tema
1658-221-LR26,16.2803,10.6358,26,"municipales, salud solicitud, area salud, solicitud"
1660-143-L126,13.5933,2.9479,2,"ninos, provincial, rio, jose"
2042-17-LE26,16.1421,8.7569,-1,Sin tema
2080-309-LE26,15.3288,7.7221,0,"mejoramiento, construccion, plaza, reposicion"
2157-159-LE26,17.0561,8.962,0,"mejoramiento, construccion, plaza, reposicion"
2263-84-LE26,13.0246,9.2086,-1,Sin tema
2282-115-LE26,15.7235,11.4416,1,"produccion, habitabilidad, navidad, juguetes"
229-107-LE26,13.4816,8.0118,-1,Sin tema
2295-98-LP26,15.8051,10.005,0,"mejoramiento, construccion, plaza, reposicion"
2297-32-LE26,16.1888,10.0189,0,"mejoramiento, construccion, plaza, reposicion"
2311-40-LE26,15.2708,8.356,0,"mejoramiento, construccion, plaza, reposicion"
2332-110-L126,13.3568,9.7661,29,"mantencion preventiva, preventiva, preventiva correctiva, correctiva"
2345-161-LR26,16.1463,8.3603,-1,Sin tema
2402-88-L126,15.0872,10.1815,-1,Sin tema
2408-172-LE26,13.651,11.943,10,"transporte, escolar, turismo, disposicion"
2410-108-LE26,13.6992,4.3385,-1,Sin tema
2426-48-LE26,15.3751,8.1749,0,"mejoramiento, construccion, plaza, reposicion"
2462-39-LE26,16.9218,11.7991,1,"produccion, habitabilidad, navidad, juguetes"
2464-21-LE26,16.7296,8.8841,0,"mejoramiento, construccion, plaza, reposicion"
2548-75-LP26,14.1854,10.9021,0,"mejoramiento, construccion, plaza, reposicion"
2585-132-LE26,13.3557,7.0708,-1,Sin tema
2585-153-LE26,13.4211,6.8578,15,"bmc, equipos, repuestos, chee"
2591-139-LE26,14.4403,5.8584,8,"odontologicos, insumos odontologicos, instrumental, anatomia"
2664-39-LE26,16.6973,12.0177,1,"produccion, habitabilidad, navidad, juguetes"
2675-117-L126,16.3061,9.4811,0,"mejoramiento, construccion, plaza, reposicion"
2688-28-LE26,11.1719,11.9291,14,"internet, fija, movil, satelital"
2697-58-LP26,16.5459,8.2879,0,"mejoramiento, construccion, plaza, reposicion"
2713-117-LP26,13.4614,3.7673,2,"ninos, provincial, rio, jose"
2760-87-LR26,16.4133,8.0406,0,"mejoramiento, construccion, plaza, reposicion"
2785-86-LE26,15.2981,11.5546,1,"produccion, habitabilidad, navidad, juguetes"
2794-22-LR26,13.5175,8.8577,-1,Sin tema
2852-28-LE26,13.9898,8.4294,-1,Sin tema
2898-14-CO26,14.491,9.3191,0,"mejoramiento, construccion, plaza, reposicion"
2928-22-LP26,14.8595,8.2801,0,"mejoramiento, construccion, plaza, reposicion"
2950-41-LE26,16.1258,9.5045,-1,Sin tema
29-57-LE26,16.8319,12.0982,1,"produccion, habitabilidad, navidad, juguetes"
2992-52-LE26,16.6465,4.7337,6,"alimentacion, break, alojamiento, com"
3065-7-R126,15.2386,8.6789,0,"mejoramiento, construccion, plaza, reposicion"
3154-3-LE26,11.1125,8.561,3,"materiales, material, materiales construccion, proyecto"
3187-29-LE26,14.5903,6.4318,-1,Sin tema
3253-87-LE26,12.2118,7.9598,-1,Sin tema
3413-10-LE26,15.0428,8.0315,-1,Sin tema
3563-15-LE26,16.4679,9.1842,-1,Sin tema
3567-38-LE26,16.5452,4.6583,6,"alimentacion, break, alojamiento, com"
3621-61-LE26,11.0858,8.7148,3,"materiales, material, materiales construccion, proyecto"
3762-25-LE26,15.1606,7.4538,0,"mejoramiento, construccion, plaza, reposicion"
3838-89-LE26,9.8577,11.7148,25,"audiovisual, instrumentos, musica, audiovisuales"
3882-90-LE26,16.2172,10.1071,0,"mejoramiento, construccion, plaza, reposicion"
3890-178-E226,14.3423,8.8456,-1,Sin tema
3996-43-LE26,13.8289,4.1163,-1,Sin tema
4024-29-LE26,17.3488,8.5844,0,"mejoramiento, construccion, plaza, reposicion"
4134-41-LE26,17.6798,10.1858,21,"cultural, produccion, artes, culturales"
4144-18-CO26,16.0811,9.1086,0,"mejoramiento, construccion, plaza, reposicion"
418-59-LE26,14.0042,9.8897,-1,Sin tema
4285-19-L126,15.5646,11.5675,1,"produccion, habitabilidad, navidad, juguetes"
4295-76-LP26,16.0011,9.0136,0,"mejoramiento, construccion, plaza, reposicion"
4374-14-LP26,12.3939,9.4532,22,"aire, aire acondicionado, acondicionado, fuera"
4429-73-LR26,14.5676,8.4659,-1,Sin tema
4449-32-LE26,14.1886,10.869,0,"mejoramiento, construccion, plaza, reposicion"
4451-107-LE26,12.7134,8.0614,-1,Sin tema
4464-45-LE26,13.8532,3.8255,2,"ninos, provincial, rio, jose"
4469-205-L126,16.856,9.0047,-1,Sin tema
45-50-LE26,16.5532,4.8757,6,"alimentacion, break, alojamiento, com"
4556-35-LE26,11.0167,8.4903,3,"materiales, material, materiales construccion, proyecto"
4809-54-LE26,14.4187,6.7629,-1,Sin tema
4828-7-LE26,11.9886,9.1982,17,"laboratorio, cen, automotriz, panel"
4885-31-LE26,16.7625,7.6875,-1,Sin tema
4920-13-CO26,16.6979,8.5117,0,"mejoramiento, construccion, plaza, reposicion"
507428-130-LE26,10.0118,11.6927,25,"audiovisual, instrumentos, musica, audiovisuales"
5413-82-LR26,5.9209,2.9581,20,"protesis, removibles, instrumental, destinado"
545598-37-LE26,13.7178,8.0557,-1,Sin tema
5574-12-CO26,15.7719,12.4727,-1,Sin tema
557639-81-LE26,14.4147,7.5484,-1,Sin tema
5586-150-LE26,5.9141,2.9499,20,"protesis, removibles, instrumental, destinado"
564162-131-L126,12.4958,6.9054,11,"sol, solucion, solicitud, ecs"
5684-12-I226,13.3721,9.5883,29,"mantencion preventiva, preventiva, preventiva correctiva, correctiva"
584105-14-LP26,10.6624,9.8293,13,"electrico, electrica, electricos, sistema electrico"
5858-11-LP26,17.063,9.9055,-1,Sin tema
607-72-O126,16.9484,8.959,0,"mejoramiento, construccion, plaza, reposicion"
608-161-LP26,14.3074,6.783,-1,Sin tema
621-163-LR26,12.1344,6.7238,11,"sol, solucion, solicitud, ecs"
621-613-LR26,12.1209,6.5673,11,"sol, solucion, solicitud, ecs"
621-620-LR26,12.1257,6.6942,11,"sol, solucion, solicitud, ecs"
621-814-LP26,12.1908,6.5772,11,"sol, solucion, solicitud, ecs"
673-4-LE26,15.9098,8.797,-1,Sin tema
704093-100-O126,9.9209,6.9103,-1,Sin tema
707426-35-LP26,10.7615,9.7773,13,"electrico, electrica, electricos, sistema electrico"
745712-26-LE26,12.7006,7.3174,9,"insumos clinicos, upla, solicitud, clinicos"
788110-40-LP26,16.5621,6.7708,24,"farmacia, planta, farmacos, plantas"
813685-17-LE26,11.0907,8.4737,3,"materiales, material, materiales construccion, proyecto"
813-84-LP26,16.4676,10.6569,1,"produccion, habitabilidad, navidad, juguetes"
838108-15-LE26,16.8943,8.6309,0,"mejoramiento, construccion, plaza, reposicion"
885-92-LE26,16.7337,9.1755,-1,Sin tema
889473-61-LE26,12.8549,7.4689,-1,Sin tema
918434-15-L126,11.7619,8.8243,-1,Sin tema
938-37-LE26,12.7808,8.9378,-1,Sin tema
968695-6-LE26,15.4489,8.3904,0,"mejoramiento, construccion, plaza, reposicion"
